customerID,Churn,ChurnFlag,ChurnProbability,PredictedChurn,RiskBand,MonthlyCharges,MonthlyChargesAtRisk,tenure,Contract,PaymentMethod,InternetService,TechSupport,OnlineSecurity
7590-VHVEG,No,0,0.6439555932840153,Yes,High Risk,29.85,29.85,1,Month-to-month,Electronic check,DSL,No,No
5575-GNVDE,No,0,0.05245765976145426,No,Low Risk,56.95,0.0,34,One year,Mailed check,DSL,No,Yes
3668-QPYBK,Yes,1,0.3281073914238328,No,Medium Risk,53.85,0.0,2,Month-to-month,Mailed check,DSL,No,Yes
7795-CFOCW,No,0,0.051566166066127433,No,Low Risk,42.3,0.0,45,One year,Bank transfer (automatic),DSL,Yes,Yes
9237-HQITU,Yes,1,0.6703239316412379,Yes,High Risk,70.7,70.7,2,Month-to-month,Electronic check,Fiber optic,No,No
9305-CDSKC,Yes,1,0.7855232933935657,Yes,High Risk,99.65,99.65,8,Month-to-month,Electronic check,Fiber optic,No,No
1452-KIOVK,No,0,0.39904934790242674,No,Medium Risk,89.1,0.0,22,Month-to-month,Credit card (automatic),Fiber optic,No,No
6713-OKOMC,No,0,0.18605032054338544,No,Low Risk,29.75,0.0,10,Month-to-month,Mailed check,DSL,No,Yes
7892-POOKP,Yes,1,0.5633253345603957,Yes,Medium Risk,104.8,0.0,28,Month-to-month,Electronic check,Fiber optic,Yes,No
6388-TABGU,No,0,0.04590915279894372,No,Low Risk,56.15,0.0,62,One year,Bank transfer (automatic),DSL,No,Yes
9763-GRSKD,No,0,0.1753002408480543,No,Low Risk,49.95,0.0,13,Month-to-month,Mailed check,DSL,No,Yes
7469-LKBCI,No,0,0.03000982566520201,No,Low Risk,18.95,0.0,16,Two year,Credit card (automatic),No,No internet service,No internet service
8091-TTVAX,No,0,0.1886315682324716,No,Low Risk,100.35,0.0,58,One year,Credit card (automatic),Fiber optic,No,No
0280-XJGEX,Yes,1,0.42720409380217256,No,Medium Risk,103.7,0.0,49,Month-to-month,Bank transfer (automatic),Fiber optic,No,No
5129-JLPIS,No,0,0.4624279211955873,No,Medium Risk,105.5,0.0,25,Month-to-month,Electronic check,Fiber optic,Yes,Yes
3655-SNQYZ,No,0,0.05110599835945034,No,Low Risk,113.25,0.0,69,Two year,Credit card (automatic),Fiber optic,Yes,Yes
8191-XWSZG,No,0,0.03713218255245417,No,Low Risk,20.65,0.0,52,One year,Mailed check,No,No internet service,No internet service
9959-WOFKT,No,0,0.08049223419930443,No,Low Risk,106.7,0.0,71,Two year,Bank transfer (automatic),Fiber optic,No,Yes
4190-MFLUW,Yes,1,0.17464119238952205,No,Low Risk,55.2,0.0,10,Month-to-month,Credit card (automatic),DSL,Yes,No
4183-MYFRB,No,0,0.47560196377936215,No,Medium Risk,90.05,0.0,21,Month-to-month,Electronic check,Fiber optic,No,No
8779-QRDMV,Yes,1,0.8140329505945203,Yes,High Risk,39.65,39.65,1,Month-to-month,Electronic check,DSL,No,No
1680-VDCWW,No,0,0.055295591634267206,No,Low Risk,19.8,0.0,12,One year,Bank transfer (automatic),No,No internet service,No internet service
1066-JKSGK,Yes,1,0.29872100466145696,No,Low Risk,20.15,0.0,1,Month-to-month,Mailed check,No,No internet service,No internet service
3638-WEABW,No,0,0.036394018853275735,No,Low Risk,59.9,0.0,58,Two year,Credit card (automatic),DSL,Yes,No
6322-HRPFA,No,0,0.07112930664774138,No,Low Risk,59.6,0.0,49,Month-to-month,Credit card (automatic),DSL,Yes,Yes
6865-JZNKO,No,0,0.11553352463251876,No,Low Risk,55.3,0.0,30,Month-to-month,Bank transfer (automatic),DSL,No,Yes
6467-CHFZW,Yes,1,0.5079422285765662,Yes,Medium Risk,99.35,0.0,47,Month-to-month,Electronic check,Fiber optic,No,No
8665-UTDHZ,Yes,1,0.5652771909083832,Yes,Medium Risk,30.2,0.0,1,Month-to-month,Electronic check,DSL,No,No
5248-YGIJN,No,0,0.026776781786140343,No,Low Risk,90.25,0.0,72,Two year,Credit card (automatic),DSL,Yes,Yes
8773-HHUOZ,Yes,1,0.2556835163334784,No,Low Risk,64.7,0.0,17,Month-to-month,Mailed check,DSL,No,No
3841-NFECX,No,0,0.04518077742269422,No,Low Risk,96.35,0.0,71,Two year,Credit card (automatic),Fiber optic,Yes,Yes
4929-XIHVW,No,0,0.7524787777073242,Yes,High Risk,95.5,95.5,2,Month-to-month,Credit card (automatic),Fiber optic,No,No
6827-IEAUQ,No,0,0.03724704785791399,No,Low Risk,66.15,0.0,27,One year,Mailed check,DSL,Yes,Yes
7310-EGVHZ,No,0,0.29872100466145696,No,Low Risk,20.2,0.0,1,Month-to-month,Bank transfer (automatic),No,No internet service,No internet service
3413-BMNZE,No,0,0.5810378856310762,Yes,Medium Risk,45.25,0.0,1,Month-to-month,Bank transfer (automatic),DSL,No,No
6234-RAAPL,No,0,0.05263437609641558,No,Low Risk,99.9,0.0,72,Two year,Bank transfer (automatic),Fiber optic,Yes,Yes
6047-YHPVI,Yes,1,0.6534572742343966,Yes,High Risk,69.7,69.7,5,Month-to-month,Electronic check,Fiber optic,No,No
6572-ADKRS,No,0,0.2535941213369291,No,Low Risk,74.8,0.0,46,Month-to-month,Credit card (automatic),Fiber optic,No,No
5380-WJKOV,Yes,1,0.5740146475229408,Yes,Medium Risk,106.35,0.0,34,Month-to-month,Electronic check,Fiber optic,No,No
8168-UQWWF,Yes,1,0.6884903356710829,Yes,High Risk,97.85,97.85,11,Month-to-month,Bank transfer (automatic),Fiber optic,No,No
8865-TNMNX,No,0,0.10778147295848461,No,Low Risk,49.55,0.0,10,One year,Mailed check,DSL,No,No
9489-DEDVP,No,0,0.03865584412182455,No,Low Risk,69.2,0.0,70,Two year,Credit card (automatic),DSL,No,Yes
9867-JCZSP,No,0,0.04619150503289482,No,Low Risk,20.75,0.0,17,One year,Mailed check,No,No internet service,No internet service
4671-VJLCL,No,0,0.028361106487684355,No,Low Risk,79.85,0.0,63,Two year,Credit card (automatic),DSL,Yes,Yes
4080-IIARD,No,0,0.21933453657518187,No,Low Risk,76.2,0.0,13,Month-to-month,Electronic check,DSL,Yes,Yes
3714-NTNFO,No,0,0.42075852796814933,No,Medium Risk,84.5,0.0,49,Month-to-month,Electronic check,Fiber optic,No,No
5948-UJZLF,No,0,0.3926409304486177,No,Medium Risk,49.25,0.0,2,Month-to-month,Mailed check,DSL,No,No
7760-OYPDY,Yes,1,0.720529192408088,Yes,High Risk,80.65,80.65,2,Month-to-month,Electronic check,Fiber optic,No,No
7639-LIAYI,No,0,0.03971290003318397,No,Low Risk,79.75,0.0,52,Two year,Credit card (automatic),DSL,Yes,Yes
2954-PIBKO,No,0,0.027052482507484876,No,Low Risk,64.15,0.0,69,Two year,Credit card (automatic),DSL,Yes,Yes
8012-SOUDQ,No,0,0.47125686494738067,No,Medium Risk,90.25,0.0,43,Month-to-month,Electronic check,Fiber optic,No,No
9420-LOJKX,Yes,1,0.503740300411027,Yes,Medium Risk,99.1,0.0,15,Month-to-month,Credit card (automatic),Fiber optic,No,Yes
6575-SUVOI,No,0,0.16118471877612625,No,Low Risk,69.5,0.0,25,Month-to-month,Credit card (automatic),DSL,Yes,Yes
7495-OOKFY,Yes,1,0.595934901829714,Yes,Medium Risk,80.65,0.0,8,Month-to-month,Credit card (automatic),Fiber optic,No,No
4667-QONEA,No,0,0.0476200571757662,No,Low Risk,74.85,0.0,60,One year,Credit card (automatic),DSL,Yes,Yes
1658-BYGOY,Yes,1,0.653306529567185,Yes,High Risk,95.45,95.45,18,Month-to-month,Electronic check,Fiber optic,No,No
8769-KKTPH,No,0,0.15497331511282764,No,Low Risk,99.65,0.0,63,One year,Credit card (automatic),Fiber optic,No,Yes
5067-XJQFU,No,0,0.21296349475302218,No,Low Risk,108.45,0.0,66,One year,Electronic check,Fiber optic,Yes,No
3957-SQXML,No,0,0.025140281571952163,No,Low Risk,24.95,0.0,34,Two year,Credit card (automatic),No,No internet service,No internet service
5954-BDFSG,No,0,0.0845935492217651,No,Low Risk,107.5,0.0,72,Two year,Credit card (automatic),Fiber optic,Yes,No
0434-CSFON,No,0,0.5295292513024018,Yes,Medium Risk,100.5,0.0,47,Month-to-month,Electronic check,Fiber optic,No,No
1215-FIGMP,No,0,0.25803601615001265,No,Low Risk,89.9,0.0,60,Month-to-month,Bank transfer (automatic),Fiber optic,No,No
0526-SXDJP,No,0,0.031259904489863904,No,Low Risk,42.1,0.0,72,Two year,Bank transfer (automatic),DSL,No,Yes
0557-ASKVU,No,0,0.07251923116147549,No,Low Risk,54.4,0.0,18,One year,Credit card (automatic),DSL,Yes,No
5698-BQJOH,Yes,1,0.6599215022675149,Yes,High Risk,94.4,94.4,9,Month-to-month,Electronic check,Fiber optic,No,No
5122-CYFXA,No,0,0.41312850849696425,No,Medium Risk,75.3,0.0,3,Month-to-month,Electronic check,DSL,Yes,No
8627-ZYGSZ,No,0,0.15416277847557786,No,Low Risk,78.9,0.0,47,One year,Electronic check,Fiber optic,No,No
3410-YOQBQ,No,0,0.039161619999878015,No,Low Risk,79.2,0.0,31,Two year,Mailed check,DSL,Yes,No
3170-NMYVV,No,0,0.022063916656277653,No,Low Risk,20.15,0.0,50,Two year,Bank transfer (automatic),No,No internet service,No internet service
7410-OIEDU,No,0,0.40336038483282266,No,Medium Risk,79.85,0.0,10,Month-to-month,Mailed check,Fiber optic,No,Yes
2273-QCKXA,No,0,0.3908047729847458,No,Medium Risk,49.05,0.0,1,Month-to-month,Mailed check,DSL,Yes,No
0731-EBJQB,No,0,0.056062904363837145,No,Low Risk,20.4,0.0,52,One year,Electronic check,No,No internet service,No internet service
1891-QRQSA,No,0,0.07572689681547642,No,Low Risk,111.6,0.0,64,Two year,Bank transfer (automatic),Fiber optic,Yes,Yes
8028-PNXHQ,No,0,0.02357034535425262,No,Low Risk,24.25,0.0,62,Two year,Bank transfer (automatic),No,No internet service,No internet service
5630-AHZIL,No,0,0.2432864155844577,No,Low Risk,64.5,0.0,3,Month-to-month,Bank transfer (automatic),DSL,Yes,Yes
2673-CXQEU,No,0,0.23368109876889984,No,Low Risk,110.5,0.0,56,One year,Electronic check,Fiber optic,No,Yes
6416-JNVRK,No,0,0.0807852220147513,No,Low Risk,55.65,0.0,46,One year,Credit card (automatic),DSL,No,No
5590-ZSKRV,No,0,0.1402960455083741,No,Low Risk,54.65,0.0,8,Month-to-month,Mailed check,DSL,No,Yes
0191-ZHSKZ,No,0,0.2304356068455368,No,Low Risk,74.75,0.0,30,Month-to-month,Electronic check,DSL,No,Yes
3887-PBQAO,No,0,0.0463339487319688,No,Low Risk,25.9,0.0,45,One year,Credit card (automatic),No,No internet service,No internet service
5919-TMRGD,Yes,1,0.8328338147603935,Yes,High Risk,79.35,79.35,1,Month-to-month,Electronic check,Fiber optic,No,No
8108-UXRQN,No,0,0.26478512221719136,No,Low Risk,50.55,0.0,11,Month-to-month,Electronic check,DSL,No,Yes
9191-MYQKX,Yes,1,0.5270438288298726,Yes,Medium Risk,75.15,0.0,7,Month-to-month,Bank transfer (automatic),Fiber optic,No,No
9919-YLNNG,No,0,0.3706025297608136,No,Medium Risk,103.8,0.0,42,Month-to-month,Bank transfer (automatic),Fiber optic,Yes,No
0318-ZOPWS,No,0,0.024218918134780353,No,Low Risk,20.15,0.0,49,Two year,Bank transfer (automatic),No,No internet service,No internet service
4445-ZJNMU,No,0,0.6956703867637738,Yes,High Risk,99.3,99.3,9,Month-to-month,Credit card (automatic),Fiber optic,No,No
4808-YNLEU,No,0,0.0796824355674787,No,Low Risk,62.15,0.0,35,One year,Bank transfer (automatic),DSL,No,Yes
1862-QRWPE,No,0,0.022063916656277653,No,Low Risk,20.65,0.0,48,Two year,Bank transfer (automatic),No,No internet service,No internet service
2796-NNUFI,No,0,0.023509376239516242,No,Low Risk,19.95,0.0,46,Two year,Mailed check,No,No internet service,No internet service
3016-KSVCP,No,0,0.19176625812374287,No,Low Risk,33.75,0.0,29,Month-to-month,Mailed check,DSL,No,No
4767-HZZHQ,No,0,0.247387962556621,No,Low Risk,82.05,0.0,30,Month-to-month,Bank transfer (automatic),Fiber optic,No,No
2424-WVHPL,No,0,0.6802455784550095,Yes,High Risk,74.7,74.7,1,Month-to-month,Electronic check,Fiber optic,Yes,No
7233-PAHHL,No,0,0.03353923232574514,No,Low Risk,84.0,0.0,66,Two year,Mailed check,DSL,Yes,Yes
6067-NGCEU,No,0,0.29445896717598635,No,Low Risk,111.05,0.0,65,Month-to-month,Credit card (automatic),Fiber optic,No,Yes
9848-JQJTX,No,0,0.09524782543052387,No,Low Risk,100.9,0.0,72,Two year,Bank transfer (automatic),Fiber optic,No,No
8637-XJIVR,Yes,1,0.523491997426994,Yes,Medium Risk,78.95,0.0,12,Month-to-month,Electronic check,Fiber optic,No,Yes
9803-FTJCG,No,0,0.03665444795175973,No,Low Risk,66.85,0.0,71,One year,Credit card (automatic),DSL,Yes,Yes
0278-YXOOG,Yes,1,0.14575567919699448,No,Low Risk,21.05,0.0,5,Month-to-month,Mailed check,No,No internet service,No internet service
3212-KXOCR,No,0,0.022188061443804846,No,Low Risk,21.0,0.0,52,Two year,Bank transfer (automatic),No,No internet service,No internet service
4598-XLKNJ,Yes,1,0.5914881689646819,Yes,Medium Risk,98.5,0.0,25,Month-to-month,Electronic check,Fiber optic,No,No
6380-ARCEH,No,0,0.29872100466145696,No,Low Risk,20.2,0.0,1,Month-to-month,Mailed check,No,No internet service,No internet service
3679-XASPY,No,0,0.3315238981683396,No,Medium Risk,19.45,0.0,1,Month-to-month,Electronic check,No,No internet service,No internet service
7123-WQUHX,No,0,0.1365217856615228,No,Low Risk,95.0,0.0,38,One year,Bank transfer (automatic),Fiber optic,Yes,No
5386-THSLQ,No,0,0.08772192296350702,No,Low Risk,45.55,0.0,66,One year,Bank transfer (automatic),DSL,No,No
3192-NQECA,Yes,1,0.09388707619571746,No,Low Risk,110.0,0.0,68,Two year,Bank transfer (automatic),Fiber optic,Yes,No
6180-YBIQI,No,0,0.402024441356286,No,Medium Risk,24.3,0.0,5,Month-to-month,Mailed check,DSL,No,No
6728-DKUCO,No,0,0.1925604817500228,No,Low Risk,104.15,0.0,72,One year,Electronic check,Fiber optic,No,Yes
9750-BOOHV,No,0,0.06769817201541617,No,Low Risk,30.15,0.0,32,One year,Mailed check,DSL,No,Yes
8597-CWYHH,No,0,0.18620769378342927,No,Low Risk,94.35,0.0,43,One year,Mailed check,Fiber optic,No,No
2848-YXSMW,No,0,0.018159855412516312,No,Low Risk,19.4,0.0,72,Two year,Credit card (automatic),No,No internet service,No internet service
0486-HECZI,Yes,1,0.34996477376459373,No,Medium Risk,96.75,0.0,55,Month-to-month,Electronic check,Fiber optic,No,Yes
4549-ZDQYY,No,0,0.04345297282518478,No,Low Risk,57.95,0.0,52,One year,Credit card (automatic),DSL,Yes,Yes
5712-AHQNN,No,0,0.3863928298181755,No,Medium Risk,91.65,0.0,43,Month-to-month,Electronic check,Fiber optic,No,No
4846-WHAFZ,Yes,1,0.5205617697587427,Yes,Medium Risk,76.5,0.0,37,Month-to-month,Electronic check,Fiber optic,No,No
5256-SKJGO,No,0,0.05776724933070622,No,Low Risk,54.6,0.0,64,Two year,Electronic check,DSL,Yes,No
3071-VBYPO,No,0,0.44418387667409626,No,Medium Risk,89.85,0.0,3,Month-to-month,Electronic check,Fiber optic,No,Yes
9560-BBZXK,No,0,0.04219494176738063,No,Low Risk,31.05,0.0,36,Two year,Bank transfer (automatic),DSL,No,Yes
5299-RULOA,Yes,1,0.6932073013137161,Yes,High Risk,100.25,100.25,10,Month-to-month,Electronic check,Fiber optic,No,Yes
8402-OOOHJ,No,0,0.022188061443804846,No,Low Risk,20.65,0.0,41,Two year,Mailed check,No,No internet service,No internet service
9445-ZUEQE,No,0,0.2798167166665628,No,Low Risk,85.2,0.0,27,Month-to-month,Credit card (automatic),Fiber optic,Yes,No
1091-SOZGA,No,0,0.2037812528505554,No,Low Risk,99.8,0.0,56,One year,Credit card (automatic),Fiber optic,No,No
2928-HLDBA,No,0,0.10347861186483555,No,Low Risk,20.7,0.0,6,Month-to-month,Mailed check,No,No internet service,No internet service
0404-SWRVG,Yes,1,0.7119176124462673,Yes,High Risk,74.4,74.4,3,Month-to-month,Electronic check,Fiber optic,No,No
6497-TILVL,No,0,0.16652481356068413,No,Low Risk,50.7,0.0,7,Month-to-month,Mailed check,DSL,No,Yes
7219-TLZHO,No,0,0.14504271361941282,No,Low Risk,20.85,0.0,4,Month-to-month,Mailed check,No,No internet service,No internet service
4622-YNKIJ,No,0,0.08387014860228878,No,Low Risk,88.95,0.0,33,Two year,Electronic check,Fiber optic,Yes,Yes
4412-YLTKF,Yes,1,0.5205617697587427,Yes,Medium Risk,78.05,0.0,27,Month-to-month,Electronic check,Fiber optic,No,No
6734-PSBAW,No,0,0.02129033284753065,No,Low Risk,23.55,0.0,72,Two year,Bank transfer (automatic),No,No internet service,No internet service
3930-ZGWVE,No,0,0.29872100466145696,No,Low Risk,19.75,0.0,1,Month-to-month,Mailed check,No,No internet service,No internet service
2639-UGMAZ,No,0,0.09915166606249176,No,Low Risk,56.45,0.0,71,One year,Electronic check,DSL,No,Yes
2876-GZYZC,No,0,0.6650951693311008,Yes,High Risk,85.95,85.95,13,Month-to-month,Electronic check,Fiber optic,No,No
6207-WIOLX,Yes,1,0.18231700334309683,No,Low Risk,58.6,0.0,25,Month-to-month,Credit card (automatic),DSL,No,Yes
8587-XYZSF,No,0,0.032012814254738266,No,Low Risk,50.55,0.0,67,Two year,Bank transfer (automatic),DSL,Yes,No
3091-FYHKI,Yes,1,0.703217984060932,Yes,High Risk,35.45,35.45,1,Month-to-month,Electronic check,DSL,No,No
2372-HWUHI,Yes,1,0.47193797387130487,No,Medium Risk,44.35,0.0,2,Month-to-month,Electronic check,DSL,No,No
7799-LGRDP,No,0,0.03120429301189386,No,Low Risk,25.7,0.0,43,Two year,Credit card (automatic),No,No internet service,No internet service
7850-VWJUU,No,0,0.2577067218172438,No,Low Risk,75.0,0.0,23,Month-to-month,Bank transfer (automatic),Fiber optic,No,Yes
3774-VBNXY,No,0,0.020720675767412843,No,Low Risk,20.2,0.0,64,Two year,Mailed check,No,No internet service,No internet service
6217-KDYWC,No,0,0.022942228916719116,No,Low Risk,19.6,0.0,57,Two year,Mailed check,No,No internet service,No internet service
0390-DCFDQ,Yes,1,0.8019135364438731,Yes,High Risk,70.45,70.45,1,Month-to-month,Mailed check,Fiber optic,No,No
3146-MSEGF,No,0,0.026444179197019392,No,Low Risk,88.05,0.0,72,Two year,Credit card (automatic),DSL,Yes,Yes
4080-OGPJL,Yes,1,0.18868469734497972,No,Low Risk,71.15,0.0,8,Month-to-month,Electronic check,DSL,Yes,Yes
1095-WGNGG,No,0,0.11098505350725567,No,Low Risk,101.05,0.0,61,Two year,Bank transfer (automatic),Fiber optic,No,No
2636-SJDOU,No,0,0.0718327573674738,No,Low Risk,84.3,0.0,64,One year,Credit card (automatic),Fiber optic,No,Yes
1131-QQZEB,No,0,0.02325211813512593,No,Low Risk,23.95,0.0,71,Two year,Bank transfer (automatic),No,No internet service,No internet service
5716-EZXZN,No,0,0.06080310108013351,No,Low Risk,99.05,0.0,65,Two year,Credit card (automatic),Fiber optic,Yes,Yes
6837-BJYDQ,No,0,0.08824951375892887,No,Low Risk,19.6,0.0,3,One year,Mailed check,No,No internet service,No internet service
2135-RXIHG,Yes,1,0.647369152282393,Yes,High Risk,45.65,45.65,1,Month-to-month,Electronic check,DSL,No,No
6440-DKQGE,No,0,0.06863270155977852,No,Low Risk,64.5,0.0,30,One year,Credit card (automatic),DSL,No,No
3466-BYAVD,No,0,0.18244142256562343,No,Low Risk,69.5,0.0,15,Month-to-month,Mailed check,DSL,Yes,No
3780-YVMFA,No,0,0.31661569219449776,No,Medium Risk,68.55,0.0,8,Month-to-month,Electronic check,DSL,Yes,No
3874-EQOEP,Yes,1,0.6152465961135062,Yes,High Risk,95.0,95.0,7,Month-to-month,Mailed check,Fiber optic,No,No
1679-JRFBR,No,0,0.1587388459078954,No,Low Risk,108.15,0.0,70,One year,Credit card (automatic),Fiber optic,No,Yes
9073-ZZIAY,No,0,0.03573968026781182,No,Low Risk,86.1,0.0,62,Two year,Electronic check,DSL,Yes,Yes
3077-RSNTJ,No,0,0.10294752311383841,No,Low Risk,19.7,0.0,6,Month-to-month,Mailed check,No,No internet service,No internet service
6551-GNYDG,No,0,0.4927774353516376,No,Medium Risk,80.9,0.0,14,Month-to-month,Bank transfer (automatic),Fiber optic,No,No
9167-APMXZ,No,0,0.4356779691510409,No,Medium Risk,84.15,0.0,22,Month-to-month,Bank transfer (automatic),Fiber optic,No,No
2749-CTKAJ,No,0,0.04105469349653117,No,Low Risk,20.15,0.0,22,One year,Mailed check,No,No internet service,No internet service
6371-NZYEG,No,0,0.05222834872908509,No,Low Risk,64.25,0.0,16,Two year,Mailed check,DSL,No,Yes
7554-NEWDD,No,0,0.03829329394042456,No,Low Risk,25.7,0.0,10,Two year,Bank transfer (automatic),No,No internet service,No internet service
8992-VONJD,No,0,0.21041729294107817,No,Low Risk,56.0,0.0,13,Month-to-month,Electronic check,DSL,No,Yes
0867-MKZVY,Yes,1,0.35317915354354895,No,Medium Risk,82.4,0.0,20,Month-to-month,Electronic check,Fiber optic,No,Yes
4482-EWFMI,No,0,0.6703239316412379,Yes,High Risk,69.7,69.7,2,Month-to-month,Electronic check,Fiber optic,No,No
4648-YPBTM,No,0,0.04197385821232524,No,Low Risk,73.9,0.0,53,Two year,Bank transfer (automatic),DSL,Yes,No
2907-ILJBN,No,0,0.05499662513403321,No,Low Risk,20.6,0.0,11,One year,Mailed check,No,No internet service,No internet service
6345-FZOQH,No,0,0.020837423718393398,No,Low Risk,19.9,0.0,69,Two year,Mailed check,No,No internet service,No internet service
3376-BMGFE,Yes,1,0.6065023758185168,Yes,High Risk,70.9,70.9,4,Month-to-month,Bank transfer (automatic),Fiber optic,No,No
5997-OPVFA,No,0,0.026776781786140343,No,Low Risk,89.05,0.0,72,Two year,Bank transfer (automatic),DSL,Yes,Yes
3445-HXXGF,Yes,1,0.2896246063211091,No,Low Risk,45.3,0.0,58,Month-to-month,Electronic check,DSL,No,No
1159-WFSGR,No,0,0.12323914319337016,No,Low Risk,20.4,0.0,16,Month-to-month,Electronic check,No,No internet service,No internet service
7654-YWJUF,No,0,0.07479825793194729,No,Low Risk,84.25,0.0,43,One year,Bank transfer (automatic),Fiber optic,Yes,Yes
1875-QIVME,Yes,1,0.7903983523850693,Yes,High Risk,104.4,104.4,2,Month-to-month,Electronic check,Fiber optic,Yes,No
6727-IOTLZ,No,0,0.05748381707985076,No,Low Risk,81.95,0.0,14,Two year,Mailed check,DSL,Yes,No
0691-JVSYA,Yes,1,0.16569682297636248,No,Low Risk,94.85,0.0,53,One year,Bank transfer (automatic),Fiber optic,No,No
5918-VUKWP,No,0,0.03713218255245417,No,Low Risk,20.55,0.0,32,One year,Bank transfer (automatic),No,No internet service,No internet service
1744-JHKYS,No,0,0.10684291791962414,No,Low Risk,24.7,0.0,34,Month-to-month,Electronic check,No,No internet service,No internet service
2656-FMOKZ,Yes,1,0.565491507676879,Yes,Medium Risk,74.45,0.0,15,Month-to-month,Mailed check,Fiber optic,No,No
2070-FNEXE,Yes,1,0.37949674455022736,No,Medium Risk,76.45,0.0,7,Month-to-month,Bank transfer (automatic),Fiber optic,No,Yes
5947-SGKCL,No,0,0.6427035807352247,Yes,High Risk,105.35,105.35,15,Month-to-month,Bank transfer (automatic),Fiber optic,No,No
3712-PKXZA,No,0,0.03642301575655164,No,Low Risk,20.55,0.0,61,One year,Credit card (automatic),No,No internet service,No internet service
6317-YPKDH,Yes,1,0.523784046914138,Yes,Medium Risk,29.95,0.0,1,Month-to-month,Bank transfer (automatic),DSL,No,No
6582-OIVSP,No,0,0.512196654971884,Yes,Medium Risk,45.3,0.0,1,Month-to-month,Mailed check,DSL,No,No
9367-WXLCH,Yes,1,0.5484320280617601,Yes,Medium Risk,84.5,0.0,8,Month-to-month,Bank transfer (automatic),Fiber optic,No,No
5524-KHNJP,No,0,0.07354472426428245,No,Low Risk,74.75,0.0,33,One year,Credit card (automatic),DSL,No,Yes
1918-ZBFQJ,Yes,1,0.5328057488956665,Yes,Medium Risk,79.25,0.0,13,Month-to-month,Electronic check,Fiber optic,No,No
1024-GUALD,Yes,1,0.6801605387709504,Yes,High Risk,24.8,24.8,1,Month-to-month,Electronic check,DSL,No,No
4827-USJHP,No,0,0.17580789133996977,No,Low Risk,51.8,0.0,20,Month-to-month,Mailed check,DSL,No,No
8167-GJLRN,No,0,0.3965832861180632,No,Medium Risk,30.4,0.0,3,Month-to-month,Electronic check,DSL,Yes,No
0956-SYCWG,No,0,0.0698123705198876,No,Low Risk,19.65,0.0,13,One year,Electronic check,No,No internet service,No internet service
8017-UVSZU,No,0,0.1527227078423398,No,Low Risk,56.6,0.0,40,Month-to-month,Credit card (automatic),DSL,No,No
7100-FQPRV,No,0,0.0716171138391932,No,Low Risk,71.9,0.0,43,One year,Credit card (automatic),DSL,Yes,Yes
2472-OVKUP,Yes,1,0.6399818872610159,Yes,High Risk,91.0,91.0,6,Month-to-month,Electronic check,Fiber optic,No,No
2984-RGEYA,No,0,0.020720675767412843,No,Low Risk,19.75,0.0,69,Two year,Bank transfer (automatic),No,No internet service,No internet service
9680-NIAUV,No,0,0.05411590439503924,No,Low Risk,109.7,0.0,72,Two year,Credit card (automatic),Fiber optic,No,Yes
2146-EGVDT,No,0,0.021530871166499266,No,Low Risk,19.3,0.0,59,Two year,Credit card (automatic),No,No internet service,No internet service
2604-IJPDU,No,0,0.38921606740342285,No,Medium Risk,96.55,0.0,20,Month-to-month,Electronic check,Fiber optic,Yes,Yes
9178-JHUVJ,No,0,0.03355528385590835,No,Low Risk,24.1,0.0,24,Two year,Bank transfer (automatic),No,No internet service,No internet service
6168-YBYNP,No,0,0.43491796160126195,No,Medium Risk,111.35,0.0,59,Month-to-month,Electronic check,Fiber optic,Yes,No
7255-SSFBC,No,0,0.05534225706629641,No,Low Risk,112.25,0.0,72,Two year,Bank transfer (automatic),Fiber optic,Yes,No
3645-DEYGF,No,0,0.29752040522897016,No,Low Risk,20.75,0.0,1,Month-to-month,Mailed check,No,No internet service,No internet service
9323-HGFWY,No,0,0.1933023547226725,No,Low Risk,101.9,0.0,27,One year,Credit card (automatic),Fiber optic,Yes,Yes
8544-GOQSH,No,0,0.3686681694404659,No,Medium Risk,80.05,0.0,14,Month-to-month,Credit card (automatic),Fiber optic,Yes,No
3363-DTIVD,No,0,0.10825891833360732,No,Low Risk,105.55,0.0,71,Two year,Electronic check,Fiber optic,No,Yes
7018-WBJNK,No,0,0.48207440768853604,No,Medium Risk,78.3,0.0,13,Month-to-month,Credit card (automatic),Fiber optic,No,No
9142-KZXOP,No,0,0.24935076010328,No,Low Risk,68.85,0.0,44,Month-to-month,Credit card (automatic),Fiber optic,No,No
7674-YTAFD,No,0,0.10206171497381239,No,Low Risk,79.95,0.0,33,One year,Bank transfer (automatic),Fiber optic,Yes,No
6348-SNFUS,No,0,0.022886220555899558,No,Low Risk,55.45,0.0,72,Two year,Credit card (automatic),DSL,Yes,Yes
1285-OKIPP,Yes,1,0.774090400252101,Yes,High Risk,79.9,79.9,1,Month-to-month,Electronic check,Fiber optic,No,No
7825-ECJRF,Yes,1,0.4924545558050253,No,Medium Risk,106.6,0.0,19,Month-to-month,Electronic check,Fiber optic,Yes,Yes
1347-KTTTA,No,0,0.14584593981747912,No,Low Risk,102.45,0.0,64,One year,Credit card (automatic),Fiber optic,Yes,No
7841-TZDMQ,Yes,1,0.5212198416755857,Yes,Medium Risk,46.0,0.0,2,Month-to-month,Credit card (automatic),DSL,No,No
4195-NZGTA,No,0,0.5875009171771315,Yes,Medium Risk,25.25,0.0,1,Month-to-month,Electronic check,DSL,No,No
7157-SMCFK,No,0,0.020720675767412843,No,Low Risk,19.75,0.0,61,Two year,Mailed check,No,No internet service,No internet service
4709-LKHYG,No,0,0.048979363580632033,No,Low Risk,20.0,0.0,29,One year,Electronic check,No,No internet service,No internet service
2504-DSHIH,No,0,0.4826919107540127,No,Medium Risk,86.8,0.0,23,Month-to-month,Electronic check,Fiber optic,No,No
0699-NDKJM,No,0,0.1482520125602216,No,Low Risk,58.75,0.0,57,Month-to-month,Bank transfer (automatic),DSL,No,Yes
9286-BHDQG,No,0,0.021166144844320257,No,Low Risk,45.25,0.0,72,Two year,Credit card (automatic),DSL,Yes,Yes
0230-WEQUW,No,0,0.028086999141205275,No,Low Risk,56.6,0.0,66,Two year,Bank transfer (automatic),DSL,Yes,Yes
2040-LDIWQ,No,0,0.04031851491869811,No,Low Risk,84.2,0.0,65,Two year,Bank transfer (automatic),DSL,Yes,No
6496-JDSSB,No,0,0.5595843371764148,Yes,Medium Risk,80.0,0.0,8,Month-to-month,Bank transfer (automatic),Fiber optic,No,No
9408-SSNVZ,Yes,1,0.6534572742343966,Yes,High Risk,70.15,70.15,4,Month-to-month,Electronic check,Fiber optic,No,No
4443-EMBNA,No,0,0.02038926741407629,No,Low Risk,24.75,0.0,71,Two year,Bank transfer (automatic),No,No internet service,No internet service
6469-MRVET,No,0,0.24897082935586493,No,Low Risk,20.2,0.0,1,One year,Electronic check,No,No internet service,No internet service
0742-MOABM,Yes,1,0.26489914147833826,No,Low Risk,50.05,0.0,4,Month-to-month,Mailed check,DSL,Yes,No
5961-VUSRV,No,0,0.06776162124440625,No,Low Risk,19.35,0.0,12,One year,Bank transfer (automatic),No,No internet service,No internet service
6778-JFCMK,No,0,0.11824805951824482,No,Low Risk,50.6,0.0,24,One year,Mailed check,DSL,No,Yes
6341-JVQGF,No,0,0.07127795582722028,No,Low Risk,81.15,0.0,31,One year,Mailed check,DSL,Yes,Yes
2232-DMLXU,Yes,1,0.5810873926423388,Yes,Medium Risk,55.2,0.0,1,Month-to-month,Mailed check,DSL,No,No
4811-JBUVU,No,0,0.3386386954908925,No,Medium Risk,89.9,0.0,30,Month-to-month,Credit card (automatic),Fiber optic,Yes,No
0945-TSONX,No,0,0.03434791585059977,No,Low Risk,85.3,0.0,47,Two year,Credit card (automatic),DSL,Yes,Yes
2651-ZCBXV,No,0,0.08928826964913562,No,Low Risk,108.0,0.0,54,Two year,Credit card (automatic),Fiber optic,Yes,Yes
3316-UWXUY,No,0,0.1546250712894441,No,Low Risk,93.5,0.0,50,Month-to-month,Credit card (automatic),Fiber optic,Yes,Yes
8937-RDTHP,Yes,1,0.7349042527454068,Yes,High Risk,84.6,84.6,1,Month-to-month,Mailed check,Fiber optic,No,Yes
7083-MIOPC,No,0,0.01826244383159915,No,Low Risk,20.25,0.0,72,Two year,Credit card (automatic),No,No internet service,No internet service
1984-GPTEH,No,0,0.10684291791962414,No,Low Risk,25.15,0.0,29,Month-to-month,Electronic check,No,No internet service,No internet service
1251-KRREG,Yes,1,0.518834084234479,Yes,Medium Risk,54.4,0.0,2,Month-to-month,Mailed check,DSL,No,No
0621-JFHOL,No,0,0.08505342768977182,No,Low Risk,29.6,0.0,10,Two year,Mailed check,DSL,Yes,No
9903-LYSAB,No,0,0.5182014503602987,Yes,Medium Risk,73.15,0.0,18,Month-to-month,Electronic check,Fiber optic,No,No
0094-OIFMO,Yes,1,0.6416933244209232,Yes,High Risk,95.0,95.0,11,Month-to-month,Electronic check,Fiber optic,No,No
9227-UAQFT,No,0,0.03000982566520201,No,Low Risk,19.75,0.0,16,Two year,Mailed check,No,No internet service,No internet service
7301-ABVAD,No,0,0.03479781468920816,No,Low Risk,86.6,0.0,72,Two year,Bank transfer (automatic),DSL,Yes,No
6614-FHDBO,No,0,0.05478957710312918,No,Low Risk,109.2,0.0,72,Two year,Bank transfer (automatic),Fiber optic,Yes,No
7576-ASEJU,No,0,0.07544687553780624,No,Low Risk,74.7,0.0,41,One year,Credit card (automatic),DSL,Yes,Yes
9058-HRZSV,No,0,0.2222534801357923,No,Low Risk,94.4,0.0,65,Month-to-month,Electronic check,Fiber optic,No,Yes
4522-AKYLR,No,0,0.3383880324625653,No,Medium Risk,54.8,0.0,13,Month-to-month,Electronic check,DSL,No,No
0221-WMXNQ,No,0,0.4608976407541783,No,Medium Risk,75.35,0.0,4,Month-to-month,Electronic check,Fiber optic,No,Yes
0303-UNCIP,No,0,0.09765856787590647,No,Low Risk,65.0,0.0,41,One year,Mailed check,DSL,No,No
9947-OTFQU,Yes,1,0.55185842577314,Yes,Medium Risk,74.4,0.0,15,Month-to-month,Electronic check,Fiber optic,No,No
0322-YINQP,Yes,1,0.4824560438136038,No,Medium Risk,48.55,0.0,1,Month-to-month,Mailed check,DSL,No,Yes
0959-WHOKV,No,0,0.2376426317589865,No,Low Risk,99.0,0.0,42,One year,Electronic check,Fiber optic,No,Yes
4075-JFPGR,No,0,0.11283107390511106,No,Low Risk,93.5,0.0,51,One year,Electronic check,Fiber optic,No,Yes
4629-NRXKX,Yes,1,0.5756591598730795,Yes,Medium Risk,70.4,0.0,2,Month-to-month,Electronic check,Fiber optic,No,No
9514-JDSKI,Yes,1,0.6979368587840921,Yes,High Risk,40.2,40.2,1,Month-to-month,Electronic check,DSL,No,No
3282-ZISZV,No,0,0.08042054102170328,No,Low Risk,83.7,0.0,32,One year,Credit card (automatic),DSL,Yes,No
3675-YDUPJ,No,0,0.12306381547305874,No,Low Risk,19.85,0.0,10,Month-to-month,Mailed check,No,No internet service,No internet service
4111-BNXIF,No,0,0.05776724933070622,No,Low Risk,59.55,0.0,67,Two year,Electronic check,DSL,Yes,No
7017-VFHAY,No,0,0.07228536500188212,No,Low Risk,115.1,0.0,61,Two year,Credit card (automatic),Fiber optic,Yes,Yes
6655-LHBYW,No,0,0.1540054493070544,No,Low Risk,114.35,0.0,50,One year,Credit card (automatic),Fiber optic,Yes,Yes
4959-JOSRX,Yes,1,0.5212198416755857,Yes,Medium Risk,44.6,0.0,2,Month-to-month,Credit card (automatic),DSL,No,No
5046-NUHWD,No,0,0.2679123167833427,No,Low Risk,45.0,0.0,29,Month-to-month,Electronic check,DSL,No,Yes
7273-TEFQD,Yes,1,0.6276787503065675,Yes,High Risk,41.15,41.15,3,Month-to-month,Electronic check,DSL,No,No
3606-TWKGI,Yes,1,0.7577206074620099,Yes,High Risk,106.9,106.9,13,Month-to-month,Electronic check,Fiber optic,No,No
7529-ZDFXI,No,0,0.39230021696107237,No,Medium Risk,89.85,0.0,57,Month-to-month,Electronic check,Fiber optic,No,No
7605-BDWDC,No,0,0.03466969110004709,No,Low Risk,49.85,0.0,31,Two year,Bank transfer (automatic),DSL,Yes,Yes
1950-KSVVJ,No,0,0.1540054493070544,No,Low Risk,113.3,0.0,45,One year,Mailed check,Fiber optic,Yes,Yes
0123-CRBRT,No,0,0.02995046707021609,No,Low Risk,88.1,0.0,61,Two year,Mailed check,DSL,Yes,Yes
6292-TOSSS,No,0,0.02528128834911229,No,Low Risk,24.9,0.0,50,Two year,Bank transfer (automatic),No,No internet service,No internet service
3197-ARFOY,No,0,0.39913584918812334,No,Medium Risk,105.0,0.0,19,Month-to-month,Mailed check,Fiber optic,Yes,Yes
6323-AYBRX,Yes,1,0.021652083126167454,No,Low Risk,19.35,0.0,59,Two year,Mailed check,No,No internet service,No internet service
7014-ZZXAW,No,0,0.02129033284753065,No,Low Risk,24.25,0.0,71,Two year,Credit card (automatic),No,No internet service,No internet service
4385-GZQXV,Yes,1,0.6091626721228002,Yes,High Risk,94.45,94.45,16,Month-to-month,Electronic check,Fiber optic,Yes,No
7633-MVPUY,No,0,0.034645164638697996,No,Low Risk,59.75,0.0,57,Two year,Electronic check,DSL,Yes,Yes
6366-ZGQGL,Yes,1,0.5408627825360997,Yes,Medium Risk,24.8,0.0,1,Month-to-month,Bank transfer (automatic),DSL,No,No
4716-HHKQH,No,0,0.5633881157510455,Yes,Medium Risk,107.05,0.0,20,Month-to-month,Electronic check,Fiber optic,Yes,No
5940-AHUHD,Yes,1,0.7024547306130401,Yes,High Risk,70.6,70.6,1,Month-to-month,Mailed check,Fiber optic,No,No
6432-TWQLB,Yes,1,0.6287633776532664,Yes,High Risk,85.4,85.4,5,Month-to-month,Electronic check,Fiber optic,Yes,No
4484-GLZOU,Yes,1,0.5278154234838514,Yes,Medium Risk,105.05,0.0,52,Month-to-month,Electronic check,Fiber optic,No,No
3179-GBRWV,No,0,0.1724970107804261,No,Low Risk,64.95,0.0,21,Month-to-month,Bank transfer (automatic),DSL,No,Yes
8645-KWHJO,No,0,0.3666456982819348,No,Medium Risk,55.0,0.0,14,Month-to-month,Electronic check,DSL,Yes,No
4130-MZLCC,No,0,0.3036232540693233,No,Medium Risk,50.55,0.0,5,Month-to-month,Bank transfer (automatic),DSL,No,No
0314-TKOSI,No,0,0.1458962603874132,No,Low Risk,55.15,0.0,6,Month-to-month,Mailed check,DSL,No,Yes
8229-MYEJZ,No,0,0.25497623521704343,No,Low Risk,51.2,0.0,10,Month-to-month,Electronic check,DSL,No,No
2080-SRCDE,No,0,0.30328067557184435,No,Medium Risk,25.4,0.0,1,Month-to-month,Mailed check,No,No internet service,No internet service
9577-WJVCQ,No,0,0.10862320221195097,No,Low Risk,54.45,0.0,68,Month-to-month,Mailed check,DSL,No,Yes
9512-UIBFX,Yes,1,0.36034208492045183,No,Medium Risk,95.15,0.0,18,Month-to-month,Mailed check,Fiber optic,No,No
6202-DYYFX,No,0,0.1709156457162191,No,Low Risk,76.0,0.0,22,One year,Credit card (automatic),Fiber optic,No,No
3808-HFKDE,No,0,0.2854792609290753,No,Low Risk,44.35,0.0,20,Month-to-month,Electronic check,DSL,No,No
5583-SXDAG,Yes,1,0.7343580511959091,Yes,High Risk,70.0,70.0,1,Month-to-month,Electronic check,Fiber optic,No,No
3488-PGMQJ,Yes,1,0.5878405588182269,Yes,Medium Risk,74.5,0.0,8,Month-to-month,Electronic check,Fiber optic,No,No
3580-REOAC,Yes,1,0.2978699273522017,No,Low Risk,44.85,0.0,10,Month-to-month,Credit card (automatic),DSL,No,No
7534-BFESC,Yes,1,0.5353298600507407,Yes,Medium Risk,76.1,0.0,24,Month-to-month,Electronic check,Fiber optic,No,No
3727-OWVYD,No,0,0.049755254863504975,No,Low Risk,61.2,0.0,35,One year,Mailed check,DSL,No,Yes
2294-SALNE,No,0,0.08533372880873188,No,Low Risk,86.8,0.0,23,One year,Mailed check,Fiber optic,Yes,No
4847-TAJYI,No,0,0.7200926621179927,Yes,High Risk,89.35,89.35,6,Month-to-month,Electronic check,Fiber optic,No,No
1563-IWQEX,No,0,0.09930474927834759,No,Low Risk,19.7,0.0,12,Month-to-month,Mailed check,No,No internet service,No internet service
8203-XJZRC,No,0,0.29872100466145696,No,Low Risk,20.25,0.0,1,Month-to-month,Mailed check,No,No internet service,No internet service
6556-DBKZF,No,0,0.06239276044261777,No,Low Risk,76.05,0.0,71,Two year,Electronic check,Fiber optic,No,No
6851-WEFYX,No,0,0.6004246203234568,Yes,High Risk,100.8,100.8,35,Month-to-month,Electronic check,Fiber optic,No,No
2985-JUUBZ,No,0,0.34687461865269603,No,Medium Risk,74.55,0.0,40,Month-to-month,Electronic check,DSL,No,No
6390-DSAZX,Yes,1,0.6703021622268996,Yes,High Risk,73.6,73.6,1,Month-to-month,Mailed check,Fiber optic,No,Yes
0895-LMRSF,No,0,0.12241385350558975,No,Low Risk,64.9,0.0,23,One year,Bank transfer (automatic),DSL,No,No
8098-LLAZX,Yes,1,0.8024833092642605,Yes,High Risk,95.45,95.45,4,Month-to-month,Electronic check,Fiber optic,No,No
8266-VBFQL,No,0,0.6388619174304383,Yes,High Risk,90.4,90.4,4,Month-to-month,Electronic check,Fiber optic,Yes,No
8181-YHCMF,No,0,0.038685600455756884,No,Low Risk,60.3,0.0,68,Two year,Credit card (automatic),DSL,Yes,No
2240-HSJQD,No,0,0.31516991378491305,No,Medium Risk,81.85,0.0,38,Month-to-month,Mailed check,Fiber optic,No,No
1248-DYXUB,No,0,0.025140281571952163,No,Low Risk,24.8,0.0,52,Two year,Mailed check,No,No internet service,No internet service
0265-EDXBD,Yes,1,0.5151384082011681,Yes,Medium Risk,74.9,0.0,32,Month-to-month,Electronic check,Fiber optic,No,No
4115-BNPJY,No,0,0.04219747671800021,No,Low Risk,75.55,0.0,29,Two year,Mailed check,DSL,Yes,No
3167-SNQPL,No,0,0.5026120530115782,Yes,Medium Risk,101.15,0.0,38,Month-to-month,Electronic check,Fiber optic,No,No
4091-TVOCN,No,0,0.09656406165284978,No,Low Risk,78.75,0.0,48,One year,Credit card (automatic),DSL,No,Yes
1098-TDVUQ,No,0,0.3643492574644425,No,Medium Risk,19.25,0.0,1,Month-to-month,Bank transfer (automatic),No,No internet service,No internet service
7277-OZCGZ,No,0,0.3422332319153028,No,Medium Risk,89.05,0.0,22,Month-to-month,Electronic check,Fiber optic,Yes,Yes
1557-EMYVT,No,0,0.08872836032806009,No,Low Risk,115.05,0.0,43,Two year,Credit card (automatic),Fiber optic,Yes,Yes
2799-ARNLO,No,0,0.6823052115318063,Yes,High Risk,69.35,69.35,5,Month-to-month,Electronic check,Fiber optic,No,No
7563-BIUPC,Yes,1,0.6984100213978972,Yes,High Risk,80.6,80.6,5,Month-to-month,Electronic check,Fiber optic,No,No
5027-YOCXN,No,0,0.15325936973913634,No,Low Risk,110.05,0.0,51,One year,Credit card (automatic),Fiber optic,Yes,Yes
3973-SKMLN,No,0,0.019071348129531648,No,Low Risk,19.9,0.0,71,Two year,Credit card (automatic),No,No internet service,No internet service
2321-OMBXY,Yes,1,0.053943156397819006,No,Low Risk,80.3,0.0,38,One year,Credit card (automatic),DSL,Yes,Yes
2840-XANRC,Yes,1,0.5324918160207326,Yes,Medium Risk,93.15,0.0,24,Month-to-month,Electronic check,Fiber optic,No,No
6745-JEFZB,No,0,0.3310423032401163,No,Medium Risk,91.5,0.0,35,Month-to-month,Credit card (automatic),Fiber optic,Yes,No
5020-ZSTTY,Yes,1,0.07608839583761948,No,Low Risk,82.45,0.0,54,One year,Bank transfer (automatic),DSL,Yes,Yes
9880-TDQAC,No,0,0.05086574525081115,No,Low Risk,60.0,0.0,72,Two year,Electronic check,DSL,Yes,No
8705-WZCYL,No,0,0.647369152282393,Yes,High Risk,44.8,44.8,1,Month-to-month,Electronic check,DSL,No,No
7102-JJVTX,No,0,0.08843457762064605,No,Low Risk,48.6,0.0,9,One year,Mailed check,DSL,No,Yes
8626-PTQGE,No,0,0.030451312390500973,No,Low Risk,60.05,0.0,69,Two year,Bank transfer (automatic),DSL,Yes,Yes
4983-CLMLV,No,0,0.3670926438583527,No,Medium Risk,102.7,0.0,52,Month-to-month,Credit card (automatic),Fiber optic,Yes,No
5701-YVSVF,No,0,0.5646810596886856,Yes,Medium Risk,82.9,0.0,11,Month-to-month,Electronic check,Fiber optic,Yes,No
5804-LEPIM,Yes,1,0.7034718517378408,Yes,High Risk,70.35,70.35,2,Month-to-month,Electronic check,Fiber optic,No,No
5697-GOMBF,No,0,0.34119466364030715,No,Medium Risk,35.9,0.0,28,Month-to-month,Electronic check,DSL,No,No
2739-CACDQ,No,0,0.5310032973938973,Yes,Medium Risk,82.65,0.0,17,Month-to-month,Credit card (automatic),Fiber optic,No,No
9385-EHGDO,No,0,0.02660635952766149,No,Low Risk,19.85,0.0,35,Two year,Mailed check,No,No internet service,No internet service
9498-FIMXL,No,0,0.0681338594326226,No,Low Risk,19.2,0.0,8,One year,Mailed check,No,No internet service,No internet service
2379-GYFLQ,No,0,0.15641691456981913,No,Low Risk,94.9,0.0,46,One year,Credit card (automatic),Fiber optic,No,No
0122-OAHPZ,Yes,1,0.6650993552555221,Yes,High Risk,73.85,73.85,7,Month-to-month,Electronic check,Fiber optic,No,No
2868-SNELZ,Yes,1,0.6346175756476415,Yes,High Risk,80.6,80.6,2,Month-to-month,Mailed check,Fiber optic,No,No
4322-RCYMT,Yes,1,0.06397280683334816,No,Low Risk,75.8,0.0,68,One year,Bank transfer (automatic),DSL,Yes,No
6680-NENYN,Yes,1,0.23110994261882864,No,Low Risk,104.6,0.0,43,Two year,Electronic check,Fiber optic,No,No
2088-IEBAU,No,0,0.04538773506956146,No,Low Risk,88.15,0.0,68,Two year,Electronic check,DSL,Yes,Yes
7982-VCELR,No,0,0.35313975498609135,No,Medium Risk,94.8,0.0,36,Month-to-month,Credit card (automatic),Fiber optic,No,No
1343-EHPYB,Yes,1,0.46444715524447344,No,Medium Risk,103.4,0.0,63,Month-to-month,Electronic check,Fiber optic,No,No
6035-BXTTY,No,0,0.1191766315909148,No,Low Risk,54.65,0.0,32,Month-to-month,Bank transfer (automatic),DSL,Yes,No
6885-PKOAM,No,0,0.026225817068399517,No,Low Risk,85.75,0.0,71,Two year,Credit card (automatic),DSL,Yes,Yes
7520-HQWJU,No,0,0.10251461752422847,No,Low Risk,67.45,0.0,66,Month-to-month,Bank transfer (automatic),DSL,No,Yes
9639-BUJXT,No,0,0.034904334577817976,No,Low Risk,20.5,0.0,63,One year,Mailed check,No,No internet service,No internet service
5924-SNGKP,No,0,0.04439119875938083,No,Low Risk,20.25,0.0,41,One year,Credit card (automatic),No,No internet service,No internet service
0021-IKXGC,No,0,0.8469943135896922,Yes,High Risk,72.1,72.1,1,Month-to-month,Electronic check,Fiber optic,No,No
2034-GDRCN,Yes,1,0.7507103518559028,Yes,High Risk,90.4,90.4,2,Month-to-month,Electronic check,Fiber optic,No,No
8966-SNIZF,No,0,0.020837423718393398,No,Low Risk,19.45,0.0,70,Two year,Bank transfer (automatic),No,No internet service,No internet service
6243-OZGFH,No,0,0.37684621179443734,No,Medium Risk,44.95,0.0,23,Month-to-month,Electronic check,DSL,No,No
4654-DLAMQ,No,0,0.10651402034914115,No,Low Risk,97.0,0.0,64,One year,Bank transfer (automatic),Fiber optic,No,Yes
0513-RBGPE,No,0,0.03601220072629541,No,Low Risk,62.8,0.0,37,Two year,Credit card (automatic),DSL,Yes,Yes
5160-UXJED,No,0,0.08682575573516545,No,Low Risk,44.6,0.0,17,One year,Mailed check,DSL,No,No
4115-NZRKS,No,0,0.7101636859926891,Yes,High Risk,89.15,89.15,7,Month-to-month,Electronic check,Fiber optic,No,No
0219-YTZUE,Yes,1,0.6505463941716464,Yes,High Risk,84.8,84.8,4,Month-to-month,Bank transfer (automatic),Fiber optic,No,No
0623-IIHUG,Yes,1,0.3229423114160861,No,Medium Risk,41.9,0.0,21,Month-to-month,Electronic check,DSL,No,Yes
4572-DVCGN,Yes,1,0.5524944502243079,Yes,Medium Risk,80.25,0.0,10,Month-to-month,Bank transfer (automatic),Fiber optic,No,No
3351-NGXYI,No,0,0.330071757767675,No,Medium Risk,54.1,0.0,16,Month-to-month,Electronic check,DSL,No,Yes
8984-EYLLL,No,0,0.1344204262707181,No,Low Risk,105.25,0.0,64,Two year,Electronic check,Fiber optic,Yes,No
9057-MSWCO,Yes,1,0.15610366163303557,No,Low Risk,30.75,0.0,27,Month-to-month,Credit card (automatic),DSL,No,Yes
9833-TGFHX,No,0,0.22875492574149942,No,Low Risk,97.1,0.0,42,One year,Electronic check,Fiber optic,No,Yes
9294-TDIPC,No,0,0.14504271361941282,No,Low Risk,20.2,0.0,5,Month-to-month,Mailed check,No,No internet service,No internet service
5229-DTFYB,No,0,0.10040030193566972,No,Low Risk,98.8,0.0,41,Two year,Bank transfer (automatic),Fiber optic,Yes,No
0104-PPXDV,No,0,0.06828171258447376,No,Low Risk,50.3,0.0,58,One year,Credit card (automatic),DSL,No,No
5176-LMJXE,No,0,0.024218918134780353,No,Low Risk,20.55,0.0,47,Two year,Mailed check,No,No internet service,No internet service
3583-KRKMD,No,0,0.28040618237257825,No,Low Risk,75.9,0.0,18,Month-to-month,Bank transfer (automatic),Fiber optic,Yes,No
1010-DIAUQ,Yes,1,0.6760306172626809,Yes,High Risk,96.5,96.5,5,Month-to-month,Bank transfer (automatic),Fiber optic,No,No
9069-LGEUL,No,0,0.15307228761672614,No,Low Risk,59.95,0.0,23,Month-to-month,Bank transfer (automatic),DSL,No,Yes
7302-ZHMHP,No,0,0.23110055902288848,No,Low Risk,19.15,0.0,1,Month-to-month,Mailed check,No,No internet service,No internet service
9571-EDEBV,No,0,0.16409591735785614,No,Low Risk,98.65,0.0,71,One year,Credit card (automatic),Fiber optic,No,No
3520-FJGCV,No,0,0.04330474759663763,No,Low Risk,112.6,0.0,72,Two year,Credit card (automatic),Fiber optic,Yes,Yes
6563-VRERX,No,0,0.03692758139743251,No,Low Risk,20.6,0.0,33,One year,Mailed check,No,No internet service,No internet service
0259-GBZSH,Yes,1,0.7761501977109874,Yes,High Risk,85.65,85.65,2,Month-to-month,Electronic check,Fiber optic,No,No
6122-EFVKN,No,0,0.03303053703006152,No,Low Risk,35.75,0.0,24,Two year,Mailed check,DSL,Yes,Yes
2805-EDJPQ,No,0,0.1465312250401759,No,Low Risk,99.75,0.0,56,One year,Credit card (automatic),Fiber optic,Yes,No
6862-CQUMB,No,0,0.387354280981173,No,Medium Risk,96.1,0.0,37,Month-to-month,Credit card (automatic),Fiber optic,No,No
7156-MXBJE,No,0,0.07976986069731759,No,Low Risk,85.1,0.0,43,One year,Credit card (automatic),DSL,Yes,No
6158-HDPXZ,No,0,0.5408627825360997,Yes,Medium Risk,25.35,0.0,1,Month-to-month,Mailed check,DSL,No,No
9601-BRXPO,Yes,1,0.494164149400493,No,Medium Risk,104.95,0.0,25,Month-to-month,Bank transfer (automatic),Fiber optic,Yes,No
2863-IMQDR,No,0,0.041287290996221464,No,Low Risk,89.65,0.0,61,Two year,Electronic check,DSL,Yes,Yes
5686-CMAWK,No,0,0.22196588328914668,No,Low Risk,86.75,0.0,17,One year,Electronic check,Fiber optic,Yes,No
5651-CRHKQ,No,0,0.08747607393725654,No,Low Risk,86.2,0.0,41,One year,Bank transfer (automatic),Fiber optic,Yes,No
6905-NIQIN,Yes,1,0.5125247109289632,Yes,Medium Risk,50.65,0.0,1,Month-to-month,Mailed check,DSL,No,No
8204-YJCLA,No,0,0.027206833463599193,No,Low Risk,64.8,0.0,72,Two year,Bank transfer (automatic),DSL,Yes,Yes
5167-ZFFMM,Yes,1,0.7817994477827255,Yes,High Risk,90.85,90.85,1,Month-to-month,Credit card (automatic),Fiber optic,No,No
6583-SZVGP,No,0,0.14263534367386607,No,Low Risk,108.1,0.0,48,Two year,Bank transfer (automatic),Fiber optic,No,No
4895-TMWIR,Yes,1,0.12429325182092704,No,Low Risk,19.95,0.0,11,Month-to-month,Mailed check,No,No internet service,No internet service
0533-BNWKF,Yes,1,0.3740472748275693,No,Medium Risk,85.45,0.0,55,Month-to-month,Electronic check,Fiber optic,No,No
1708-PBBOA,No,0,0.09703967567491459,No,Low Risk,54.75,0.0,42,One year,Electronic check,DSL,Yes,Yes
8782-LKFPK,No,0,0.3264457809880794,No,Medium Risk,90.4,0.0,44,Month-to-month,Mailed check,Fiber optic,No,No
5522-JBWMO,No,0,0.5500546019967756,Yes,Medium Risk,44.0,0.0,1,Month-to-month,Electronic check,DSL,No,No
3597-MVHJT,No,0,0.4860605236112954,No,Medium Risk,95.6,0.0,27,Month-to-month,Bank transfer (automatic),Fiber optic,No,No
9774-NRNAU,No,0,0.2176130675242349,No,Low Risk,84.8,0.0,27,Month-to-month,Bank transfer (automatic),DSL,Yes,No
0224-RLWWD,No,0,0.6084503529025584,Yes,High Risk,44.3,44.3,2,Month-to-month,Electronic check,DSL,No,No
9967-ATRFS,No,0,0.0750221930391616,No,Low Risk,19.9,0.0,19,Month-to-month,Mailed check,No,No internet service,No internet service
3951-NJCVI,No,0,0.5535394088184218,Yes,Medium Risk,95.05,0.0,42,Month-to-month,Electronic check,Fiber optic,No,No
2977-CEBSX,No,0,0.030747763629654062,No,Low Risk,90.05,0.0,66,Two year,Credit card (automatic),DSL,Yes,Yes
0177-PXBAT,No,0,0.3858858027395689,No,Medium Risk,109.9,0.0,33,Month-to-month,Bank transfer (automatic),Fiber optic,Yes,Yes
6599-CEBNN,Yes,1,0.3041479410432798,No,Medium Risk,73.95,0.0,34,Month-to-month,Credit card (automatic),Fiber optic,No,No
2519-ERQOJ,No,0,0.29111728675980897,No,Low Risk,54.6,0.0,33,Month-to-month,Electronic check,DSL,Yes,No
5876-QMYLD,No,0,0.040425220626350046,No,Low Risk,20.05,0.0,23,One year,Mailed check,No,No internet service,No internet service
2277-AXSDC,No,0,0.03713218255245417,No,Low Risk,19.75,0.0,32,One year,Bank transfer (automatic),No,No internet service,No internet service
9442-JTWDL,No,0,0.055295591634267206,No,Low Risk,20.05,0.0,11,One year,Credit card (automatic),No,No internet service,No internet service
0979-PHULV,Yes,1,0.3610799891699172,No,Medium Risk,99.45,0.0,69,Month-to-month,Credit card (automatic),Fiber optic,No,No
3067-SVMTC,No,0,0.04029479716935801,No,Low Risk,55.9,0.0,68,One year,Bank transfer (automatic),DSL,Yes,Yes
5495-GPSRW,No,0,0.030503492969983042,No,Low Risk,19.7,0.0,20,Two year,Mailed check,No,No internet service,No internet service
7606-BPHHN,No,0,0.019071348129531648,No,Low Risk,19.8,0.0,72,Two year,Credit card (automatic),No,No internet service,No internet service
4742-DRORA,No,0,0.11985353074681619,No,Low Risk,95.4,0.0,60,One year,Bank transfer (automatic),Fiber optic,No,Yes
0111-KLBQG,No,0,0.42519138127365463,No,Medium Risk,93.95,0.0,32,Month-to-month,Mailed check,Fiber optic,No,No
4800-VHZKI,Yes,1,0.3643492574644425,No,Medium Risk,19.9,0.0,1,Month-to-month,Mailed check,No,No internet service,No internet service
7989-CHGTL,Yes,1,0.3643492574644425,No,Medium Risk,19.6,0.0,1,Month-to-month,Mailed check,No,No internet service,No internet service
0334-GDDSO,Yes,1,0.7212601848051132,Yes,High Risk,81.35,81.35,3,Month-to-month,Electronic check,Fiber optic,No,No
4163-NCJAK,No,0,0.04769871483599277,No,Low Risk,24.45,0.0,46,One year,Bank transfer (automatic),No,No internet service,No internet service
5233-AOZUF,No,0,0.4726569469066579,No,Medium Risk,74.95,0.0,29,Month-to-month,Electronic check,Fiber optic,No,No
5973-EJGDP,No,0,0.29578234375468426,No,Low Risk,87.35,0.0,51,Month-to-month,Electronic check,Fiber optic,Yes,No
1996-DBMUS,No,0,0.2959776280146009,No,Low Risk,70.65,0.0,48,Month-to-month,Bank transfer (automatic),Fiber optic,No,No
7916-VCCPB,No,0,0.32719989736727784,No,Medium Risk,73.25,0.0,16,Month-to-month,Bank transfer (automatic),Fiber optic,No,No
4686-GEFRM,No,0,0.07173652187333675,No,Low Risk,98.7,0.0,70,Two year,Bank transfer (automatic),Fiber optic,Yes,No
5249-QYHEX,No,0,0.03029645459302573,No,Low Risk,24.8,0.0,40,Two year,Mailed check,No,No internet service,No internet service
0578-SKVMF,Yes,1,0.3817854282356694,No,Medium Risk,83.3,0.0,22,Month-to-month,Electronic check,Fiber optic,No,No
5564-NEMQO,Yes,1,0.8019135364438731,Yes,High Risk,75.3,75.3,1,Month-to-month,Bank transfer (automatic),Fiber optic,No,No
2233-FAGXV,No,0,0.2019240813437952,No,Low Risk,24.3,0.0,5,Month-to-month,Mailed check,No,No internet service,No internet service
5605-IYGFG,No,0,0.5223444832539909,Yes,Medium Risk,69.85,0.0,7,Month-to-month,Bank transfer (automatic),Fiber optic,No,No
7663-ZTEGJ,No,0,0.17874340536535793,No,Low Risk,100.55,0.0,29,One year,Credit card (automatic),Fiber optic,Yes,No
3935-TBRZZ,No,0,0.04354771852167524,No,Low Risk,25.7,0.0,44,One year,Mailed check,No,No internet service,No internet service
8111-BKVDS,No,0,0.17365426294955053,No,Low Risk,40.7,0.0,10,Month-to-month,Bank transfer (automatic),DSL,No,Yes
2055-SIFSS,No,0,0.19543263152947568,No,Low Risk,51.65,0.0,55,Month-to-month,Bank transfer (automatic),DSL,No,No
2806-MLNTI,No,0,0.25040196842414747,No,Low Risk,105.1,0.0,52,One year,Bank transfer (automatic),Fiber optic,No,No
8734-DKSTZ,No,0,0.6151939146426169,Yes,High Risk,85.95,85.95,10,Month-to-month,Electronic check,Fiber optic,No,No
4360-PNRQB,No,0,0.3912557042814511,No,Medium Risk,75.6,0.0,18,Month-to-month,Bank transfer (automatic),Fiber optic,No,No
6152-ONASV,No,0,0.04720059211577494,No,Low Risk,58.25,0.0,68,One year,Bank transfer (automatic),DSL,Yes,Yes
9063-ZGTUY,Yes,1,0.063018889690475,No,Low Risk,19.4,0.0,61,Month-to-month,Mailed check,No,No internet service,No internet service
7781-HVGMK,No,0,0.025521445337405805,No,Low Risk,65.2,0.0,72,Two year,Credit card (automatic),DSL,Yes,Yes
2181-UAESM,No,0,0.32477954257215824,No,Medium Risk,53.45,0.0,2,Month-to-month,Electronic check,DSL,No,Yes
2957-LOLHO,Yes,1,0.26809194212287535,No,Low Risk,45.4,0.0,12,Month-to-month,Bank transfer (automatic),DSL,No,No
6048-NJXHX,No,0,0.03929663023649298,No,Low Risk,19.75,0.0,41,Two year,Electronic check,No,No internet service,No internet service
2320-SLKMB,No,0,0.17623598469557097,No,Low Risk,44.45,0.0,26,Month-to-month,Credit card (automatic),DSL,Yes,No
4980-URKXC,No,0,0.03713218255245417,No,Low Risk,20.85,0.0,36,One year,Bank transfer (automatic),No,No internet service,No internet service
4376-KFVRS,No,0,0.04330474759663763,No,Low Risk,114.05,0.0,72,Two year,Credit card (automatic),Fiber optic,Yes,Yes
5886-VLQVU,No,0,0.3095305370968986,No,Medium Risk,89.85,0.0,35,Month-to-month,Bank transfer (automatic),Fiber optic,Yes,No
3577-AMVUX,No,0,0.4396013727619959,No,Medium Risk,55.05,0.0,1,Month-to-month,Mailed check,DSL,Yes,No
0771-WLCLA,No,0,0.6108424743575898,Yes,High Risk,112.95,112.95,16,Month-to-month,Electronic check,Fiber optic,Yes,Yes
5628-RKIFK,No,0,0.35673943942013225,No,Medium Risk,101.55,0.0,49,Month-to-month,Credit card (automatic),Fiber optic,No,Yes
0206-TBWLC,No,0,0.1689362946119485,No,Low Risk,114.65,0.0,54,One year,Mailed check,Fiber optic,Yes,Yes
2937-FTHUR,No,0,0.21665026604363646,No,Low Risk,64.8,0.0,18,Month-to-month,Electronic check,DSL,No,Yes
1910-FMXJM,No,0,0.35864828374644064,No,Medium Risk,80.4,0.0,36,Month-to-month,Electronic check,Fiber optic,No,No
7752-XUSCI,Yes,1,0.46444715524447344,No,Medium Risk,105.9,0.0,60,Month-to-month,Electronic check,Fiber optic,No,No
4110-PFEUZ,Yes,1,0.7024547306130401,Yes,High Risk,69.55,69.55,1,Month-to-month,Mailed check,Fiber optic,No,No
0732-OCQOC,No,0,0.026781761752824085,No,Low Risk,25.05,0.0,52,Two year,Bank transfer (automatic),No,No internet service,No internet service
5168-MSWXT,No,0,0.6812345267625676,Yes,High Risk,94.75,94.75,8,Month-to-month,Electronic check,Fiber optic,No,No
1090-ESELR,No,0,0.05546746208216369,No,Low Risk,105.5,0.0,72,Two year,Bank transfer (automatic),Fiber optic,Yes,Yes
8592-PLTMQ,No,0,0.04034262103235073,No,Low Risk,24.7,0.0,64,One year,Mailed check,No,No internet service,No internet service
5760-WRAHC,No,0,0.14192891188413206,No,Low Risk,69.75,0.0,22,Month-to-month,Mailed check,DSL,Yes,Yes
8847-GEOOQ,No,0,0.13776661777718657,No,Low Risk,60.2,0.0,60,Month-to-month,Bank transfer (automatic),DSL,Yes,No
0256-LTHVJ,Yes,1,0.4419805174012889,No,Medium Risk,81.05,0.0,28,Month-to-month,Electronic check,Fiber optic,No,No
4785-FCIFB,No,0,0.02325702251472386,No,Low Risk,24.4,0.0,61,Two year,Mailed check,No,No internet service,No internet service
8313-NDOIA,No,0,0.6460503074661608,Yes,High Risk,104.15,104.15,24,Month-to-month,Electronic check,Fiber optic,No,No
5149-CUZUJ,No,0,0.09317267589141062,No,Low Risk,92.9,0.0,28,One year,Bank transfer (automatic),Fiber optic,Yes,No
0942-KOWSM,No,0,0.038946288796242734,No,Low Risk,80.8,0.0,30,Two year,Bank transfer (automatic),DSL,Yes,No
4237-CLSMM,No,0,0.1794584042671467,No,Low Risk,20.0,0.0,2,Month-to-month,Mailed check,No,No internet service,No internet service
1452-VOQCH,No,0,0.8259201064965564,Yes,High Risk,75.1,75.1,1,Month-to-month,Electronic check,Fiber optic,No,No
4719-UMSIY,No,0,0.10294752311383841,No,Low Risk,19.65,0.0,6,Month-to-month,Mailed check,No,No internet service,No internet service
6614-VBEGU,No,0,0.21505088199844277,No,Low Risk,69.45,0.0,24,Month-to-month,Bank transfer (automatic),DSL,No,No
0880-TKATG,Yes,1,0.7663624264009118,Yes,High Risk,101.15,101.15,4,Month-to-month,Electronic check,Fiber optic,No,No
3811-VBYBZ,Yes,1,0.7810941485014706,Yes,High Risk,99.8,99.8,7,Month-to-month,Electronic check,Fiber optic,No,No
1480-BKXGA,No,0,0.044481231375082655,No,Low Risk,116.05,0.0,72,Two year,Bank transfer (automatic),Fiber optic,Yes,Yes
2996-XAUVF,No,0,0.04404171731050126,No,Low Risk,40.05,0.0,70,Two year,Mailed check,DSL,Yes,No
9076-AXYIK,No,0,0.1225398479649997,No,Low Risk,102.1,0.0,64,Two year,Electronic check,Fiber optic,Yes,No
5968-XQIVE,No,0,0.12894406573706985,No,Low Risk,89.7,0.0,72,One year,Electronic check,Fiber optic,No,No
8896-RAZCR,No,0,0.022063916656277653,No,Low Risk,19.9,0.0,44,Two year,Mailed check,No,No internet service,No internet service
4640-UHDOS,Yes,1,0.27564919324331616,No,Low Risk,55.95,0.0,13,Month-to-month,Electronic check,DSL,No,No
4933-IKULF,No,0,0.05900346869068986,No,Low Risk,20.65,0.0,17,One year,Mailed check,No,No internet service,No internet service
3583-EKAPL,Yes,1,0.7072468017463848,Yes,High Risk,55.0,55.0,1,Month-to-month,Electronic check,DSL,No,No
1304-BCCFO,No,0,0.3461035113331796,No,Medium Risk,70.05,0.0,9,Month-to-month,Mailed check,DSL,No,No
4104-PVRPS,No,0,0.08212184514955817,No,Low Risk,53.6,0.0,24,Month-to-month,Mailed check,DSL,Yes,Yes
9399-APLBT,Yes,1,0.7662782384868019,Yes,High Risk,74.7,74.7,1,Month-to-month,Electronic check,Fiber optic,No,No
2359-KMGLI,Yes,1,0.468287300608648,No,Medium Risk,80.25,0.0,24,Month-to-month,Electronic check,Fiber optic,No,No
3780-DDGSE,No,0,0.2327659455107592,No,Low Risk,76.05,0.0,35,Month-to-month,Electronic check,DSL,Yes,No
4431-EDMIQ,No,0,0.18614461345429678,No,Low Risk,75.7,0.0,7,Month-to-month,Electronic check,DSL,Yes,Yes
0306-JAELE,Yes,1,0.7165638992252477,Yes,High Risk,96.1,96.1,5,Month-to-month,Electronic check,Fiber optic,Yes,No
6227-HWPWX,Yes,1,0.37437045184969125,No,Medium Risk,69.0,0.0,15,Month-to-month,Bank transfer (automatic),Fiber optic,No,No
0486-LGCCH,No,0,0.03311005800861855,No,Low Risk,19.65,0.0,11,Two year,Mailed check,No,No internet service,No internet service
0447-BEMNG,Yes,1,0.16012245909977535,No,Low Risk,45.3,0.0,48,Month-to-month,Bank transfer (automatic),DSL,No,Yes
4612-SSVHJ,No,0,0.5443012307194018,Yes,Medium Risk,81.45,0.0,20,Month-to-month,Electronic check,Fiber optic,No,No
5168-MQQCA,No,0,0.14337057530647468,No,Low Risk,108.5,0.0,72,One year,Bank transfer (automatic),Fiber optic,Yes,No
5949-XIKAE,Yes,1,0.5921351460259576,Yes,Medium Risk,83.55,0.0,8,Month-to-month,Electronic check,Fiber optic,No,No
7971-HLVXI,No,0,0.06200269417962985,No,Low Risk,84.5,0.0,72,Two year,Credit card (automatic),Fiber optic,No,No
9094-AZPHK,No,0,0.738486394189758,Yes,High Risk,100.15,100.15,15,Month-to-month,Electronic check,Fiber optic,No,No
3649-JPUGY,No,0,0.03620436047827767,No,Low Risk,88.6,0.0,72,Two year,Bank transfer (automatic),DSL,Yes,No
4472-LVYGI,No,0,0.1469651215782261,No,Low Risk,52.55,0.0,0,Two year,Bank transfer (automatic),DSL,Yes,Yes
8372-JUXUI,Yes,1,0.8214968810578603,Yes,High Risk,74.35,74.35,1,Month-to-month,Electronic check,Fiber optic,No,No
3552-CTCYF,No,0,0.11642949123654592,No,Low Risk,104.8,0.0,63,Two year,Bank transfer (automatic),Fiber optic,No,No
6778-YSNIH,No,0,0.5060710868339756,Yes,Medium Risk,59.0,0.0,2,Month-to-month,Electronic check,DSL,No,No
0388-EOPEX,Yes,1,0.5316186697599085,Yes,Medium Risk,74.4,0.0,2,Month-to-month,Electronic check,Fiber optic,No,Yes
5756-OZRIO,No,0,0.09033538651664283,No,Low Risk,64.05,0.0,61,One year,Bank transfer (automatic),DSL,No,No
6579-JPICP,No,0,0.29872100466145696,No,Low Risk,20.4,0.0,1,Month-to-month,Mailed check,No,No internet service,No internet service
8205-OTCHB,Yes,1,0.1214591345008082,No,Low Risk,43.75,0.0,22,One year,Bank transfer (automatic),DSL,No,No
4134-BSXLX,No,0,0.06828855080641404,No,Low Risk,60.9,0.0,28,Month-to-month,Mailed check,DSL,Yes,Yes
0505-SPOOW,No,0,0.020837423718393398,No,Low Risk,19.8,0.0,70,Two year,Bank transfer (automatic),No,No internet service,No internet service
6235-VDHOM,Yes,1,0.4243435962746409,No,Medium Risk,28.45,0.0,5,Month-to-month,Electronic check,DSL,No,No
7783-YKGDV,Yes,1,0.53915637980419,Yes,Medium Risk,99.7,0.0,12,Month-to-month,Bank transfer (automatic),Fiber optic,No,Yes
4374-YMUSQ,No,0,0.24101781274691442,No,Low Risk,116.25,0.0,34,One year,Credit card (automatic),Fiber optic,Yes,Yes
4513-CXYIX,No,0,0.04674285114473121,No,Low Risk,80.7,0.0,71,Two year,Credit card (automatic),Fiber optic,No,Yes
3957-HHLMR,No,0,0.07009160294548933,No,Low Risk,65.2,0.0,70,One year,Bank transfer (automatic),DSL,No,Yes
7803-XOCCZ,No,0,0.14814182542034507,No,Low Risk,84.05,0.0,52,Month-to-month,Bank transfer (automatic),Fiber optic,Yes,Yes
5736-YEJAX,No,0,0.027533635098240798,No,Low Risk,79.45,0.0,69,Two year,Credit card (automatic),DSL,Yes,Yes
5609-CEBID,Yes,1,0.5926235099494256,Yes,Medium Risk,94.1,0.0,20,Month-to-month,Electronic check,Fiber optic,No,No
8981-FJGLA,No,0,0.5212895569588255,Yes,Medium Risk,78.0,0.0,11,Month-to-month,Mailed check,Fiber optic,No,No
7218-HKQFK,Yes,1,0.6959876824935275,Yes,High Risk,94.2,94.2,2,Month-to-month,Electronic check,Fiber optic,Yes,No
4636-QRJKY,Yes,1,0.5994332181078574,Yes,Medium Risk,80.5,0.0,6,Month-to-month,Electronic check,Fiber optic,Yes,No
1135-LMECX,No,0,0.29872100466145696,No,Low Risk,19.85,0.0,1,Month-to-month,Mailed check,No,No internet service,No internet service
4332-MUOEZ,No,0,0.14413578533816532,No,Low Risk,94.3,0.0,20,One year,Credit card (automatic),Fiber optic,Yes,Yes
8535-SFUTN,No,0,0.39815475607948325,No,Medium Risk,106.45,0.0,61,Month-to-month,Electronic check,Fiber optic,No,Yes
5956-VKDTT,Yes,1,0.737851335286519,Yes,High Risk,74.35,74.35,5,Month-to-month,Electronic check,Fiber optic,No,No
8677-HDZEE,No,0,0.3397400298041234,No,Medium Risk,105.45,0.0,56,Month-to-month,Bank transfer (automatic),Fiber optic,Yes,No
2475-MROZF,No,0,0.24286182562848344,No,Low Risk,95.0,0.0,30,Month-to-month,Credit card (automatic),Fiber optic,Yes,Yes
9412-GHEEC,Yes,1,0.36819313879424176,No,Medium Risk,104.8,0.0,40,Month-to-month,Bank transfer (automatic),Fiber optic,Yes,No
3482-ABPKK,No,0,0.041439449917993185,No,Low Risk,54.3,0.0,28,One year,Mailed check,DSL,Yes,Yes
6705-LXORM,No,0,0.6002605571495996,Yes,High Risk,70.05,70.05,5,Month-to-month,Electronic check,Fiber optic,No,No
0257-ZESQC,Yes,1,0.2849163294559914,No,Low Risk,75.2,0.0,27,Month-to-month,Bank transfer (automatic),Fiber optic,No,Yes
7531-GQHME,No,0,0.09930474927834759,No,Low Risk,20.05,0.0,12,Month-to-month,Credit card (automatic),No,No internet service,No internet service
5174-ITUMV,No,0,0.2609987123502871,No,Low Risk,105.4,0.0,67,One year,Electronic check,Fiber optic,No,No
4109-CYRBD,No,0,0.3171159115096371,No,Medium Risk,51.6,0.0,29,Month-to-month,Electronic check,DSL,No,No
0913-XWSCN,No,0,0.26874428042817927,No,Low Risk,85.5,0.0,55,Month-to-month,Bank transfer (automatic),Fiber optic,No,No
6825-UYPFK,Yes,1,0.31884228939832665,No,Medium Risk,75.6,0.0,23,Month-to-month,Bank transfer (automatic),Fiber optic,No,No
8397-MVTAZ,Yes,1,0.5756955905904309,Yes,Medium Risk,100.05,0.0,34,Month-to-month,Electronic check,Fiber optic,No,No
0750-EBAIU,No,0,0.10514624871475879,No,Low Risk,91.25,0.0,52,One year,Electronic check,Fiber optic,No,Yes
8606-CIQUL,No,0,0.04320434803295533,No,Low Risk,115.75,0.0,72,Two year,Credit card (automatic),Fiber optic,Yes,Yes
3571-DPYUH,No,0,0.11303226359379484,No,Low Risk,94.7,0.0,58,One year,Credit card (automatic),Fiber optic,Yes,No
7601-GNDYK,No,0,0.022063916656277653,No,Low Risk,19.6,0.0,35,Two year,Mailed check,No,No internet service,No internet service
0356-OBMAC,No,0,0.0990430200689806,No,Low Risk,99.9,0.0,56,Two year,Bank transfer (automatic),Fiber optic,Yes,No
8067-NIOYM,No,0,0.029156007519566488,No,Low Risk,21.1,0.0,24,Two year,Credit card (automatic),No,No internet service,No internet service
1403-GYAFU,No,0,0.020720675767412843,No,Low Risk,20.05,0.0,70,Two year,Credit card (automatic),No,No internet service,No internet service
4234-XTNEA,No,0,0.720529192408088,Yes,High Risk,79.95,79.95,2,Month-to-month,Electronic check,Fiber optic,No,No
1297-VQDRP,No,0,0.16882486897462212,No,Low Risk,107.15,0.0,68,One year,Credit card (automatic),Fiber optic,Yes,No
9282-IZGQK,Yes,1,0.8625483765922889,Yes,High Risk,85.0,85.0,1,Month-to-month,Electronic check,Fiber optic,No,No
5348-CAGXB,No,0,0.6759810032719002,Yes,High Risk,89.55,89.55,12,Month-to-month,Electronic check,Fiber optic,No,No
0621-HJWXJ,No,0,0.2319597590652449,No,Low Risk,81.55,0.0,63,Month-to-month,Bank transfer (automatic),Fiber optic,No,No
5844-QVTAT,No,0,0.05879835013848589,No,Low Risk,58.45,0.0,33,One year,Mailed check,DSL,No,Yes
8905-IAZPF,No,0,0.14052231300340107,No,Low Risk,95.65,0.0,69,One year,Credit card (automatic),Fiber optic,No,No
5394-MEITZ,No,0,0.036189651161704466,No,Low Risk,80.6,0.0,60,Two year,Bank transfer (automatic),DSL,Yes,No
6859-QNXIQ,No,0,0.04330474759663763,No,Low Risk,113.1,0.0,72,Two year,Bank transfer (automatic),Fiber optic,Yes,Yes
2782-LFZVW,No,0,0.3343772105853032,No,Medium Risk,58.95,0.0,11,Month-to-month,Mailed check,DSL,No,No
2866-IKBTM,No,0,0.29872100466145696,No,Low Risk,19.55,0.0,1,Month-to-month,Mailed check,No,No internet service,No internet service
1342-JPNKI,Yes,1,0.6280852068623844,Yes,High Risk,86.05,86.05,10,Month-to-month,Bank transfer (automatic),Fiber optic,No,No
2817-NTQDO,Yes,1,0.1802216549923864,No,Low Risk,45.55,0.0,13,Month-to-month,Credit card (automatic),DSL,Yes,Yes
7129-AZJDE,No,0,0.1529655182955056,No,Low Risk,78.95,0.0,34,One year,Bank transfer (automatic),Fiber optic,No,No
6986-IJDHX,Yes,1,0.3009445837587608,No,Medium Risk,86.3,0.0,39,Month-to-month,Mailed check,Fiber optic,No,No
2560-PPCHE,No,0,0.16560350059329246,No,Low Risk,105.05,0.0,65,One year,Bank transfer (automatic),Fiber optic,Yes,No
4676-MQUEA,No,0,0.1861315627831298,No,Low Risk,101.9,0.0,50,One year,Bank transfer (automatic),Fiber optic,No,Yes
8138-EALND,No,0,0.0938679944595526,No,Low Risk,19.75,0.0,15,Month-to-month,Mailed check,No,No internet service,No internet service
3580-HYCSP,No,0,0.05602111974839664,No,Low Risk,110.3,0.0,72,Two year,Bank transfer (automatic),Fiber optic,No,Yes
1352-HNSAW,No,0,0.04330474759663763,No,Low Risk,115.6,0.0,72,Two year,Bank transfer (automatic),Fiber optic,Yes,Yes
2075-PUEPR,No,0,0.021530871166499266,No,Low Risk,19.35,0.0,55,Two year,Bank transfer (automatic),No,No internet service,No internet service
1982-FEBTD,No,0,0.03355528385590835,No,Low Risk,25.6,0.0,23,Two year,Credit card (automatic),No,No internet service,No internet service
5301-GAUUY,Yes,1,0.35145521143066455,No,Medium Risk,80.35,0.0,32,Month-to-month,Bank transfer (automatic),Fiber optic,No,No
5791-KAJFD,No,0,0.07842158341694208,No,Low Risk,68.75,0.0,56,One year,Bank transfer (automatic),DSL,No,Yes
2654-VBVPB,No,0,0.29872100466145696,No,Low Risk,19.9,0.0,1,Month-to-month,Bank transfer (automatic),No,No internet service,No internet service
1154-HYWWO,No,0,0.04496511293630657,No,Low Risk,70.6,0.0,38,One year,Mailed check,DSL,Yes,Yes
2501-XWWTZ,No,0,0.4509460315801382,No,Medium Risk,70.2,0.0,11,Month-to-month,Electronic check,Fiber optic,No,No
3716-UVSPD,No,0,0.5186873099713601,Yes,Medium Risk,49.3,0.0,1,Month-to-month,Electronic check,DSL,Yes,No
6815-ABQFQ,No,0,0.2577102746586122,No,Low Risk,107.25,0.0,56,One year,Electronic check,Fiber optic,Yes,No
7343-EOBEU,No,0,0.2345385357623927,No,Low Risk,23.6,0.0,3,Month-to-month,Mailed check,No,No internet service,No internet service
3701-SFMUH,No,0,0.19953406524548967,No,Low Risk,69.7,0.0,7,Month-to-month,Credit card (automatic),DSL,No,Yes
6103-LIANB,No,0,0.12030154883560312,No,Low Risk,99.5,0.0,59,Two year,Credit card (automatic),Fiber optic,No,No
7319-VENRZ,No,0,0.20828622358220023,No,Low Risk,64.3,0.0,7,Month-to-month,Bank transfer (automatic),DSL,Yes,No
5846-NEQVZ,No,0,0.022729233752640868,No,Low Risk,70.85,0.0,71,Two year,Credit card (automatic),DSL,Yes,Yes
6967-QIQRV,No,0,0.3070379448040221,No,Medium Risk,101.9,0.0,15,One year,Electronic check,Fiber optic,Yes,Yes
5781-RFZRP,No,0,0.023740719814254418,No,Low Risk,73.5,0.0,71,Two year,Credit card (automatic),DSL,Yes,Yes
0939-YAPAF,Yes,1,0.5756955905904309,Yes,Medium Risk,100.25,0.0,35,Month-to-month,Electronic check,Fiber optic,No,No
0308-IVGOK,No,0,0.11506063620840383,No,Low Risk,40.4,0.0,11,One year,Credit card (automatic),DSL,Yes,No
7293-LSCDV,No,0,0.02111885409148618,No,Low Risk,19.25,0.0,60,Two year,Credit card (automatic),No,No internet service,No internet service
7025-WCBNE,No,0,0.04524546498414688,No,Low Risk,59.6,0.0,47,Two year,Bank transfer (automatic),DSL,Yes,No
5756-JYOJT,No,0,0.09867794297813086,No,Low Risk,64.9,0.0,11,One year,Credit card (automatic),DSL,Yes,No
4710-FDUIZ,Yes,1,0.1802066700227852,No,Low Risk,100.3,0.0,56,One year,Credit card (automatic),Fiber optic,No,No
6030-REHUX,No,0,0.5623900855429278,Yes,Medium Risk,110.85,0.0,28,Month-to-month,Electronic check,Fiber optic,Yes,No
9548-LIGTA,No,0,0.027570846073044285,No,Low Risk,81.05,0.0,61,Two year,Mailed check,DSL,Yes,Yes
5150-LJNSR,No,0,0.15817315258141548,No,Low Risk,98.05,0.0,31,One year,Bank transfer (automatic),Fiber optic,No,Yes
8270-RKSAP,No,0,0.5814146644230876,Yes,Medium Risk,70.5,0.0,9,Month-to-month,Electronic check,Fiber optic,No,No
6522-YRBXD,No,0,0.41941663878112667,No,Medium Risk,94.55,0.0,35,Month-to-month,Electronic check,Fiber optic,No,Yes
2640-LYMOV,No,0,0.22124700963647537,No,Low Risk,19.65,0.0,2,Month-to-month,Mailed check,No,No internet service,No internet service
1218-VKFPE,Yes,1,0.09879272168175501,No,Low Risk,19.0,0.0,12,Month-to-month,Mailed check,No,No internet service,No internet service
3627-FHKBK,Yes,1,0.6074225529183649,Yes,High Risk,75.3,75.3,1,Month-to-month,Mailed check,Fiber optic,No,Yes
2865-TCHJW,Yes,1,0.7752998968187984,Yes,High Risk,89.2,89.2,4,Month-to-month,Electronic check,Fiber optic,No,No
1423-BMPBQ,No,0,0.34743858065439176,No,Medium Risk,19.0,0.0,1,Month-to-month,Mailed check,No,No internet service,No internet service
2393-DIVAI,No,0,0.203258499557407,No,Low Risk,20.0,0.0,3,Month-to-month,Mailed check,No,No internet service,No internet service
5192-EBGOV,Yes,1,0.8751019119212003,Yes,High Risk,85.7,85.7,1,Month-to-month,Electronic check,Fiber optic,No,No
4568-KNYWR,No,0,0.03889261431790578,No,Low Risk,63.25,0.0,52,Two year,Credit card (automatic),DSL,No,Yes
8752-IMQOS,No,0,0.07572317940665937,No,Low Risk,20.1,0.0,5,One year,Mailed check,No,No internet service,No internet service
0742-LAFQK,No,0,0.09706076676087606,No,Low Risk,99.15,0.0,72,Two year,Electronic check,Fiber optic,No,Yes
0795-LAFGP,No,0,0.03580709942661896,No,Low Risk,90.4,0.0,71,Two year,Electronic check,DSL,Yes,Yes
0619-OLYUR,No,0,0.04703260554790716,No,Low Risk,111.9,0.0,72,Two year,Credit card (automatic),Fiber optic,Yes,Yes
5512-IDZEI,No,0,0.05939317646923986,No,Low Risk,24.9,0.0,46,One year,Electronic check,No,No internet service,No internet service
0459-SPZHJ,No,0,0.04147481239448932,No,Low Risk,83.5,0.0,63,Two year,Credit card (automatic),DSL,No,Yes
0215-BQKGS,No,0,0.23396208407171082,No,Low Risk,84.3,0.0,30,Month-to-month,Credit card (automatic),Fiber optic,No,Yes
9244-ZVAPM,No,0,0.512196654971884,Yes,Medium Risk,45.6,0.0,1,Month-to-month,Mailed check,DSL,No,No
0719-SYFRB,Yes,1,0.16879377367268578,No,Low Risk,61.65,0.0,12,Month-to-month,Mailed check,DSL,Yes,Yes
8208-EUMTE,No,0,0.038811399773557985,No,Low Risk,54.85,0.0,16,Two year,Mailed check,DSL,Yes,Yes
5172-MIGPM,No,0,0.32601961232332255,No,Medium Risk,65.55,0.0,4,Month-to-month,Mailed check,DSL,Yes,No
1710-RCXUS,No,0,0.12452064028669463,No,Low Risk,90.35,0.0,51,One year,Credit card (automatic),Fiber optic,No,No
0374-FIUCA,No,0,0.021757854686503122,No,Low Risk,20.4,0.0,65,Two year,Credit card (automatic),No,No internet service,No internet service
5839-SUYVZ,No,0,0.37432375085443625,No,Medium Risk,74.55,0.0,16,Month-to-month,Credit card (automatic),Fiber optic,Yes,No
5173-ZXXXL,No,0,0.09552858129421861,No,Low Risk,19.95,0.0,2,One year,Mailed check,No,No internet service,No internet service
1096-ADRUX,No,0,0.0996361562892547,No,Low Risk,74.25,0.0,66,One year,Bank transfer (automatic),Fiber optic,No,No
2001-MCUUW,No,0,0.13895827208883801,No,Low Risk,108.65,0.0,46,Two year,Electronic check,Fiber optic,Yes,No
2731-GJRDG,No,0,0.19880509116802772,No,Low Risk,109.55,0.0,32,One year,Bank transfer (automatic),Fiber optic,Yes,Yes
4723-BEGSG,No,0,0.0294779752706164,No,Low Risk,86.65,0.0,72,Two year,Credit card (automatic),DSL,Yes,Yes
6516-NKQBO,No,0,0.03253974858472279,No,Low Risk,81.0,0.0,38,Two year,Credit card (automatic),DSL,Yes,Yes
8672-OAUPW,No,0,0.055124455665791466,No,Low Risk,47.85,0.0,51,One year,Credit card (automatic),DSL,Yes,No
8207-DMRVL,No,0,0.043444456526497026,No,Low Risk,114.55,0.0,72,Two year,Bank transfer (automatic),Fiber optic,Yes,Yes
3419-SNJJD,Yes,1,0.29204090563436114,No,Low Risk,105.25,0.0,65,Month-to-month,Bank transfer (automatic),Fiber optic,No,Yes
6543-CPZMK,Yes,1,0.38658619490590634,No,Medium Risk,29.95,0.0,9,Month-to-month,Electronic check,DSL,No,No
4765-OXPPD,Yes,1,0.0995920474599932,No,Low Risk,65.0,0.0,9,Month-to-month,Mailed check,DSL,Yes,Yes
2804-ETQDK,No,0,0.020720675767412843,No,Low Risk,20.55,0.0,66,Two year,Mailed check,No,No internet service,No internet service
6689-VRRTK,No,0,0.21103750828190107,No,Low Risk,109.8,0.0,44,One year,Credit card (automatic),Fiber optic,No,Yes
7138-GIRSH,No,0,0.04257400657216975,No,Low Risk,69.5,0.0,50,Two year,Bank transfer (automatic),DSL,Yes,No
9396-ZSFLL,No,0,0.24085585808570353,No,Low Risk,48.85,0.0,15,Month-to-month,Mailed check,DSL,No,No
6464-KEXXH,No,0,0.34748539588266025,No,Medium Risk,25.25,0.0,8,Month-to-month,Credit card (automatic),DSL,No,No
7134-MJPDY,No,0,0.17314256041841408,No,Low Risk,102.85,0.0,66,One year,Credit card (automatic),Fiber optic,Yes,No
5240-CAOYT,No,0,0.14529103620432254,No,Low Risk,87.55,0.0,57,Month-to-month,Bank transfer (automatic),Fiber optic,Yes,Yes
4059-IIEBK,No,0,0.5429480290247745,Yes,Medium Risk,78.55,0.0,7,Month-to-month,Bank transfer (automatic),Fiber optic,No,No
4881-JVQOD,No,0,0.4220433683204296,No,Medium Risk,34.55,0.0,10,Month-to-month,Bank transfer (automatic),DSL,No,No
0516-UXRMT,No,0,0.10393688147929678,No,Low Risk,92.05,0.0,62,One year,Electronic check,Fiber optic,No,Yes
4851-BQDNX,No,0,0.17875727315007728,No,Low Risk,85.05,0.0,40,One year,Electronic check,Fiber optic,No,No
5148-HKFIR,No,0,0.024710116960603334,No,Low Risk,19.7,0.0,20,Two year,Mailed check,No,No internet service,No internet service
1009-IRMNA,Yes,1,0.10347861186483555,No,Low Risk,20.0,0.0,7,Month-to-month,Bank transfer (automatic),No,No internet service,No internet service
3003-CMDUU,No,0,0.45339411562349113,No,Medium Risk,95.15,0.0,25,Month-to-month,Electronic check,Fiber optic,Yes,No
5016-IBERQ,No,0,0.37622774326725106,No,Medium Risk,84.25,0.0,23,Month-to-month,Electronic check,Fiber optic,No,No
6797-UCJHZ,No,0,0.18577116503058128,No,Low Risk,104.6,0.0,66,One year,Credit card (automatic),Fiber optic,No,No
2469-DTSGX,No,0,0.07146702182224726,No,Low Risk,111.65,0.0,72,Two year,Electronic check,Fiber optic,Yes,No
4554-YGZIH,Yes,1,0.32230906862542663,No,Medium Risk,90.05,0.0,49,Month-to-month,Credit card (automatic),Fiber optic,No,No
5099-BAILX,Yes,1,0.4441358973854319,No,Medium Risk,110.75,0.0,43,Month-to-month,Bank transfer (automatic),Fiber optic,Yes,No
9931-KGHOA,No,0,0.12416087561420502,No,Low Risk,55.0,0.0,46,Month-to-month,Bank transfer (automatic),DSL,No,Yes
1775-KWJKQ,No,0,0.02607968312218924,No,Low Risk,89.85,0.0,72,Two year,Credit card (automatic),DSL,Yes,Yes
7665-VIGUD,No,0,0.055295591634267206,No,Low Risk,20.35,0.0,10,One year,Mailed check,No,No internet service,No internet service
9411-TPQQV,No,0,0.08518613971108739,No,Low Risk,54.55,0.0,40,One year,Bank transfer (automatic),DSL,Yes,Yes
7207-RMRDB,Yes,1,0.45687903362591203,No,Medium Risk,105.5,0.0,65,Month-to-month,Electronic check,Fiber optic,No,No
7954-MLBUN,No,0,0.09504009518839576,No,Low Risk,99.45,0.0,31,Two year,Bank transfer (automatic),Fiber optic,Yes,No
2077-DDHJK,No,0,0.024276013957702843,No,Low Risk,70.9,0.0,68,Two year,Credit card (automatic),DSL,Yes,Yes
4913-EHYUI,Yes,1,0.2002552876400312,No,Low Risk,104.55,0.0,56,One year,Bank transfer (automatic),Fiber optic,No,Yes
0195-IESCP,Yes,1,0.7013019075133793,Yes,High Risk,85.25,85.25,10,Month-to-month,Electronic check,Fiber optic,No,No
9574-BOSMD,No,0,0.023127038226193948,No,Low Risk,25.4,0.0,68,Two year,Bank transfer (automatic),No,No internet service,No internet service
4580-TMHJU,Yes,1,0.20245868654426163,No,Low Risk,56.15,0.0,43,Month-to-month,Electronic check,DSL,No,No
0970-ETWGE,Yes,1,0.8550338314190217,Yes,High Risk,89.55,89.55,1,Month-to-month,Electronic check,Fiber optic,No,No
4908-XAXAY,No,0,0.12878986284392718,No,Low Risk,89.85,0.0,49,One year,Bank transfer (automatic),Fiber optic,No,No
8404-VLQFB,No,0,0.18957330011363835,No,Low Risk,25.25,0.0,15,Month-to-month,Electronic check,No,No internet service,No internet service
1626-ERCMM,Yes,1,0.6429618441854871,Yes,High Risk,94.55,94.55,20,Month-to-month,Electronic check,Fiber optic,No,No
0887-HJGAR,Yes,1,0.5919531673413575,Yes,Medium Risk,45.7,0.0,1,Month-to-month,Mailed check,DSL,No,No
2391-IPLOP,No,0,0.1128754397508795,No,Low Risk,69.65,0.0,50,One year,Electronic check,DSL,Yes,No
5644-PDMZC,Yes,1,0.7028667795357182,Yes,High Risk,89.5,89.5,2,Month-to-month,Electronic check,Fiber optic,No,No
3509-GWQGF,No,0,0.32192017874161244,No,Medium Risk,70.0,0.0,24,Month-to-month,Credit card (automatic),Fiber optic,No,No
9576-ANLXO,Yes,1,0.6065023758185168,Yes,High Risk,69.55,69.55,3,Month-to-month,Bank transfer (automatic),Fiber optic,No,No
2024-BASKD,Yes,1,0.7653546055196001,Yes,High Risk,74.6,74.6,1,Month-to-month,Mailed check,Fiber optic,No,No
5845-BZZIB,No,0,0.022063916656277653,No,Low Risk,20.1,0.0,35,Two year,Mailed check,No,No internet service,No internet service
1140-UKVZG,No,0,0.09925488899595805,No,Low Risk,24.8,0.0,17,Month-to-month,Mailed check,No,No internet service,No internet service
4160-AMJTL,Yes,1,0.1468273906390951,No,Low Risk,19.65,0.0,8,Month-to-month,Electronic check,No,No internet service,No internet service
5183-SNMJQ,No,0,0.5226311983615632,Yes,Medium Risk,95.1,0.0,10,Month-to-month,Credit card (automatic),Fiber optic,Yes,No
8100-PNJMH,No,0,0.029852797919000078,No,Low Risk,88.85,0.0,68,Two year,Credit card (automatic),DSL,Yes,Yes
7838-LAZFO,No,0,0.06749198549223324,No,Low Risk,78.8,0.0,45,One year,Bank transfer (automatic),DSL,No,Yes
4464-JCOLN,Yes,1,0.10196595757617222,No,Low Risk,19.85,0.0,2,One year,Mailed check,No,No internet service,No internet service
2085-JVGAD,No,0,0.06772157046635292,No,Low Risk,20.35,0.0,37,Month-to-month,Bank transfer (automatic),No,No internet service,No internet service
5650-VDUDS,Yes,1,0.5109113542408614,Yes,Medium Risk,24.25,0.0,4,Month-to-month,Mailed check,DSL,No,No
8095-WANWK,No,0,0.2389554882451817,No,Low Risk,45.25,0.0,10,Month-to-month,Mailed check,DSL,No,No
3030-ZKIWL,No,0,0.29872100466145696,No,Low Risk,20.05,0.0,1,Month-to-month,Mailed check,No,No internet service,No internet service
9565-FLVCG,No,0,0.03761320407058665,No,Low Risk,69.55,0.0,65,Two year,Mailed check,DSL,No,Yes
8755-OGKNA,No,0,0.021530871166499266,No,Low Risk,19.5,0.0,57,Two year,Bank transfer (automatic),No,No internet service,No internet service
2800-VEQXM,No,0,0.610990370488789,Yes,High Risk,74.75,74.75,3,Month-to-month,Mailed check,Fiber optic,No,No
7538-GWHML,Yes,1,0.577060148384206,Yes,Medium Risk,69.65,0.0,2,Month-to-month,Electronic check,Fiber optic,No,No
5533-RJFTJ,No,0,0.19369399478395294,No,Low Risk,30.2,0.0,49,Month-to-month,Bank transfer (automatic),DSL,No,No
3859-CVCET,Yes,1,0.3390191747671947,No,Medium Risk,45.65,0.0,4,Month-to-month,Mailed check,DSL,No,No
0214-JHPFW,No,0,0.03952835107853244,No,Low Risk,57.8,0.0,70,Two year,Bank transfer (automatic),DSL,Yes,No
5642-MHDQT,No,0,0.03930765540212812,No,Low Risk,19.85,0.0,53,One year,Bank transfer (automatic),No,No internet service,No internet service
3088-FVYWK,No,0,0.025140281571952163,No,Low Risk,25.55,0.0,53,Two year,Credit card (automatic),No,No internet service,No internet service
3276-HDUEG,Yes,1,0.784069283306234,Yes,High Risk,75.05,75.05,1,Month-to-month,Mailed check,Fiber optic,No,No
9092-GDZKO,No,0,0.11031273605247187,No,Low Risk,24.85,0.0,22,Month-to-month,Credit card (automatic),No,No internet service,No internet service
0823-HSCDJ,Yes,1,0.3253009806224352,No,Medium Risk,49.15,0.0,52,Month-to-month,Electronic check,DSL,No,No
3729-OWRVL,No,0,0.10635116478155995,No,Low Risk,110.35,0.0,65,Two year,Electronic check,Fiber optic,Yes,Yes
2324-AALNO,No,0,0.043787331559957704,No,Low Risk,24.55,0.0,48,One year,Bank transfer (automatic),No,No internet service,No internet service
0822-GAVAP,Yes,1,0.6598359613426403,Yes,High Risk,34.7,34.7,2,Month-to-month,Electronic check,DSL,No,No
5760-IFJOZ,No,0,0.6433701511560953,Yes,High Risk,107.95,107.95,3,Month-to-month,Mailed check,Fiber optic,No,No
2826-UWHIS,No,0,0.24581383535822351,No,Low Risk,81.4,0.0,45,Month-to-month,Bank transfer (automatic),Fiber optic,No,No
1448-PWKYE,Yes,1,0.7730854311237495,Yes,High Risk,80.0,80.0,1,Month-to-month,Electronic check,Fiber optic,No,No
7501-IWUNG,No,0,0.03903353570104518,No,Low Risk,73.8,0.0,61,Two year,Bank transfer (automatic),DSL,Yes,No
4957-TREIR,No,0,0.24839172058178008,No,Low Risk,64.4,0.0,3,Month-to-month,Credit card (automatic),DSL,Yes,Yes
7251-LJBQN,No,0,0.2674378180745204,No,Low Risk,103.75,0.0,40,One year,Credit card (automatic),Fiber optic,Yes,No
8040-MNRTF,No,0,0.7024547306130401,Yes,High Risk,71.1,71.1,1,Month-to-month,Mailed check,Fiber optic,No,No
1536-HBSWP,No,0,0.5186873099713601,Yes,Medium Risk,49.9,0.0,1,Month-to-month,Electronic check,DSL,Yes,No
5313-FPXWG,No,0,0.04769871483599277,No,Low Risk,24.6,0.0,51,One year,Bank transfer (automatic),No,No internet service,No internet service
0067-DKWBL,Yes,1,0.45982496342110163,No,Medium Risk,49.25,0.0,2,Month-to-month,Electronic check,DSL,No,Yes
0946-FKYTX,No,0,0.07533606466475976,No,Low Risk,30.1,0.0,52,One year,Mailed check,DSL,No,No
5076-YVXCM,No,0,0.29410658927022804,No,Low Risk,83.4,0.0,51,Month-to-month,Bank transfer (automatic),Fiber optic,No,No
8262-COGGB,No,0,0.35666769182703767,No,Medium Risk,20.45,0.0,1,Month-to-month,Mailed check,No,No internet service,No internet service
6663-JOCQO,No,0,0.06516112750645928,No,Low Risk,75.25,0.0,31,One year,Bank transfer (automatic),DSL,Yes,Yes
9620-QJREV,No,0,0.03692758139743251,No,Low Risk,20.55,0.0,47,One year,Credit card (automatic),No,No internet service,No internet service
2276-YDAVZ,Yes,1,0.6617457823283381,Yes,High Risk,75.1,75.1,3,Month-to-month,Credit card (automatic),Fiber optic,No,No
2682-KEVRP,No,0,0.06316522204249875,No,Low Risk,20.05,0.0,22,One year,Mailed check,No,No internet service,No internet service
2480-JZOSN,No,0,0.35666769182703767,No,Medium Risk,20.65,0.0,1,Month-to-month,Mailed check,No,No internet service,No internet service
0078-XZMHT,No,0,0.03620436047827767,No,Low Risk,85.15,0.0,72,Two year,Bank transfer (automatic),DSL,Yes,No
5896-NPFWW,Yes,1,0.49283285252852366,No,Medium Risk,50.15,0.0,3,Month-to-month,Electronic check,DSL,No,No
9978-HYCIN,No,0,0.11861119238999902,No,Low Risk,84.95,0.0,47,One year,Bank transfer (automatic),Fiber optic,No,No
8338-QIUNR,No,0,0.023728089718143094,No,Low Risk,66.5,0.0,72,Two year,Credit card (automatic),DSL,Yes,Yes
1525-LNLOJ,No,0,0.05830401694685661,No,Low Risk,63.3,0.0,66,Two year,Bank transfer (automatic),DSL,No,No
9450-TRJUU,No,0,0.4193961462054014,No,Medium Risk,83.15,0.0,35,Month-to-month,Electronic check,Fiber optic,No,No
1766-GKNMI,No,0,0.509383462300358,Yes,Medium Risk,84.9,0.0,29,Month-to-month,Electronic check,Fiber optic,No,No
6942-LBFDP,No,0,0.23499464505099146,No,Low Risk,20.55,0.0,2,Month-to-month,Mailed check,No,No internet service,No internet service
1456-TWCGB,No,0,0.3036232540693233,No,Medium Risk,49.25,0.0,4,Month-to-month,Mailed check,DSL,No,No
7133-VBDCG,Yes,1,0.24204729784619475,No,Low Risk,79.85,0.0,25,Month-to-month,Bank transfer (automatic),Fiber optic,No,Yes
7596-ZYWBB,No,0,0.022211899125897758,No,Low Risk,59.6,0.0,65,Two year,Mailed check,DSL,Yes,Yes
8329-UTMVM,No,0,0.28662288524825574,No,Low Risk,104.65,0.0,27,One year,Bank transfer (automatic),Fiber optic,Yes,No
3014-WJKSM,No,0,0.3268788119927109,No,Medium Risk,75.3,0.0,29,Month-to-month,Credit card (automatic),Fiber optic,No,No
3347-YJZZE,No,0,0.19588697220056175,No,Low Risk,80.1,0.0,29,Month-to-month,Credit card (automatic),DSL,No,No
1029-QFBEN,Yes,1,0.29872100466145696,No,Low Risk,19.55,0.0,1,Month-to-month,Mailed check,No,No internet service,No internet service
7929-DMBCV,No,0,0.28900752567442006,No,Low Risk,81.0,0.0,20,Month-to-month,Mailed check,Fiber optic,Yes,No
9661-JALZV,No,0,0.026370774372571806,No,Low Risk,24.7,0.0,58,Two year,Credit card (automatic),No,No internet service,No internet service
5433-KYGHE,No,0,0.35565053120750273,No,Medium Risk,86.0,0.0,14,Month-to-month,Mailed check,Fiber optic,Yes,Yes
4312-KFRXN,No,0,0.02038926741407629,No,Low Risk,25.4,0.0,72,Two year,Mailed check,No,No internet service,No internet service
5575-TPIZQ,No,0,0.2518636510007504,No,Low Risk,89.15,0.0,46,Month-to-month,Credit card (automatic),Fiber optic,No,Yes
0114-IGABW,No,0,0.034725557528839573,No,Low Risk,58.25,0.0,71,Two year,Bank transfer (automatic),DSL,Yes,No
9944-AEXBM,No,0,0.40924049227797826,No,Medium Risk,85.65,0.0,32,Month-to-month,Bank transfer (automatic),Fiber optic,No,No
1853-ARAAQ,No,0,0.2575597588812744,No,Low Risk,50.35,0.0,26,Month-to-month,Credit card (automatic),DSL,No,No
6952-OMNWB,No,0,0.2666838408952286,No,Low Risk,80.35,0.0,68,Month-to-month,Credit card (automatic),Fiber optic,No,No
4697-LUPSU,No,0,0.10196595757617222,No,Low Risk,20.2,0.0,2,One year,Mailed check,No,No internet service,No internet service
8434-VGEQQ,No,0,0.020720675767412843,No,Low Risk,20.55,0.0,61,Two year,Credit card (automatic),No,No internet service,No internet service
4952-YSOGZ,Yes,1,0.7556046538747292,Yes,High Risk,85.95,85.95,4,Month-to-month,Electronic check,Fiber optic,No,No
1589-AGTLK,Yes,1,0.5004477681852421,Yes,Medium Risk,45.35,0.0,3,Month-to-month,Electronic check,DSL,No,No
5244-IRFIH,Yes,1,0.5627569713811803,Yes,Medium Risk,94.5,0.0,33,Month-to-month,Electronic check,Fiber optic,No,No
6549-YMFAW,No,0,0.15034733248404158,No,Low Risk,21.25,0.0,9,Month-to-month,Mailed check,No,No internet service,No internet service
4950-HKQTE,No,0,0.028458228031355875,No,Low Risk,26.25,0.0,22,Two year,Mailed check,No,No internet service,No internet service
6786-OBWQR,No,0,0.6919552707227697,Yes,High Risk,80.85,80.85,5,Month-to-month,Electronic check,Fiber optic,No,No
2684-EIWEO,Yes,1,0.2647430729438722,No,Low Risk,91.7,0.0,30,Month-to-month,Credit card (automatic),Fiber optic,No,Yes
2753-JMMCV,No,0,0.037010025064880166,No,Low Risk,74.2,0.0,65,Two year,Credit card (automatic),DSL,Yes,No
6439-GTPCA,Yes,1,0.3214275223361703,No,Medium Risk,87.25,0.0,45,Month-to-month,Electronic check,Fiber optic,Yes,No
6621-YOBKI,No,0,0.14575567919699448,No,Low Risk,20.35,0.0,5,Month-to-month,Mailed check,No,No internet service,No internet service
1216-JWVUX,No,0,0.3975107141856001,No,Medium Risk,75.5,0.0,25,Month-to-month,Electronic check,Fiber optic,No,No
7564-GHCVB,No,0,0.04117715943245654,No,Low Risk,79.05,0.0,72,Two year,Bank transfer (automatic),Fiber optic,No,Yes
1173-NOEYG,No,0,0.33893164166970347,No,Medium Risk,90.15,0.0,27,Month-to-month,Bank transfer (automatic),Fiber optic,No,No
7595-EHCDL,No,0,0.2006765674953424,No,Low Risk,50.6,0.0,32,Month-to-month,Credit card (automatic),DSL,No,No
6647-ZEDXT,No,0,0.19137624541766504,No,Low Risk,110.45,0.0,30,One year,Credit card (automatic),Fiber optic,Yes,No
2521-NPUZR,No,0,0.05442986951832207,No,Low Risk,101.0,0.0,70,Two year,Credit card (automatic),Fiber optic,Yes,Yes
1307-TVUFB,No,0,0.3656040412970947,No,Medium Risk,79.35,0.0,42,Month-to-month,Bank transfer (automatic),Fiber optic,No,No
7503-MIOGA,No,0,0.027239826173063284,No,Low Risk,89.85,0.0,72,Two year,Bank transfer (automatic),DSL,Yes,Yes
4381-MHQDC,No,0,0.032809202575783875,No,Low Risk,65.0,0.0,47,Two year,Mailed check,DSL,Yes,Yes
6923-JHPMP,No,0,0.5665885465669467,Yes,Medium Risk,80.45,0.0,2,Month-to-month,Electronic check,Fiber optic,No,Yes
5138-WVKYJ,Yes,1,0.6193465446829284,Yes,High Risk,98.55,98.55,10,Month-to-month,Electronic check,Fiber optic,No,Yes
4018-PPNDW,No,0,0.02357034535425262,No,Low Risk,24.1,0.0,61,Two year,Mailed check,No,No internet service,No internet service
1635-FJFCC,No,0,0.4093349399375932,No,Medium Risk,44.05,0.0,5,Month-to-month,Credit card (automatic),DSL,No,No
2499-AJYUA,No,0,0.056826345356246456,No,Low Risk,110.8,0.0,72,Two year,Credit card (automatic),Fiber optic,Yes,No
6919-ELBGL,No,0,0.04320434803295533,No,Low Risk,114.95,0.0,72,Two year,Bank transfer (automatic),Fiber optic,Yes,Yes
3966-HRMZA,No,0,0.5898079833260961,Yes,Medium Risk,75.05,0.0,3,Month-to-month,Mailed check,Fiber optic,No,No
6425-JWTDV,No,0,0.022188061443804846,No,Low Risk,19.25,0.0,48,Two year,Mailed check,No,No internet service,No internet service
8405-IGQFX,No,0,0.08015339535288302,No,Low Risk,90.05,0.0,63,One year,Credit card (automatic),Fiber optic,Yes,No
8224-IVVPA,No,0,0.11553352463251876,No,Low Risk,56.7,0.0,27,Month-to-month,Mailed check,DSL,No,Yes
9477-LGWQI,No,0,0.03777939971711432,No,Low Risk,80.15,0.0,70,Two year,Credit card (automatic),DSL,No,Yes
1410-RSCMR,No,0,0.15622237503763545,No,Low Risk,71.35,0.0,7,Month-to-month,Credit card (automatic),DSL,Yes,Yes
3115-CZMZD,No,0,0.07520187007787078,No,Low Risk,20.25,0.0,0,Two year,Mailed check,No,No internet service,No internet service
0139-IVFJG,No,0,0.4657155588203279,No,Medium Risk,90.35,0.0,2,Month-to-month,Electronic check,Fiber optic,No,Yes
6683-VLCTZ,Yes,1,0.7039287114708858,Yes,High Risk,98.55,98.55,20,Month-to-month,Electronic check,Fiber optic,No,No
5730-DBDSI,No,0,0.020837423718393398,No,Low Risk,19.7,0.0,66,Two year,Bank transfer (automatic),No,No internet service,No internet service
0030-FNXPP,No,0,0.16696462984100963,No,Low Risk,19.85,0.0,3,Month-to-month,Mailed check,No,No internet service,No internet service
2189-WWOEW,Yes,1,0.4684424688628541,No,Medium Risk,85.9,0.0,15,Month-to-month,Bank transfer (automatic),Fiber optic,No,No
5684-FJVYR,No,0,0.027838119671254012,No,Low Risk,90.35,0.0,72,Two year,Bank transfer (automatic),Fiber optic,Yes,Yes
4013-GUXND,No,0,0.29872100466145696,No,Low Risk,20.8,0.0,1,Month-to-month,Mailed check,No,No internet service,No internet service
1894-IGFSG,Yes,1,0.4427828821741589,No,Medium Risk,89.25,0.0,22,Month-to-month,Electronic check,Fiber optic,No,No
7379-POKDZ,Yes,1,0.6534572742343966,Yes,High Risk,70.3,70.3,3,Month-to-month,Electronic check,Fiber optic,No,No
1266-NZYUI,No,0,0.02380621242395339,No,Low Risk,66.85,0.0,72,Two year,Bank transfer (automatic),DSL,Yes,Yes
7969-FFOWG,No,0,0.020720675767412843,No,Low Risk,19.9,0.0,65,Two year,Mailed check,No,No internet service,No internet service
4718-DHSMV,No,0,0.350410986635149,No,Medium Risk,35.8,0.0,11,Month-to-month,Mailed check,DSL,No,No
5175-WLYXL,No,0,0.36805731066008596,No,Medium Risk,78.85,0.0,22,Month-to-month,Mailed check,Fiber optic,No,No
7817-OMJNA,No,0,0.05212881019529155,No,Low Risk,20.4,0.0,14,One year,Bank transfer (automatic),No,No internet service,No internet service
8728-SKJLR,No,0,0.3179001576909954,No,Medium Risk,74.25,0.0,41,Month-to-month,Electronic check,Fiber optic,Yes,No
3137-NYQQI,No,0,0.0667311948325106,No,Low Risk,64.8,0.0,17,One year,Mailed check,DSL,No,Yes
7706-DZNKK,No,0,0.12306381547305874,No,Low Risk,20.45,0.0,11,Month-to-month,Credit card (automatic),No,No internet service,No internet service
0236-HFWSV,Yes,1,0.6923373520930062,Yes,High Risk,93.35,93.35,15,Month-to-month,Electronic check,Fiber optic,No,No
3900-AQPHZ,Yes,1,0.29872100466145696,No,Low Risk,19.9,0.0,1,Month-to-month,Mailed check,No,No internet service,No internet service
5842-POCOP,Yes,1,0.5385078841319841,Yes,Medium Risk,88.9,0.0,5,Month-to-month,Mailed check,Fiber optic,No,Yes
2037-XJFUP,Yes,1,0.3055689993286915,No,Medium Risk,95.8,0.0,33,One year,Electronic check,Fiber optic,No,No
8823-RLPWL,No,0,0.05765397141274541,No,Low Risk,110.65,0.0,72,Two year,Credit card (automatic),Fiber optic,No,Yes
9505-SQFSW,No,0,0.41526340706308923,No,Medium Risk,40.3,0.0,3,Month-to-month,Mailed check,DSL,No,No
7314-OXENN,Yes,1,0.736850223517581,Yes,High Risk,82.0,82.0,2,Month-to-month,Electronic check,Fiber optic,No,No
3758-CKOQL,No,0,0.1333876727702977,No,Low Risk,107.0,0.0,59,One year,Credit card (automatic),Fiber optic,Yes,Yes
0322-CHQRU,Yes,1,0.47193797387130487,No,Medium Risk,45.35,0.0,2,Month-to-month,Electronic check,DSL,No,No
5676-CFLYY,No,0,0.03096823123053265,No,Low Risk,73.35,0.0,71,Two year,Credit card (automatic),DSL,Yes,No
7521-AFHAB,No,0,0.3377346130388865,No,Medium Risk,44.8,0.0,5,Month-to-month,Mailed check,DSL,No,No
0285-INHLN,No,0,0.11245705504763084,No,Low Risk,54.75,0.0,27,Month-to-month,Credit card (automatic),DSL,No,Yes
4678-DVQEO,Yes,1,0.5685492827105272,Yes,Medium Risk,52.2,0.0,1,Month-to-month,Electronic check,DSL,Yes,No
5125-CNDSP,No,0,0.04431263956319022,No,Low Risk,40.6,0.0,63,One year,Bank transfer (automatic),DSL,Yes,Yes
0691-IFBQW,Yes,1,0.27371864625721565,No,Low Risk,110.0,0.0,46,One year,Electronic check,Fiber optic,No,Yes
4992-LTJNE,No,0,0.03304691183897303,No,Low Risk,55.3,0.0,72,Two year,Bank transfer (automatic),DSL,No,Yes
2202-OUTMO,No,0,0.11105616888310547,No,Low Risk,60.85,0.0,34,Month-to-month,Bank transfer (automatic),DSL,Yes,Yes
0810-BDHAW,No,0,0.1175566703008126,No,Low Risk,78.4,0.0,24,One year,Electronic check,DSL,No,Yes
0229-LFJAF,No,0,0.021285348177522916,No,Low Risk,69.65,0.0,72,Two year,Bank transfer (automatic),DSL,Yes,Yes
7131-ZQZNK,No,0,0.032791594630992016,No,Low Risk,59.85,0.0,60,Two year,Credit card (automatic),DSL,Yes,Yes
3442-ZHHCC,No,0,0.06838507101957898,No,Low Risk,76.9,0.0,68,One year,Credit card (automatic),DSL,No,Yes
5726-CVNYA,No,0,0.04005942484252327,No,Low Risk,19.85,0.0,8,Two year,Mailed check,No,No internet service,No internet service
9871-ELEYA,No,0,0.028859422675764138,No,Low Risk,67.65,0.0,34,Two year,Credit card (automatic),DSL,Yes,Yes
4257-GAESD,No,0,0.3623796177704961,No,Medium Risk,45.0,0.0,6,Month-to-month,Credit card (automatic),DSL,No,No
5173-WXOQV,No,0,0.3655505115094753,No,Medium Risk,64.2,0.0,2,Month-to-month,Mailed check,DSL,Yes,No
2040-OBMLJ,No,0,0.10728335010737393,No,Low Risk,81.7,0.0,31,One year,Credit card (automatic),Fiber optic,Yes,No
6286-ZHAOK,No,0,0.10735841288912154,No,Low Risk,25.55,0.0,20,Month-to-month,Bank transfer (automatic),No,No internet service,No internet service
3807-XHCJH,No,0,0.3315238981683396,No,Medium Risk,20.0,0.0,1,Month-to-month,Electronic check,No,No internet service,No internet service
3009-JWMPU,Yes,1,0.2586574695672917,No,Low Risk,96.75,0.0,62,One year,Electronic check,Fiber optic,No,No
5671-RQRLP,No,0,0.07113958346788565,No,Low Risk,75.65,0.0,70,Two year,Credit card (automatic),Fiber optic,No,No
1450-GALXR,Yes,1,0.7220002571231956,Yes,High Risk,98.5,98.5,10,Month-to-month,Electronic check,Fiber optic,Yes,No
8859-AXJZP,No,0,0.03029645459302573,No,Low Risk,23.8,0.0,39,Two year,Mailed check,No,No internet service,No internet service
3174-AKMAS,No,0,0.038621968007784585,No,Low Risk,64.2,0.0,46,Two year,Credit card (automatic),DSL,Yes,No
3138-BKYAV,Yes,1,0.6465723638789538,Yes,High Risk,85.35,85.35,6,Month-to-month,Electronic check,Fiber optic,No,No
9926-PJHDQ,No,0,0.05654881752500991,No,Low Risk,76.8,0.0,72,Two year,Bank transfer (automatic),DSL,No,No
7382-DFJTU,No,0,0.1174554439853913,No,Low Risk,55.2,0.0,18,Month-to-month,Credit card (automatic),DSL,Yes,No
2798-NYLMZ,No,0,0.06664243315099197,No,Low Risk,108.55,0.0,71,Two year,Credit card (automatic),Fiber optic,Yes,Yes
4289-DTDKW,Yes,1,0.5619565632661919,Yes,Medium Risk,101.3,0.0,40,Month-to-month,Electronic check,Fiber optic,No,No
1820-TQVEV,Yes,1,0.804979670889202,Yes,High Risk,69.55,69.55,1,Month-to-month,Electronic check,Fiber optic,No,No
2239-JALAW,Yes,1,0.22090462121823623,No,Low Risk,103.25,0.0,58,One year,Bank transfer (automatic),Fiber optic,No,No
4853-RULSV,Yes,1,0.07806114388810252,No,Low Risk,104.0,0.0,70,Two year,Credit card (automatic),Fiber optic,Yes,Yes
8098-TDCBU,No,0,0.03472152942518618,No,Low Risk,25.25,0.0,42,Two year,Electronic check,No,No internet service,No internet service
3551-GAEGL,No,0,0.06629629162122078,No,Low Risk,30.4,0.0,34,One year,Bank transfer (automatic),DSL,No,Yes
4785-NKHCX,No,0,0.17427343953831165,No,Low Risk,20.05,0.0,5,Month-to-month,Bank transfer (automatic),No,No internet service,No internet service
3196-NVXLZ,No,0,0.4266954736287895,No,Medium Risk,84.6,0.0,25,Month-to-month,Mailed check,Fiber optic,No,No
6275-YDUVO,Yes,1,0.6949735098955312,Yes,High Risk,86.2,86.2,2,Month-to-month,Mailed check,Fiber optic,No,No
0036-IHMOT,No,0,0.15617773486603,No,Low Risk,103.7,0.0,55,One year,Bank transfer (automatic),Fiber optic,Yes,No
0115-TFERT,Yes,1,0.6155419606389316,Yes,High Risk,111.2,111.2,21,Month-to-month,Electronic check,Fiber optic,Yes,No
4178-EGMON,No,0,0.03291736149299773,No,Low Risk,88.0,0.0,70,Two year,Credit card (automatic),Fiber optic,Yes,Yes
4220-TINQT,No,0,0.4163263449330905,No,Medium Risk,106.35,0.0,61,Month-to-month,Electronic check,Fiber optic,Yes,No
5318-YKDPV,No,0,0.03777043594570556,No,Low Risk,79.15,0.0,43,Two year,Credit card (automatic),DSL,Yes,Yes
7975-TZMLR,No,0,0.30838702163343845,No,Medium Risk,103.1,0.0,47,One year,Electronic check,Fiber optic,No,No
0295-QVKPB,No,0,0.3393147790018581,No,Medium Risk,63.95,0.0,5,Month-to-month,Credit card (automatic),DSL,Yes,No
4335-BSMJS,No,0,0.02428168161540493,No,Low Risk,25.8,0.0,62,Two year,Credit card (automatic),No,No internet service,No internet service
2311-QYMUQ,Yes,1,0.4644086323306062,No,Medium Risk,89.45,0.0,16,Month-to-month,Credit card (automatic),Fiber optic,No,No
3643-AHCFP,Yes,1,0.7147370524454572,Yes,High Risk,95.6,95.6,7,Month-to-month,Bank transfer (automatic),Fiber optic,No,No
9146-JRIOX,No,0,0.11008819501237908,No,Low Risk,25.55,0.0,14,Month-to-month,Mailed check,No,No internet service,No internet service
3104-OWCGK,Yes,1,0.10853281204697866,No,Low Risk,90.95,0.0,60,One year,Electronic check,Fiber optic,No,No
5337-IIWKZ,No,0,0.23423194052032326,No,Low Risk,44.85,0.0,34,Month-to-month,Electronic check,DSL,Yes,No
9101-BWFSS,Yes,1,0.2015721499343791,No,Low Risk,108.55,0.0,50,One year,Electronic check,Fiber optic,Yes,Yes
9650-VBUOG,No,0,0.025140281571952163,No,Low Risk,25.05,0.0,38,Two year,Credit card (automatic),No,No internet service,No internet service
3487-EARAT,No,0,0.0428635980966758,No,Low Risk,74.1,0.0,70,One year,Credit card (automatic),DSL,Yes,Yes
2672-TGEFF,No,0,0.4334682033914125,No,Medium Risk,88.8,0.0,37,Month-to-month,Electronic check,Fiber optic,No,No
9231-ZJYAM,Yes,1,0.7006492178941073,Yes,High Risk,78.85,78.85,4,Month-to-month,Electronic check,Fiber optic,No,No
4250-WAROZ,No,0,0.25459650581718485,No,Low Risk,93.25,0.0,60,Month-to-month,Electronic check,Fiber optic,No,Yes
8184-WMOFI,No,0,0.046553572083325966,No,Low Risk,71.4,0.0,62,One year,Credit card (automatic),DSL,Yes,Yes
6982-SSHFK,Yes,1,0.512196654971884,Yes,Medium Risk,44.4,0.0,1,Month-to-month,Mailed check,DSL,No,No
6092-QZVPP,No,0,0.1289512977354105,No,Low Risk,79.2,0.0,36,Month-to-month,Credit card (automatic),DSL,Yes,Yes
4625-LAMOB,No,0,0.022188061443804846,No,Low Risk,20.4,0.0,44,Two year,Credit card (automatic),No,No internet service,No internet service
0727-BMPLR,Yes,1,0.2944905189274005,No,Low Risk,100.0,0.0,55,One year,Electronic check,Fiber optic,No,No
0392-BZIUW,No,0,0.08559871308239542,No,Low Risk,105.0,0.0,72,Two year,Credit card (automatic),Fiber optic,No,Yes
1038-ZAGBI,Yes,1,0.05499662513403321,No,Low Risk,19.8,0.0,12,One year,Bank transfer (automatic),No,No internet service,No internet service
6549-NNDYT,No,0,0.221671594630868,No,Low Risk,30.85,0.0,13,Month-to-month,Bank transfer (automatic),DSL,No,Yes
3027-ZTDHO,Yes,1,0.8550338314190217,Yes,High Risk,89.9,89.9,1,Month-to-month,Electronic check,Fiber optic,No,No
0422-OHQHQ,No,0,0.051846025864619436,No,Low Risk,20.55,0.0,15,One year,Mailed check,No,No internet service,No internet service
6916-HIJSE,No,0,0.027570846073044285,No,Low Risk,84.85,0.0,65,Two year,Bank transfer (automatic),DSL,Yes,Yes
2316-ESMLS,No,0,0.07954272300480535,No,Low Risk,33.15,0.0,12,One year,Credit card (automatic),DSL,Yes,Yes
9778-OGKQZ,No,0,0.026776781786140343,No,Low Risk,92.0,0.0,72,Two year,Credit card (automatic),DSL,Yes,Yes
7408-OFWXJ,No,0,0.02607968312218924,No,Low Risk,89.8,0.0,72,Two year,Credit card (automatic),DSL,Yes,Yes
6007-TCTST,No,0,0.04330474759663763,No,Low Risk,115.8,0.0,72,Two year,Bank transfer (automatic),Fiber optic,Yes,Yes
2252-NKNSI,No,0,0.03434791585059977,No,Low Risk,85.15,0.0,52,Two year,Mailed check,DSL,Yes,Yes
8713-IGZSO,No,0,0.20567452373590317,No,Low Risk,24.85,0.0,2,Month-to-month,Mailed check,No,No internet service,No internet service
7905-TVXTA,No,0,0.25605741013475486,No,Low Risk,64.35,0.0,5,Month-to-month,Electronic check,DSL,Yes,Yes
7695-PKLCZ,No,0,0.020837423718393398,No,Low Risk,20.5,0.0,68,Two year,Credit card (automatic),No,No internet service,No internet service
2382-BCKQJ,Yes,1,0.25554427699230114,No,Low Risk,100.15,0.0,62,One year,Electronic check,Fiber optic,No,No
8374-UULRV,No,0,0.026225817068399517,No,Low Risk,86.05,0.0,72,Two year,Credit card (automatic),DSL,Yes,Yes
2207-NHRJK,Yes,1,0.5517990155415063,Yes,Medium Risk,50.8,0.0,1,Month-to-month,Electronic check,DSL,No,No
3224-DFQNQ,No,0,0.07542717206933863,No,Low Risk,89.0,0.0,66,One year,Electronic check,Fiber optic,Yes,Yes
5275-PMFUT,No,0,0.025521445337405805,No,Low Risk,64.8,0.0,72,Two year,Credit card (automatic),DSL,Yes,Yes
4795-UXVCJ,No,0,0.03713218255245417,No,Low Risk,19.8,0.0,26,One year,Credit card (automatic),No,No internet service,No internet service
9777-IQHWP,No,0,0.05106727491144422,No,Low Risk,93.4,0.0,64,Two year,Bank transfer (automatic),Fiber optic,No,Yes
0947-MUGVO,Yes,1,0.471531683749747,No,Medium Risk,73.65,0.0,20,Month-to-month,Electronic check,Fiber optic,No,No
9944-HKVVB,Yes,1,0.71126174030354,Yes,High Risk,95.1,95.1,3,Month-to-month,Electronic check,Fiber optic,No,No
4124-MMETB,Yes,1,0.4881066156658445,No,Medium Risk,94.65,0.0,22,Month-to-month,Credit card (automatic),Fiber optic,No,No
3671-SHRSP,Yes,1,0.5517135383093048,Yes,Medium Risk,80.6,0.0,4,Month-to-month,Mailed check,Fiber optic,Yes,No
0979-MOZQI,No,0,0.0452541766828315,No,Low Risk,39.0,0.0,62,Two year,Bank transfer (automatic),DSL,Yes,No
2732-ISEZX,No,0,0.17842673298966455,No,Low Risk,20.5,0.0,5,Month-to-month,Mailed check,No,No internet service,No internet service
3313-QKNKB,Yes,1,0.15172107035791324,No,Low Risk,85.55,0.0,59,One year,Electronic check,Fiber optic,No,No
0323-XWWTN,No,0,0.07348633477486999,No,Low Risk,26.4,0.0,3,Two year,Mailed check,No,No internet service,No internet service
1937-OTUKY,No,0,0.056180686856441196,No,Low Risk,98.2,0.0,72,Two year,Bank transfer (automatic),Fiber optic,Yes,Yes
1573-LGXBA,No,0,0.1560630230047478,No,Low Risk,97.55,0.0,57,One year,Credit card (automatic),Fiber optic,No,No
1764-VUUMT,No,0,0.020720675767412843,No,Low Risk,19.95,0.0,66,Two year,Credit card (automatic),No,No internet service,No internet service
5073-WXOYN,Yes,1,0.2623340243421007,No,Low Risk,50.8,0.0,60,Month-to-month,Electronic check,DSL,No,No
4713-ZBURT,No,0,0.12408039734508544,No,Low Risk,99.7,0.0,45,Two year,Bank transfer (automatic),Fiber optic,No,No
3050-GBUSH,No,0,0.5733021279619348,Yes,Medium Risk,34.8,0.0,3,Month-to-month,Credit card (automatic),DSL,No,No
0207-MDKNV,Yes,1,0.48308466291223967,No,Medium Risk,105.1,0.0,15,Month-to-month,Electronic check,Fiber optic,Yes,Yes
7876-AEHIG,No,0,0.06831305617989286,No,Low Risk,60.15,0.0,51,One year,Bank transfer (automatic),DSL,Yes,Yes
7945-HLKEA,No,0,0.0642858642347363,No,Low Risk,64.75,0.0,60,One year,Electronic check,DSL,Yes,Yes
9342-VNIMQ,No,0,0.18816161310452414,No,Low Risk,54.65,0.0,33,Month-to-month,Bank transfer (automatic),DSL,No,No
9851-KIELU,Yes,1,0.5432709927789672,Yes,Medium Risk,110.1,0.0,10,Month-to-month,Electronic check,Fiber optic,Yes,Yes
3523-BRGUW,No,0,0.04729746183367777,No,Low Risk,19.3,0.0,26,One year,Credit card (automatic),No,No internet service,No internet service
3908-BLSYF,Yes,1,0.5730294428730329,Yes,Medium Risk,83.9,0.0,6,Month-to-month,Electronic check,Fiber optic,No,No
3199-NPKCN,No,0,0.20122430677299072,No,Low Risk,111.25,0.0,67,One year,Electronic check,Fiber optic,Yes,Yes
5170-PTRKA,No,0,0.0536851413926083,No,Low Risk,35.8,0.0,49,One year,Credit card (automatic),DSL,Yes,Yes
4661-NJEUX,No,0,0.3643492574644425,No,Medium Risk,20.05,0.0,1,Month-to-month,Mailed check,No,No internet service,No internet service
2123-AGEEN,No,0,0.6758982702223839,Yes,High Risk,84.35,84.35,7,Month-to-month,Electronic check,Fiber optic,No,No
1258-YMZNM,No,0,0.2825372474631624,No,Low Risk,110.5,0.0,27,One year,Bank transfer (automatic),Fiber optic,No,Yes
0048-LUMLS,No,0,0.12243803599540674,No,Low Risk,91.2,0.0,37,One year,Credit card (automatic),Fiber optic,No,No
7549-MYGPK,Yes,1,0.3375828722057404,No,Medium Risk,100.55,0.0,63,Month-to-month,Electronic check,Fiber optic,No,Yes
5898-IGSLP,No,0,0.2507176531377275,No,Low Risk,89.3,0.0,31,Month-to-month,Electronic check,Fiber optic,Yes,Yes
3804-RVTGV,Yes,1,0.41976717695930243,No,Medium Risk,103.85,0.0,50,Month-to-month,Bank transfer (automatic),Fiber optic,No,No
6259-WJQLC,No,0,0.4352278546237996,No,Medium Risk,81.1,0.0,32,Month-to-month,Credit card (automatic),Fiber optic,No,No
9227-LUNBG,Yes,1,0.5875009171771315,Yes,Medium Risk,24.6,0.0,1,Month-to-month,Electronic check,DSL,No,No
7997-EASSD,No,0,0.08196557586762045,No,Low Risk,81.2,0.0,63,One year,Credit card (automatic),Fiber optic,Yes,No
0730-KOAVE,No,0,0.32971060637496696,No,Medium Risk,94.3,0.0,30,Month-to-month,Credit card (automatic),Fiber optic,No,Yes
8975-SKGRX,No,0,0.04458445993125252,No,Low Risk,116.1,0.0,71,Two year,Bank transfer (automatic),Fiber optic,Yes,Yes
0678-RLHVP,No,0,0.1689474090860708,No,Low Risk,105.55,0.0,53,Two year,Electronic check,Fiber optic,No,No
4315-MURBD,Yes,1,0.4863807863272771,No,Medium Risk,98.9,0.0,12,Month-to-month,Bank transfer (automatic),Fiber optic,Yes,Yes
2267-FPIMA,No,0,0.25603252570881446,No,Low Risk,94.4,0.0,50,Month-to-month,Credit card (automatic),Fiber optic,No,Yes
1051-GEJLJ,No,0,0.20101189316519963,No,Low Risk,19.5,0.0,2,Month-to-month,Mailed check,No,No internet service,No internet service
9734-YWGEX,Yes,1,0.6545231405513556,Yes,High Risk,98.3,98.3,9,Month-to-month,Credit card (automatic),Fiber optic,No,No
2719-BDAQO,Yes,1,0.4493893104756655,No,Medium Risk,93.85,0.0,17,Month-to-month,Electronic check,Fiber optic,No,Yes
5285-MVEHD,No,0,0.15472537345595663,No,Low Risk,105.6,0.0,56,One year,Credit card (automatic),Fiber optic,No,Yes
0379-DJQHR,No,0,0.03647059639198988,No,Low Risk,81.35,0.0,67,Two year,Credit card (automatic),DSL,No,Yes
0781-LKXBR,Yes,1,0.8022244703271275,Yes,High Risk,100.5,100.5,9,Month-to-month,Electronic check,Fiber optic,No,No
5543-QDCRY,No,0,0.48207329816658123,No,Medium Risk,56.4,0.0,4,Month-to-month,Electronic check,DSL,No,No
0297-RBCSG,No,0,0.0767503459832921,No,Low Risk,65.35,0.0,19,One year,Bank transfer (automatic),DSL,Yes,No
4694-PHWFW,No,0,0.0993172638344018,No,Low Risk,19.95,0.0,8,Month-to-month,Mailed check,No,No internet service,No internet service
0835-JKADZ,No,0,0.08300661033689898,No,Low Risk,111.25,0.0,71,Two year,Electronic check,Fiber optic,Yes,No
1907-UBQFC,Yes,1,0.5832676492221633,Yes,Medium Risk,72.85,0.0,10,Month-to-month,Electronic check,Fiber optic,No,No
7508-SMHXL,No,0,0.5102902553233405,Yes,Medium Risk,89.0,0.0,15,Month-to-month,Credit card (automatic),Fiber optic,No,No
3865-YIOTT,No,0,0.1440463958170367,No,Low Risk,106.1,0.0,72,One year,Bank transfer (automatic),Fiber optic,No,Yes
5993-BQHEA,No,0,0.055295591634267206,No,Low Risk,20.05,0.0,12,One year,Credit card (automatic),No,No internet service,No internet service
6024-RUGGH,No,0,0.02066477272694156,No,Low Risk,25.2,0.0,72,Two year,Bank transfer (automatic),No,No internet service,No internet service
6513-EECDB,Yes,1,0.8469943135896922,Yes,High Risk,73.55,73.55,1,Month-to-month,Electronic check,Fiber optic,No,No
3956-CJUST,No,0,0.30447658035626207,No,Medium Risk,75.4,0.0,23,Month-to-month,Bank transfer (automatic),Fiber optic,No,Yes
4079-WWQQQ,No,0,0.0267207190913546,No,Low Risk,65.55,0.0,72,Two year,Bank transfer (automatic),DSL,Yes,Yes
6103-BOCOU,No,0,0.4843156159112827,No,Medium Risk,80.7,0.0,26,Month-to-month,Electronic check,Fiber optic,No,No
5149-TGWDZ,No,0,0.2467551731016175,No,Low Risk,104.55,0.0,21,One year,Mailed check,Fiber optic,Yes,No
7471-WNSUF,No,0,0.04034262103235073,No,Low Risk,24.15,0.0,60,One year,Bank transfer (automatic),No,No internet service,No internet service
8942-DBMHZ,No,0,0.09930474927834759,No,Low Risk,20.45,0.0,12,Month-to-month,Mailed check,No,No internet service,No internet service
4301-VVZKA,No,0,0.6062572649818767,Yes,High Risk,75.4,75.4,16,Month-to-month,Electronic check,Fiber optic,No,No
9199-PWQVC,No,0,0.07793875456775155,No,Low Risk,79.7,0.0,63,One year,Credit card (automatic),DSL,No,Yes
4824-GUCBY,No,0,0.3162208427096108,No,Medium Risk,81.7,0.0,22,Month-to-month,Electronic check,Fiber optic,No,Yes
5393-HJZSM,No,0,0.08126156864753235,No,Low Risk,76.3,0.0,32,Month-to-month,Bank transfer (automatic),DSL,Yes,Yes
7074-IEVOJ,Yes,1,0.7212601848051132,Yes,High Risk,79.4,79.4,3,Month-to-month,Electronic check,Fiber optic,No,No
9625-QSTYE,Yes,1,0.5328057488956665,Yes,Medium Risk,81.15,0.0,13,Month-to-month,Electronic check,Fiber optic,No,No
0862-PRCBS,No,0,0.09132749784990922,No,Low Risk,103.75,0.0,68,Two year,Credit card (automatic),Fiber optic,Yes,No
8812-ZRHFP,No,0,0.15868185779504485,No,Low Risk,86.45,0.0,30,One year,Electronic check,Fiber optic,No,No
5146-CBVOE,No,0,0.3326340291907483,No,Medium Risk,75.1,0.0,16,Month-to-month,Bank transfer (automatic),Fiber optic,No,No
0454-OKRCT,No,0,0.051885104372927975,No,Low Risk,80.6,0.0,33,Two year,Bank transfer (automatic),Fiber optic,Yes,No
5787-KXGIY,No,0,0.01826244383159915,No,Low Risk,19.3,0.0,72,Two year,Credit card (automatic),No,No internet service,No internet service
4750-ZRXIU,Yes,1,0.7840299783725095,Yes,High Risk,84.6,84.6,4,Month-to-month,Electronic check,Fiber optic,No,No
4198-VFOEA,No,0,0.09889507797676071,No,Low Risk,33.6,0.0,12,One year,Mailed check,DSL,Yes,Yes
6630-UJZMY,No,0,0.7637868413029482,Yes,High Risk,83.25,83.25,4,Month-to-month,Electronic check,Fiber optic,No,No
5709-LVOEQ,No,0,0.1359247663963242,No,Low Risk,80.85,0.0,0,Two year,Mailed check,DSL,No,Yes
6400-BWQKW,Yes,1,0.5563291999883022,Yes,Medium Risk,79.05,0.0,6,Month-to-month,Electronic check,Fiber optic,No,Yes
2692-AQCPF,No,0,0.16560350059329246,No,Low Risk,108.05,0.0,65,One year,Credit card (automatic),Fiber optic,Yes,No
0347-UBKUZ,No,0,0.0938679944595526,No,Low Risk,19.9,0.0,15,Month-to-month,Mailed check,No,No internet service,No internet service
0835-DUUIQ,No,0,0.040425220626350046,No,Low Risk,21.05,0.0,24,One year,Bank transfer (automatic),No,No internet service,No internet service
0811-GSDTP,No,0,0.276399220470864,No,Low Risk,30.15,0.0,13,Month-to-month,Electronic check,DSL,No,No
7567-ECMCM,No,0,0.3703463100710592,No,Medium Risk,79.85,0.0,24,Month-to-month,Credit card (automatic),Fiber optic,No,No
6115-ZTBFQ,No,0,0.026170876911220317,No,Low Risk,65.5,0.0,72,Two year,Bank transfer (automatic),DSL,Yes,Yes
6353-BRMMA,No,0,0.3428862393053255,No,Medium Risk,104.1,0.0,54,Month-to-month,Bank transfer (automatic),Fiber optic,No,Yes
6680-WKXRZ,Yes,1,0.5914906194327166,Yes,Medium Risk,74.4,0.0,3,Month-to-month,Bank transfer (automatic),Fiber optic,No,No
6231-WFGFH,No,0,0.17400499943536835,No,Low Risk,20.5,0.0,4,Month-to-month,Mailed check,No,No internet service,No internet service
9904-EHEVJ,No,0,0.45070131717042605,No,Medium Risk,91.35,0.0,32,Month-to-month,Mailed check,Fiber optic,No,No
7028-DVOIQ,Yes,1,0.5970221546516203,Yes,Medium Risk,99.05,0.0,35,Month-to-month,Electronic check,Fiber optic,No,No
6169-PPETC,No,0,0.022063916656277653,No,Low Risk,20.5,0.0,35,Two year,Bank transfer (automatic),No,No internet service,No internet service
4208-UFFGW,Yes,1,0.5000951488582681,Yes,Medium Risk,44.95,0.0,2,Month-to-month,Mailed check,DSL,No,No
8584-KMVXD,No,0,0.451756191491281,No,Medium Risk,75.6,0.0,8,Month-to-month,Electronic check,Fiber optic,No,No
8467-WYNSR,No,0,0.08334419569845057,No,Low Risk,55.1,0.0,22,Month-to-month,Mailed check,DSL,Yes,Yes
0851-DFJKB,No,0,0.14368818283545212,No,Low Risk,58.95,0.0,15,Month-to-month,Electronic check,DSL,Yes,Yes
5382-SOYZL,No,0,0.6191957375440463,Yes,High Risk,95.1,95.1,22,Month-to-month,Electronic check,Fiber optic,No,No
9448-REEVD,Yes,1,0.4926504528608623,No,Medium Risk,44.7,0.0,1,Month-to-month,Credit card (automatic),DSL,No,No
3261-CQXOL,No,0,0.020274978401497466,No,Low Risk,25.45,0.0,71,Two year,Bank transfer (automatic),No,No internet service,No internet service
8388-FYNPZ,No,0,0.24494236146191212,No,Low Risk,56.75,0.0,4,Month-to-month,Electronic check,DSL,No,Yes
4002-BQWPQ,No,0,0.1024686069445535,No,Low Risk,81.75,0.0,25,Month-to-month,Bank transfer (automatic),DSL,Yes,Yes
5651-YLPRD,No,0,0.42003330146238244,No,Medium Risk,86.1,0.0,32,Month-to-month,Electronic check,Fiber optic,No,No
2826-DXLQO,No,0,0.22735704769079876,No,Low Risk,29.8,0.0,7,Month-to-month,Bank transfer (automatic),DSL,No,Yes
4378-BZYFP,No,0,0.05703613732904029,No,Low Risk,20.5,0.0,17,One year,Mailed check,No,No internet service,No internet service
9489-UTFKA,No,0,0.21165325824147346,No,Low Risk,60.9,0.0,8,Month-to-month,Bank transfer (automatic),DSL,No,Yes
4849-PYRLQ,No,0,0.039225253073782836,No,Low Risk,73.25,0.0,56,Two year,Bank transfer (automatic),DSL,Yes,Yes
9117-SHLZX,Yes,1,0.5919531673413575,Yes,Medium Risk,45.7,0.0,1,Month-to-month,Mailed check,DSL,No,No
9889-TMAHG,Yes,1,0.47225514970486265,No,Medium Risk,100.3,0.0,8,Month-to-month,Credit card (automatic),Fiber optic,Yes,Yes
4541-RMRLG,Yes,1,0.12891869239285755,No,Low Risk,19.25,0.0,7,Month-to-month,Electronic check,No,No internet service,No internet service
7764-BDPEE,No,0,0.16616810074704944,No,Low Risk,20.85,0.0,3,Month-to-month,Mailed check,No,No internet service,No internet service
3429-IFLEM,No,0,0.021667763848373257,No,Low Risk,77.35,0.0,71,Two year,Credit card (automatic),DSL,Yes,Yes
3158-MOERK,Yes,1,0.8179449762795294,Yes,High Risk,96.0,96.0,2,Month-to-month,Electronic check,Fiber optic,No,No
7294-TMAOP,Yes,1,0.7979893441417378,Yes,High Risk,90.55,90.55,1,Month-to-month,Electronic check,Fiber optic,No,No
5002-GCQFH,No,0,0.25904953396956554,No,Low Risk,93.85,0.0,49,Month-to-month,Bank transfer (automatic),Fiber optic,No,Yes
0556-FJEGU,No,0,0.03345581370546937,No,Low Risk,70.1,0.0,58,Two year,Bank transfer (automatic),DSL,Yes,No
8919-FYFQZ,Yes,1,0.2745357500161744,No,Low Risk,30.35,0.0,44,Month-to-month,Electronic check,DSL,No,No
0604-THJFP,No,0,0.03729892684961076,No,Low Risk,75.95,0.0,59,Two year,Credit card (automatic),DSL,Yes,No
2834-JRTUA,Yes,1,0.0966684490356995,No,Low Risk,108.05,0.0,71,Two year,Electronic check,Fiber optic,Yes,Yes
5875-YPQFJ,Yes,1,0.804979670889202,Yes,High Risk,69.9,69.9,1,Month-to-month,Electronic check,Fiber optic,No,No
5879-SESNB,No,0,0.5183905950000735,Yes,Medium Risk,75.25,0.0,11,Month-to-month,Electronic check,Fiber optic,No,No
6646-QVXLR,Yes,1,0.25453937841496116,No,Low Risk,103.75,0.0,62,One year,Electronic check,Fiber optic,No,No
6461-PPAXN,No,0,0.04949721356368167,No,Low Risk,54.95,0.0,35,One year,Bank transfer (automatic),DSL,Yes,Yes
3318-ISQFQ,No,0,0.09357514076029,No,Low Risk,19.5,0.0,20,Month-to-month,Bank transfer (automatic),No,No internet service,No internet service
1106-HRLKZ,No,0,0.022063916656277653,No,Low Risk,19.6,0.0,40,Two year,Mailed check,No,No internet service,No internet service
2483-XSSMZ,No,0,0.09409365776567304,No,Low Risk,47.85,0.0,39,One year,Electronic check,DSL,No,Yes
8603-IJWDN,Yes,1,0.8625483765922889,Yes,High Risk,86.6,86.6,1,Month-to-month,Electronic check,Fiber optic,No,No
8165-ZJRNM,No,0,0.020274978401497466,No,Low Risk,23.75,0.0,72,Two year,Bank transfer (automatic),No,No internet service,No internet service
9369-XFEHK,Yes,1,0.4059346658453062,No,Medium Risk,80.6,0.0,33,Month-to-month,Bank transfer (automatic),Fiber optic,No,No
2604-XVDAM,No,0,0.21327812909752014,No,Low Risk,43.8,0.0,12,Month-to-month,Bank transfer (automatic),DSL,No,No
3717-OFRTN,No,0,0.29872100466145696,No,Low Risk,19.75,0.0,1,Month-to-month,Bank transfer (automatic),No,No internet service,No internet service
9046-JBFWA,No,0,0.0673602108474518,No,Low Risk,19.15,0.0,27,Month-to-month,Mailed check,No,No internet service,No internet service
3280-NMUVX,No,0,0.03692758139743251,No,Low Risk,19.6,0.0,34,One year,Credit card (automatic),No,No internet service,No internet service
1206-EHBDD,No,0,0.042726275943239196,No,Low Risk,80.3,0.0,56,Two year,Bank transfer (automatic),Fiber optic,No,Yes
8361-LBRDI,No,0,0.024163944027121645,No,Low Risk,24.35,0.0,58,Two year,Credit card (automatic),No,No internet service,No internet service
4883-KCPZJ,No,0,0.02830001629047621,No,Low Risk,25.25,0.0,22,Two year,Credit card (automatic),No,No internet service,No internet service
9108-EQPNQ,No,0,0.03808254801414206,No,Low Risk,26.1,0.0,10,Two year,Credit card (automatic),No,No internet service,No internet service
7277-KAMWT,No,0,0.031345668258446514,No,Low Risk,20.0,0.0,13,Two year,Credit card (automatic),No,No internet service,No internet service
3842-IYKUE,Yes,1,0.2357941197348118,No,Low Risk,85.3,0.0,35,Month-to-month,Credit card (automatic),Fiber optic,Yes,No
6641-XRPSU,Yes,1,0.32274630108174857,No,Medium Risk,70.0,0.0,34,Month-to-month,Credit card (automatic),Fiber optic,No,No
1374-DMZUI,Yes,1,0.7986252457979277,Yes,High Risk,94.3,94.3,4,Month-to-month,Electronic check,Fiber optic,No,No
2545-LXYVJ,No,0,0.01826244383159915,No,Low Risk,20.7,0.0,72,Two year,Bank transfer (automatic),No,No internet service,No internet service
3234-VKACU,No,0,0.3848674133603401,No,Medium Risk,70.3,0.0,2,Month-to-month,Electronic check,DSL,Yes,No
8357-EQXFO,Yes,1,0.7061974785649301,Yes,High Risk,95.35,95.35,7,Month-to-month,Electronic check,Fiber optic,No,No
1989-PRJHP,Yes,1,0.5027558276172954,Yes,Medium Risk,75.5,0.0,27,Month-to-month,Electronic check,Fiber optic,No,No
8120-JDCAM,No,0,0.5992093916702956,Yes,Medium Risk,69.55,0.0,4,Month-to-month,Mailed check,Fiber optic,No,No
8917-FAEMR,No,0,0.022188061443804846,No,Low Risk,19.85,0.0,37,Two year,Mailed check,No,No internet service,No internet service
7047-YXDMZ,No,0,0.0750221930391616,No,Low Risk,20.0,0.0,21,Month-to-month,Mailed check,No,No internet service,No internet service
2858-EIMXH,No,0,0.22675781844332618,No,Low Risk,95.85,0.0,53,One year,Credit card (automatic),Fiber optic,No,No
9524-EGPJC,Yes,1,0.48924113324404145,No,Medium Risk,90.1,0.0,18,Month-to-month,Electronic check,Fiber optic,Yes,No
6993-OHLXR,Yes,1,0.577060148384206,Yes,Medium Risk,68.95,0.0,2,Month-to-month,Electronic check,Fiber optic,No,No
8818-XYFCQ,Yes,1,0.4167162246946515,No,Medium Risk,99.55,0.0,32,Month-to-month,Credit card (automatic),Fiber optic,No,Yes
6419-ZTTLE,No,0,0.08494291654620743,No,Low Risk,20.75,0.0,23,One year,Electronic check,No,No internet service,No internet service
0929-HYQEW,No,0,0.3096627016100248,No,Medium Risk,50.15,0.0,3,Month-to-month,Mailed check,DSL,No,Yes
6614-YOLAC,No,0,0.02560531765282729,No,Low Risk,58.65,0.0,71,Two year,Mailed check,DSL,Yes,Yes
7426-RHZGU,No,0,0.5286561793559426,Yes,Medium Risk,95.9,0.0,9,Month-to-month,Bank transfer (automatic),Fiber optic,Yes,No
4065-JJAVA,No,0,0.5016978651602549,Yes,Medium Risk,49.5,0.0,1,Month-to-month,Electronic check,DSL,No,No
4695-VADHF,Yes,1,0.23569083809154773,No,Low Risk,57.45,0.0,18,Month-to-month,Electronic check,DSL,No,No
3863-IUBJR,Yes,1,0.1223454114514472,No,Low Risk,53.65,0.0,12,One year,Credit card (automatic),DSL,No,No
7649-SIJJF,No,0,0.024015131218901375,No,Low Risk,80.1,0.0,71,Two year,Mailed check,DSL,Yes,Yes
9361-YNQWJ,No,0,0.04208760216076931,No,Low Risk,24.4,0.0,64,One year,Bank transfer (automatic),No,No internet service,No internet service
3748-FVMZZ,No,0,0.45431141535875,No,Medium Risk,40.05,0.0,4,Month-to-month,Electronic check,DSL,Yes,No
9391-TTOYH,No,0,0.0922178355603814,No,Low Risk,19.5,0.0,23,Month-to-month,Mailed check,No,No internet service,No internet service
1452-XRSJV,No,0,0.09822529113752372,No,Low Risk,51.05,0.0,39,Month-to-month,Credit card (automatic),DSL,No,Yes
3422-WJOYD,No,0,0.041439449917993185,No,Low Risk,54.35,0.0,28,One year,Mailed check,DSL,Yes,Yes
8242-SOQUO,No,0,0.6951795192204681,Yes,High Risk,84.7,84.7,5,Month-to-month,Electronic check,Fiber optic,No,No
7460-ITWWP,No,0,0.4037626886013689,No,Medium Risk,86.1,0.0,45,Month-to-month,Electronic check,Fiber optic,No,No
7147-AYBAA,No,0,0.32274630108174857,No,Medium Risk,70.35,0.0,37,Month-to-month,Mailed check,Fiber optic,No,No
7868-TMWMZ,No,0,0.06662266850387358,No,Low Risk,110.0,0.0,60,Two year,Bank transfer (automatic),Fiber optic,Yes,Yes
4822-RVYBB,Yes,1,0.8022244703271275,Yes,High Risk,100.6,100.6,8,Month-to-month,Electronic check,Fiber optic,No,No
6732-FZUGP,No,0,0.13079621119895252,No,Low Risk,94.9,0.0,47,One year,Credit card (automatic),Fiber optic,No,Yes
8436-BJUMM,Yes,1,0.5119619523543307,Yes,Medium Risk,83.75,0.0,26,Month-to-month,Electronic check,Fiber optic,No,No
4184-TJFAN,Yes,1,0.4694299893598359,No,Medium Risk,88.3,0.0,3,Month-to-month,Mailed check,Fiber optic,Yes,Yes
8329-GWVPJ,No,0,0.24437531283822314,No,Low Risk,69.75,0.0,50,Month-to-month,Bank transfer (automatic),Fiber optic,No,No
1352-VHKAJ,No,0,0.1544445695822747,No,Low Risk,71.6,0.0,27,Month-to-month,Bank transfer (automatic),DSL,Yes,No
4145-UQXUQ,Yes,1,0.7003664316913898,Yes,High Risk,92.1,92.1,8,Month-to-month,Electronic check,Fiber optic,No,No
2632-TACXW,No,0,0.02325702251472386,No,Low Risk,23.65,0.0,62,Two year,Bank transfer (automatic),No,No internet service,No internet service
8146-QQKZH,No,0,0.026046533125519054,No,Low Risk,81.85,0.0,71,Two year,Bank transfer (automatic),DSL,Yes,Yes
1767-CJKBA,No,0,0.02325702251472386,No,Low Risk,25.1,0.0,66,Two year,Mailed check,No,No internet service,No internet service
6445-TNRXS,No,0,0.07205989617698506,No,Low Risk,114.7,0.0,68,Two year,Bank transfer (automatic),Fiber optic,Yes,Yes
4581-LNWUM,No,0,0.361898829375379,No,Medium Risk,49.15,0.0,13,Month-to-month,Electronic check,DSL,No,No
4869-EPIUS,No,0,0.14984150965871168,No,Low Risk,80.9,0.0,56,One year,Electronic check,Fiber optic,No,No
9948-YPTDG,Yes,1,0.3071615868647602,No,Medium Risk,79.45,0.0,38,Month-to-month,Electronic check,Fiber optic,No,Yes
1236-WFCDV,Yes,1,0.518656159328906,Yes,Medium Risk,90.45,0.0,14,Month-to-month,Credit card (automatic),Fiber optic,No,No
1915-OAKWD,No,0,0.059563256526160936,No,Low Risk,19.3,0.0,16,One year,Bank transfer (automatic),No,No internet service,No internet service
7296-PIXQY,No,0,0.44952579661674374,No,Medium Risk,70.2,0.0,14,Month-to-month,Electronic check,Fiber optic,No,No
4883-QICIH,Yes,1,0.31612423186081035,No,Medium Risk,69.75,0.0,32,Month-to-month,Bank transfer (automatic),Fiber optic,No,No
3354-OADJP,No,0,0.06496118200079966,No,Low Risk,54.25,0.0,8,One year,Bank transfer (automatic),DSL,Yes,Yes
3524-WQDSG,No,0,0.4675511650393867,No,Medium Risk,99.3,0.0,43,Month-to-month,Bank transfer (automatic),Fiber optic,No,No
0810-DHDBD,No,0,0.05954979983422617,No,Low Risk,74.0,0.0,52,One year,Credit card (automatic),DSL,Yes,Yes
4026-SKKHW,No,0,0.35598792777860716,No,Medium Risk,50.25,0.0,3,Month-to-month,Mailed check,DSL,Yes,No
2829-HYVZP,No,0,0.045701483445277184,No,Low Risk,19.8,0.0,29,One year,Mailed check,No,No internet service,No internet service
8329-IBCTI,Yes,1,0.29872100466145696,No,Low Risk,19.65,0.0,1,Month-to-month,Mailed check,No,No internet service,No internet service
1271-SJBGZ,Yes,1,0.37717269141752197,No,Medium Risk,43.65,0.0,12,Month-to-month,Electronic check,DSL,Yes,No
3845-JHAMY,No,0,0.30994917806250716,No,Medium Risk,35.5,0.0,16,Month-to-month,Credit card (automatic),DSL,No,No
7013-PSXHK,No,0,0.11017833031748353,No,Low Risk,80.75,0.0,40,One year,Mailed check,DSL,Yes,No
5669-SRAIP,Yes,1,0.46175438589654594,No,Medium Risk,39.5,0.0,5,Month-to-month,Electronic check,DSL,No,No
5981-ITEMU,Yes,1,0.4684743371336736,No,Medium Risk,97.1,0.0,40,Month-to-month,Bank transfer (automatic),Fiber optic,No,No
3486-NPGST,No,0,0.03713218255245417,No,Low Risk,19.55,0.0,36,One year,Mailed check,No,No internet service,No internet service
6941-PMGEP,Yes,1,0.6990256571036835,Yes,High Risk,80.0,80.0,5,Month-to-month,Electronic check,Fiber optic,No,No
1624-WOIWJ,Yes,1,0.4497779293790607,No,Medium Risk,84.7,0.0,10,Month-to-month,Mailed check,Fiber optic,No,Yes
2074-GKOWZ,Yes,1,0.7048092379525209,Yes,High Risk,89.55,89.55,2,Month-to-month,Bank transfer (automatic),Fiber optic,No,No
0376-YMCJC,Yes,1,0.4581082553518329,No,Medium Risk,90.6,0.0,23,Month-to-month,Electronic check,Fiber optic,Yes,No
6100-FJZDG,No,0,0.04439119875938083,No,Low Risk,20.05,0.0,26,One year,Bank transfer (automatic),No,No internet service,No internet service
4829-ZLJTK,No,0,0.07918346435449276,No,Low Risk,112.4,0.0,72,Two year,Electronic check,Fiber optic,No,Yes
1730-VFMWO,No,0,0.10456043818017627,No,Low Risk,50.2,0.0,34,Month-to-month,Bank transfer (automatic),DSL,Yes,No
7143-BQIBA,No,0,0.12913741709091206,No,Low Risk,62.25,0.0,10,Month-to-month,Bank transfer (automatic),DSL,Yes,Yes
3800-LYTRK,No,0,0.06127675676508545,No,Low Risk,55.7,0.0,14,One year,Mailed check,DSL,Yes,Yes
0634-SZPQA,Yes,1,0.3372624725089776,No,Medium Risk,90.05,0.0,23,Month-to-month,Bank transfer (automatic),Fiber optic,No,Yes
9646-NMHXE,No,0,0.022188061443804846,No,Low Risk,19.65,0.0,47,Two year,Mailed check,No,No internet service,No internet service
7030-NJVDP,No,0,0.3112986665991617,No,Medium Risk,89.25,0.0,24,Month-to-month,Electronic check,Fiber optic,Yes,Yes
5536-RTPWK,Yes,1,0.41178937277316463,No,Medium Risk,99.05,0.0,49,Month-to-month,Bank transfer (automatic),Fiber optic,No,No
8883-GRDWQ,No,0,0.059646850329923985,No,Low Risk,54.0,0.0,20,One year,Mailed check,DSL,Yes,Yes
6166-ILMNY,Yes,1,0.5465388237541301,Yes,Medium Risk,69.75,0.0,2,Month-to-month,Bank transfer (automatic),Fiber optic,No,No
3097-NNSPB,Yes,1,0.47130476023337536,No,Medium Risk,49.05,0.0,2,Month-to-month,Credit card (automatic),DSL,No,No
7771-ZONAT,No,0,0.052253898454366635,No,Low Risk,56.75,0.0,22,Two year,Bank transfer (automatic),DSL,Yes,No
0655-RBDUG,Yes,1,0.7363355217910971,Yes,High Risk,98.05,98.05,7,Month-to-month,Bank transfer (automatic),Fiber optic,No,No
2111-DWYHN,No,0,0.2896986195059454,No,Low Risk,21.1,0.0,1,Month-to-month,Mailed check,No,No internet service,No internet service
4194-WHFCB,No,0,0.2564239453160574,No,Low Risk,96.65,0.0,59,Month-to-month,Bank transfer (automatic),Fiber optic,Yes,No
4121-AGSIN,No,0,0.04432846599711787,No,Low Risk,24.5,0.0,58,One year,Credit card (automatic),No,No internet service,No internet service
4361-BKAXE,Yes,1,0.3352430404121381,No,Medium Risk,114.5,0.0,41,Month-to-month,Bank transfer (automatic),Fiber optic,Yes,Yes
9845-PEEKO,No,0,0.06949479540245102,No,Low Risk,79.2,0.0,59,Two year,Credit card (automatic),Fiber optic,No,No
0455-XFASS,No,0,0.6465273540172709,Yes,High Risk,69.55,69.55,3,Month-to-month,Electronic check,Fiber optic,No,No
0301-KOBTQ,No,0,0.02740674878396731,No,Low Risk,20.05,0.0,32,Two year,Bank transfer (automatic),No,No internet service,No internet service
1751-NCDLI,No,0,0.5513679650209024,Yes,Medium Risk,98.85,0.0,46,Month-to-month,Electronic check,Fiber optic,No,No
4367-NUYAO,No,0,0.0775110411220858,No,Low Risk,25.75,0.0,0,Two year,Mailed check,No,No internet service,No internet service
9878-TNQGW,Yes,1,0.7243336889643972,Yes,High Risk,80.95,80.95,2,Month-to-month,Electronic check,Fiber optic,No,No
9170-ARBTB,No,0,0.03692758139743251,No,Low Risk,19.6,0.0,52,One year,Credit card (automatic),No,No internet service,No internet service
4441-NIHPT,Yes,1,0.5916081455213611,Yes,Medium Risk,74.3,0.0,13,Month-to-month,Electronic check,Fiber optic,No,No
8999-BOHSE,Yes,1,0.5393036198367728,Yes,Medium Risk,89.7,0.0,11,Month-to-month,Bank transfer (automatic),Fiber optic,No,No
7241-AJHFS,No,0,0.19527710547982968,No,Low Risk,87.65,0.0,32,Month-to-month,Bank transfer (automatic),Fiber optic,Yes,Yes
7029-RPUAV,Yes,1,0.6597237862127583,Yes,High Risk,100.45,100.45,17,Month-to-month,Credit card (automatic),Fiber optic,No,No
4546-FOKWR,No,0,0.4966747311147946,No,Medium Risk,74.75,0.0,16,Month-to-month,Credit card (automatic),Fiber optic,No,No
9036-CSKBW,No,0,0.17633716946404854,No,Low Risk,107.45,0.0,51,One year,Bank transfer (automatic),Fiber optic,No,Yes
5832-TRLPB,No,0,0.09255524991862103,No,Low Risk,75.35,0.0,29,One year,Bank transfer (automatic),DSL,Yes,No
8590-YFFQO,No,0,0.021752762989245517,No,Low Risk,64.95,0.0,70,Two year,Credit card (automatic),DSL,Yes,Yes
8659-IOOPU,No,0,0.07339351890342984,No,Low Risk,100.45,0.0,71,Two year,Electronic check,Fiber optic,Yes,Yes
1338-CECEE,No,0,0.08587432617699377,No,Low Risk,68.5,0.0,41,One year,Bank transfer (automatic),DSL,No,No
7439-DKZTW,No,0,0.8370318457513362,Yes,High Risk,80.55,80.55,1,Month-to-month,Electronic check,Fiber optic,No,No
4646-QZXTF,No,0,0.15972481038259198,No,Low Risk,81.25,0.0,7,Month-to-month,Bank transfer (automatic),DSL,Yes,Yes
4607-CHPCA,Yes,1,0.24449053659846007,No,Low Risk,90.4,0.0,25,One year,Electronic check,Fiber optic,No,No
9742-XOKTS,No,0,0.07502800466644413,No,Low Risk,89.55,0.0,67,One year,Electronic check,Fiber optic,Yes,Yes
6921-OZMFH,No,0,0.3561758385692329,No,Medium Risk,55.7,0.0,5,Month-to-month,Mailed check,DSL,Yes,No
9578-FOMUK,No,0,0.18957330011363835,No,Low Risk,24.8,0.0,15,Month-to-month,Electronic check,No,No internet service,No internet service
4712-UYOOI,No,0,0.10971884224270284,No,Low Risk,20.0,0.0,20,Month-to-month,Electronic check,No,No internet service,No internet service
8824-RWFXJ,Yes,1,0.40164378199505524,No,Medium Risk,56.15,0.0,3,Month-to-month,Mailed check,DSL,No,No
7722-CVFXN,No,0,0.26109634359678224,No,Low Risk,105.2,0.0,54,One year,Electronic check,Fiber optic,Yes,No
8717-VCTXJ,No,0,0.045701483445277184,No,Low Risk,19.55,0.0,42,One year,Mailed check,No,No internet service,No internet service
7363-QTBIW,No,0,0.6311084047841645,Yes,High Risk,79.75,79.75,9,Month-to-month,Electronic check,Fiber optic,No,No
4159-NAAIX,No,0,0.09458876267521155,No,Low Risk,97.45,0.0,63,Two year,Bank transfer (automatic),Fiber optic,No,No
0971-QIFJK,No,0,0.02325702251472386,No,Low Risk,24.25,0.0,69,Two year,Bank transfer (automatic),No,No internet service,No internet service
9397-TZSHA,No,0,0.02325702251472386,No,Low Risk,24.6,0.0,69,Two year,Credit card (automatic),No,No internet service,No internet service
3391-JSQEW,No,0,0.16040028574468473,No,Low Risk,50.15,0.0,40,Month-to-month,Mailed check,DSL,No,No
0343-QLUZP,No,0,0.03560105173208109,No,Low Risk,39.6,0.0,60,Two year,Bank transfer (automatic),DSL,No,Yes
9763-PDTKK,Yes,1,0.47088423581014105,No,Medium Risk,94.4,0.0,4,Month-to-month,Bank transfer (automatic),Fiber optic,Yes,Yes
2176-LVPNX,No,0,0.027223335687777697,No,Low Risk,89.85,0.0,71,Two year,Mailed check,DSL,Yes,Yes
7627-JKIAZ,Yes,1,0.3793273220083296,No,Medium Risk,78.95,0.0,37,Month-to-month,Credit card (automatic),Fiber optic,No,No
3312-UUMZW,No,0,0.4464003034114582,No,Medium Risk,98.85,0.0,32,Month-to-month,Credit card (automatic),Fiber optic,No,No
1271-UODNO,No,0,0.049955290681793656,No,Low Risk,53.85,0.0,39,Two year,Credit card (automatic),DSL,Yes,No
8461-EFQYM,No,0,0.07853610054263015,No,Low Risk,24.25,0.0,38,One year,Electronic check,No,No internet service,No internet service
6900-RBKER,No,0,0.08568613001241411,No,Low Risk,89.45,0.0,52,Two year,Credit card (automatic),Fiber optic,No,No
6891-JPYFF,No,0,0.3428862393053255,No,Medium Risk,105.25,0.0,48,Month-to-month,Credit card (automatic),Fiber optic,No,Yes
1459-QNFQT,No,0,0.032791594630992016,No,Low Risk,59.5,0.0,70,Two year,Bank transfer (automatic),DSL,Yes,Yes
1047-NNCBF,No,0,0.2726061728095716,No,Low Risk,70.55,0.0,20,Month-to-month,Credit card (automatic),Fiber optic,No,No
3696-XRIEN,No,0,0.07486096587394454,No,Low Risk,82.5,0.0,50,One year,Credit card (automatic),DSL,Yes,Yes
4081-DYXAV,Yes,1,0.1548829849642856,No,Low Risk,44.85,0.0,19,One year,Credit card (automatic),DSL,No,No
0074-HDKDG,No,0,0.06422935112321673,No,Low Risk,61.6,0.0,25,One year,Bank transfer (automatic),DSL,No,Yes
8791-GFXLZ,No,0,0.2374411415726737,No,Low Risk,49.05,0.0,12,Month-to-month,Bank transfer (automatic),DSL,No,No
8111-SLLHI,Yes,1,0.598773367092027,Yes,Medium Risk,105.65,0.0,39,Month-to-month,Electronic check,Fiber optic,No,No
0927-LCSMG,Yes,1,0.45198050922035693,No,Medium Risk,74.65,0.0,7,Month-to-month,Mailed check,Fiber optic,No,No
9330-DHBFL,No,0,0.048975102451883364,No,Low Risk,66.25,0.0,23,One year,Mailed check,DSL,Yes,Yes
0098-BOWSO,No,0,0.11833061303394674,No,Low Risk,19.4,0.0,27,Month-to-month,Electronic check,No,No internet service,No internet service
3452-ABWRL,No,0,0.3717831957448196,No,Medium Risk,86.05,0.0,47,Month-to-month,Credit card (automatic),Fiber optic,No,No
5859-HZYLF,No,0,0.02660635952766149,No,Low Risk,19.15,0.0,26,Two year,Credit card (automatic),No,No internet service,No internet service
8257-RZAHR,Yes,1,0.23622919518936664,No,Low Risk,64.7,0.0,14,Month-to-month,Bank transfer (automatic),DSL,No,Yes
5293-WXJAK,Yes,1,0.6694135034722808,Yes,High Risk,104.05,104.05,11,Month-to-month,Bank transfer (automatic),Fiber optic,Yes,No
3156-QLHBO,No,0,0.17861505164249633,No,Low Risk,19.25,0.0,2,Month-to-month,Mailed check,No,No internet service,No internet service
2208-NQBCT,No,0,0.23994126552672118,No,Low Risk,81.95,0.0,26,Month-to-month,Electronic check,Fiber optic,No,Yes
1779-PWPMG,No,0,0.044481231375082655,No,Low Risk,114.65,0.0,72,Two year,Bank transfer (automatic),Fiber optic,Yes,Yes
6621-NRZAK,No,0,0.020720675767412843,No,Low Risk,20.0,0.0,63,Two year,Credit card (automatic),No,No internet service,No internet service
0831-JNISG,No,0,0.018159855412516312,No,Low Risk,19.8,0.0,71,Two year,Mailed check,No,No internet service,No internet service
0774-IFUVM,No,0,0.2420258157777012,No,Low Risk,65.15,0.0,11,Month-to-month,Bank transfer (automatic),DSL,No,Yes
3082-WQRVY,No,0,0.06611764362247323,No,Low Risk,19.65,0.0,14,One year,Mailed check,No,No internet service,No internet service
9553-DLCLU,No,0,0.0494689813171812,No,Low Risk,88.95,0.0,13,Two year,Credit card (automatic),DSL,Yes,Yes
1641-BYBTK,No,0,0.12473049836129141,No,Low Risk,20.2,0.0,6,Month-to-month,Mailed check,No,No internet service,No internet service
2460-NGXBJ,No,0,0.5733029745082096,Yes,Medium Risk,75.2,0.0,11,Month-to-month,Credit card (automatic),Fiber optic,No,No
2446-ZKVAF,No,0,0.16228615870190152,No,Low Risk,56.8,0.0,18,Month-to-month,Credit card (automatic),DSL,No,No
0841-NULXI,Yes,1,0.703217984060932,Yes,High Risk,35.55,35.55,1,Month-to-month,Electronic check,DSL,No,No
3522-CDKHF,No,0,0.24927045598274158,No,Low Risk,75.5,0.0,32,Month-to-month,Bank transfer (automatic),Fiber optic,No,Yes
1430-SFQSA,No,0,0.05258093001551009,No,Low Risk,35.6,0.0,29,One year,Mailed check,DSL,Yes,Yes
0411-EZJZE,No,0,0.5843981861562996,Yes,Medium Risk,60.25,0.0,3,Month-to-month,Electronic check,DSL,No,No
7851-WZEKY,Yes,1,0.8026054244670493,Yes,High Risk,95.15,95.15,2,Month-to-month,Electronic check,Fiber optic,No,No
8844-TONUD,Yes,1,0.5861414360336654,Yes,Medium Risk,96.65,0.0,13,Month-to-month,Mailed check,Fiber optic,No,No
8807-ARQET,No,0,0.2912010454524053,No,Low Risk,40.35,0.0,41,Month-to-month,Electronic check,DSL,No,No
8992-CEUEN,No,0,0.26032607542605474,No,Low Risk,18.85,0.0,1,Month-to-month,Electronic check,No,No internet service,No internet service
4320-QMLLA,No,0,0.2796185742480173,No,Low Risk,54.85,0.0,7,Month-to-month,Mailed check,DSL,No,No
8777-PVYGU,No,0,0.06843548220203531,No,Low Risk,64.3,0.0,52,One year,Mailed check,DSL,No,Yes
8292-ITGYJ,No,0,0.026781761752824085,No,Low Risk,24.65,0.0,45,Two year,Bank transfer (automatic),No,No internet service,No internet service
6870-ZWMNX,No,0,0.03656157728110097,No,Low Risk,76.1,0.0,70,Two year,Credit card (automatic),DSL,Yes,No
0621-CXBKL,No,0,0.022188061443804846,No,Low Risk,18.7,0.0,53,Two year,Mailed check,No,No internet service,No internet service
5268-DSMNQ,No,0,0.1473404125233205,No,Low Risk,97.95,0.0,62,One year,Credit card (automatic),Fiber optic,No,No
5334-JLAXU,No,0,0.21515565463603642,No,Low Risk,94.1,0.0,60,Month-to-month,Credit card (automatic),Fiber optic,No,Yes
4086-YQSNZ,Yes,1,0.7154398693385066,Yes,High Risk,80.4,80.4,3,Month-to-month,Electronic check,Fiber optic,No,No
6242-MBHPK,No,0,0.467350374530301,No,Medium Risk,95.1,0.0,23,Month-to-month,Electronic check,Fiber optic,No,Yes
5868-CZJDR,Yes,1,0.5917744441655834,Yes,Medium Risk,31.35,0.0,1,Month-to-month,Mailed check,DSL,No,No
9359-UGBTK,No,0,0.04777108577447878,No,Low Risk,72.35,0.0,67,One year,Bank transfer (automatic),DSL,Yes,Yes
0135-NMXAP,Yes,1,0.5497734666404447,Yes,Medium Risk,89.75,0.0,12,Month-to-month,Bank transfer (automatic),Fiber optic,No,No
4782-OSFXZ,No,0,0.025599682871329625,No,Low Risk,82.7,0.0,71,Two year,Bank transfer (automatic),DSL,Yes,Yes
6479-OAUSD,No,0,0.04064838288920519,No,Low Risk,19.9,0.0,25,One year,Credit card (automatic),No,No internet service,No internet service
7129-ACFOG,No,0,0.37394555698402593,No,Medium Risk,53.8,0.0,5,Month-to-month,Electronic check,DSL,No,Yes
4189-NAKJS,No,0,0.10401116787607183,No,Low Risk,51.55,0.0,26,One year,Credit card (automatic),DSL,No,No
5562-BETPV,No,0,0.16980109278491037,No,Low Risk,19.65,0.0,1,One year,Mailed check,No,No internet service,No internet service
1282-IHQAC,No,0,0.09460746464220397,No,Low Risk,44.05,0.0,70,One year,Credit card (automatic),DSL,No,No
9127-FHJBZ,No,0,0.06353160087598034,No,Low Risk,114.0,0.0,72,Two year,Electronic check,Fiber optic,Yes,Yes
6270-OMFIW,Yes,1,0.18183261207431167,No,Low Risk,94.4,0.0,60,One year,Electronic check,Fiber optic,No,No
1641-RQDAY,No,0,0.5850549143131164,Yes,Medium Risk,100.4,0.0,32,Month-to-month,Electronic check,Fiber optic,No,No
0107-WESLM,Yes,1,0.42041086315975046,No,Medium Risk,19.85,0.0,1,Month-to-month,Electronic check,No,No internet service,No internet service
6994-ORCWG,No,0,0.1375123944049802,No,Low Risk,54.25,0.0,14,One year,Mailed check,DSL,No,No
1346-UFHAX,No,0,0.41909255935719986,No,Medium Risk,80.0,0.0,13,Month-to-month,Credit card (automatic),Fiber optic,No,Yes
3992-YWPKO,Yes,1,0.6499541118731106,Yes,High Risk,109.9,109.9,6,Month-to-month,Credit card (automatic),Fiber optic,Yes,No
2933-XEUJM,No,0,0.05142119382460779,No,Low Risk,79.2,0.0,46,Two year,Mailed check,DSL,No,Yes
0125-LZQXK,Yes,1,0.6568167801633924,Yes,High Risk,101.35,101.35,15,Month-to-month,Electronic check,Fiber optic,Yes,No
5461-QKNTN,No,0,0.4175542755717161,No,Medium Risk,94.3,0.0,43,Month-to-month,Electronic check,Fiber optic,Yes,No
4835-YSJMR,No,0,0.04134556974056453,No,Low Risk,49.8,0.0,39,Two year,Bank transfer (automatic),DSL,Yes,No
8399-YNDCH,Yes,1,0.24699639011149713,No,Low Risk,60.05,0.0,21,Month-to-month,Bank transfer (automatic),DSL,No,No
3164-YAXFY,No,0,0.24916894438046464,No,Low Risk,53.75,0.0,57,Month-to-month,Electronic check,DSL,No,Yes
0887-WBJVH,No,0,0.1472861446273016,No,Low Risk,93.45,0.0,53,One year,Electronic check,Fiber optic,Yes,No
4660-IRIBM,No,0,0.2913242766674515,No,Low Risk,87.9,0.0,18,Month-to-month,Mailed check,Fiber optic,No,Yes
5673-FSSMF,Yes,1,0.735229685605512,Yes,High Risk,60.15,60.15,1,Month-to-month,Electronic check,DSL,No,No
7670-ZBPOQ,No,0,0.05220481857122604,No,Low Risk,61.05,0.0,58,One year,Bank transfer (automatic),DSL,Yes,Yes
8089-UZWLX,No,0,0.10216276207018653,No,Low Risk,104.05,0.0,71,Two year,Bank transfer (automatic),Fiber optic,No,No
0080-OROZO,No,0,0.25537171663941527,No,Low Risk,99.25,0.0,35,One year,Electronic check,Fiber optic,Yes,No
3916-NRPAP,No,0,0.5998886972550106,Yes,Medium Risk,85.7,0.0,3,Month-to-month,Credit card (automatic),Fiber optic,No,No
6807-SIWJI,No,0,0.3009010143869311,No,Medium Risk,104.85,0.0,38,One year,Electronic check,Fiber optic,No,Yes
8221-HVAYI,No,0,0.032062969843586586,No,Low Risk,69.15,0.0,35,Two year,Credit card (automatic),DSL,Yes,Yes
1579-KLYDT,Yes,1,0.7249800342005632,Yes,High Risk,90.45,90.45,7,Month-to-month,Electronic check,Fiber optic,No,No
5232-NXPAY,No,0,0.04184198634071679,No,Low Risk,74.45,0.0,47,Two year,Mailed check,DSL,Yes,No
8967-SZQAS,No,0,0.22809330310460524,No,Low Risk,50.45,0.0,14,Month-to-month,Electronic check,DSL,No,No
4468-KAZHE,No,0,0.32127121970882383,No,Medium Risk,60.0,0.0,20,Month-to-month,Electronic check,DSL,No,No
0455-ENTCR,No,0,0.041287290996221464,No,Low Risk,85.25,0.0,66,Two year,Electronic check,DSL,Yes,Yes
8944-AILEF,No,0,0.11649453393091763,No,Low Risk,19.45,0.0,15,Month-to-month,Credit card (automatic),No,No internet service,No internet service
5542-NKVRU,No,0,0.02740674878396731,No,Low Risk,20.75,0.0,42,Two year,Bank transfer (automatic),No,No internet service,No internet service
7126-RBHSD,No,0,0.3951431965960687,No,Medium Risk,78.9,0.0,17,Month-to-month,Electronic check,Fiber optic,No,Yes
5370-IIVVL,No,0,0.22660395579026488,No,Low Risk,104.5,0.0,37,One year,Credit card (automatic),Fiber optic,Yes,No
6789-HJBWG,No,0,0.30142116006809766,No,Medium Risk,49.4,0.0,12,Month-to-month,Electronic check,DSL,No,No
3927-NLNRY,Yes,1,0.15164922626902597,No,Low Risk,94.25,0.0,53,One year,Bank transfer (automatic),Fiber optic,No,No
9087-EYCPR,No,0,0.02325702251472386,No,Low Risk,25.0,0.0,60,Two year,Mailed check,No,No internet service,No internet service
6791-YBNAK,No,0,0.1801699902095155,No,Low Risk,25.55,0.0,18,Month-to-month,Credit card (automatic),DSL,No,No
6358-LYNGM,Yes,1,0.8259201064965564,Yes,High Risk,74.9,74.9,1,Month-to-month,Electronic check,Fiber optic,No,No
6077-BDPXA,No,0,0.6534572742343966,Yes,High Risk,70.15,70.15,3,Month-to-month,Electronic check,Fiber optic,No,No
0013-MHZWF,No,0,0.2505672869692883,No,Low Risk,69.4,0.0,9,Month-to-month,Credit card (automatic),DSL,Yes,No
5494-HECPR,Yes,1,0.8370318457513362,Yes,High Risk,80.25,80.25,1,Month-to-month,Electronic check,Fiber optic,No,No
8268-YDIXR,No,0,0.11209186482744775,No,Low Risk,93.15,0.0,56,One year,Electronic check,Fiber optic,No,Yes
9824-BEMCV,Yes,1,0.5028002427953688,Yes,Medium Risk,69.0,0.0,17,Month-to-month,Electronic check,Fiber optic,No,No
1373-ORVIZ,Yes,1,0.3276636021686645,No,Medium Risk,66.35,0.0,11,Month-to-month,Electronic check,DSL,Yes,No
4291-SHSBH,No,0,0.6024437531119409,Yes,High Risk,69.55,69.55,7,Month-to-month,Electronic check,Fiber optic,No,No
6980-IMXXE,No,0,0.020720675767412843,No,Low Risk,20.2,0.0,69,Two year,Bank transfer (automatic),No,No internet service,No internet service
9866-QEVEE,Yes,1,0.43180267637844444,No,Medium Risk,86.0,0.0,19,Month-to-month,Bank transfer (automatic),Fiber optic,No,No
9897-KXHCM,Yes,1,0.6925782827472012,Yes,High Risk,80.3,80.3,3,Month-to-month,Electronic check,Fiber optic,No,No
0040-HALCW,No,0,0.022063916656277653,No,Low Risk,20.4,0.0,54,Two year,Credit card (automatic),No,No internet service,No internet service
0784-GTUUK,No,0,0.04208760216076931,No,Low Risk,23.75,0.0,62,One year,Credit card (automatic),No,No internet service,No internet service
7979-CORPM,Yes,1,0.39757229811806044,No,Medium Risk,90.55,0.0,24,Month-to-month,Credit card (automatic),Fiber optic,No,No
2294-DMMUS,No,0,0.1973720291261843,No,Low Risk,70.45,0.0,62,Month-to-month,Credit card (automatic),DSL,No,No
0872-JCPIB,No,0,0.16730613759828789,No,Low Risk,65.75,0.0,17,Month-to-month,Bank transfer (automatic),DSL,No,Yes
3055-MJDSB,No,0,0.34748539588266025,No,Medium Risk,24.6,0.0,9,Month-to-month,Mailed check,DSL,No,No
9091-WTUUY,No,0,0.026732268827477063,No,Low Risk,69.25,0.0,64,Two year,Mailed check,DSL,Yes,Yes
1618-CFHME,Yes,1,0.7337522885154292,Yes,High Risk,75.9,75.9,2,Month-to-month,Electronic check,Fiber optic,No,No
3165-HDOEW,Yes,1,0.5845752299806034,Yes,Medium Risk,45.85,0.0,1,Month-to-month,Mailed check,DSL,No,No
6581-NQCBA,Yes,1,0.3666456982819348,No,Medium Risk,49.95,0.0,16,Month-to-month,Electronic check,DSL,Yes,No
7115-IRDHS,No,0,0.02038926741407629,No,Low Risk,24.65,0.0,72,Two year,Bank transfer (automatic),No,No internet service,No internet service
8496-DMZUK,No,0,0.0926256507086044,No,Low Risk,90.4,0.0,30,One year,Bank transfer (automatic),Fiber optic,No,Yes
2040-VZIKE,No,0,0.3513480714677818,No,Medium Risk,100.85,0.0,49,Month-to-month,Mailed check,Fiber optic,No,Yes
9068-VPWQQ,No,0,0.030138636675832733,No,Low Risk,75.35,0.0,61,Two year,Credit card (automatic),DSL,Yes,Yes
0178-SZBHO,No,0,0.3410321172805912,No,Medium Risk,87.2,0.0,47,Month-to-month,Electronic check,Fiber optic,No,No
0384-RVBPI,No,0,0.12176472115868145,No,Low Risk,64.4,0.0,20,Month-to-month,Credit card (automatic),DSL,No,Yes
1689-MRZQR,Yes,1,0.3609610741241135,No,Medium Risk,78.3,0.0,34,Month-to-month,Electronic check,Fiber optic,No,No
1299-AURJA,No,0,0.023127038226193948,No,Low Risk,24.7,0.0,70,Two year,Bank transfer (automatic),No,No internet service,No internet service
4525-VZCZG,No,0,0.1875083605712456,No,Low Risk,105.85,0.0,54,One year,Electronic check,Fiber optic,Yes,Yes
1543-LLLFT,No,0,0.12370964631544543,No,Low Risk,98.3,0.0,61,One year,Mailed check,Fiber optic,Yes,No
5835-BEQEU,Yes,1,0.7163518771644851,Yes,High Risk,76.95,76.95,3,Month-to-month,Electronic check,Fiber optic,No,No
2788-CJQAQ,No,0,0.05212881019529155,No,Low Risk,19.45,0.0,13,One year,Mailed check,No,No internet service,No internet service
5565-FILXA,Yes,1,0.7502957945927965,Yes,High Risk,96.15,96.15,16,Month-to-month,Electronic check,Fiber optic,No,No
0319-QZTCO,No,0,0.4242671863903304,No,Medium Risk,58.7,0.0,3,Month-to-month,Credit card (automatic),DSL,No,No
2120-SMPEX,No,0,0.0922178355603814,No,Low Risk,20.15,0.0,25,Month-to-month,Mailed check,No,No internet service,No internet service
0096-FCPUF,No,0,0.16845337164680818,No,Low Risk,64.5,0.0,30,Month-to-month,Mailed check,DSL,No,Yes
0668-OGMHD,No,0,0.19827492208858688,No,Low Risk,28.5,0.0,21,Month-to-month,Electronic check,DSL,No,Yes
5552-ZNFSJ,Yes,1,0.5514742599496962,Yes,Medium Risk,45.3,0.0,1,Month-to-month,Electronic check,DSL,No,No
2223-KAGMX,Yes,1,0.0938679944595526,No,Low Risk,19.4,0.0,15,Month-to-month,Bank transfer (automatic),No,No internet service,No internet service
6507-ZJSUR,No,0,0.5324918160207326,Yes,Medium Risk,90.45,0.0,23,Month-to-month,Electronic check,Fiber optic,No,No
9408-HRXRK,No,0,0.4388540476493697,No,Medium Risk,105.15,0.0,45,Month-to-month,Electronic check,Fiber optic,No,Yes
5593-SUAOO,No,0,0.1217654723118344,No,Low Risk,83.15,0.0,24,One year,Bank transfer (automatic),Fiber optic,No,No
7321-PKUYW,Yes,1,0.5236116389306903,Yes,Medium Risk,90.15,0.0,11,Month-to-month,Electronic check,Fiber optic,Yes,No
2833-SLKDQ,Yes,1,0.512196654971884,Yes,Medium Risk,45.05,0.0,1,Month-to-month,Mailed check,DSL,No,No
6766-HFKLA,No,0,0.10096463748118188,No,Low Risk,103.2,0.0,56,Two year,Bank transfer (automatic),Fiber optic,Yes,No
7595-EUIVN,Yes,1,0.7037102691763091,Yes,High Risk,75.8,75.8,1,Month-to-month,Electronic check,Fiber optic,No,No
7617-EYGLW,No,0,0.3327967081322716,No,Medium Risk,19.45,0.0,1,Month-to-month,Electronic check,No,No internet service,No internet service
2026-TGDHM,Yes,1,0.6511389310780564,Yes,High Risk,79.3,79.3,7,Month-to-month,Electronic check,Fiber optic,No,No
9220-ZNKJI,No,0,0.05681097342031996,No,Low Risk,88.8,0.0,55,Two year,Credit card (automatic),Fiber optic,Yes,No
4030-VPZBD,Yes,1,0.5030327417119984,Yes,Medium Risk,30.9,0.0,2,Month-to-month,Electronic check,DSL,Yes,No
2226-ICFDO,No,0,0.029218608392106334,No,Low Risk,85.9,0.0,72,Two year,Credit card (automatic),DSL,Yes,Yes
0723-VSOBE,No,0,0.1528074565570545,No,Low Risk,34.2,0.0,45,One year,Electronic check,DSL,No,No
5529-GIBVH,No,0,0.022188061443804846,No,Low Risk,20.15,0.0,47,Two year,Mailed check,No,No internet service,No internet service
4187-CINZD,Yes,1,0.15927314949946883,No,Low Risk,95.25,0.0,46,One year,Credit card (automatic),Fiber optic,No,No
9992-UJOEL,No,0,0.47130476023337536,No,Medium Risk,50.3,0.0,2,Month-to-month,Mailed check,DSL,No,No
4741-WWJQZ,No,0,0.4827024657544367,No,Medium Risk,80.15,0.0,2,Month-to-month,Electronic check,Fiber optic,Yes,Yes
6625-UTXEW,No,0,0.30142116006809766,No,Medium Risk,51.25,0.0,12,Month-to-month,Electronic check,DSL,No,No
6818-WOBHJ,Yes,1,0.2676733722476295,No,Low Risk,89.6,0.0,68,Month-to-month,Bank transfer (automatic),Fiber optic,No,No
6244-BESBM,No,0,0.06718757018904241,No,Low Risk,95.2,0.0,69,Two year,Credit card (automatic),Fiber optic,Yes,No
1004-NOZNR,No,0,0.13183030989074873,No,Low Risk,94.8,0.0,56,One year,Credit card (automatic),Fiber optic,No,Yes
1251-STYSZ,No,0,0.6286111636817088,Yes,High Risk,80.25,80.25,4,Month-to-month,Electronic check,Fiber optic,No,Yes
2612-PHGOX,No,0,0.038036605795471926,No,Low Risk,76.1,0.0,64,Two year,Bank transfer (automatic),DSL,Yes,No
2408-TZMJL,Yes,1,0.24536902496255528,No,Low Risk,110.15,0.0,59,One year,Electronic check,Fiber optic,No,Yes
8480-PPONV,No,0,0.11348465826648622,No,Low Risk,115.55,0.0,62,Two year,Bank transfer (automatic),Fiber optic,Yes,Yes
8780-IHCRN,No,0,0.023127038226193948,No,Low Risk,24.65,0.0,63,Two year,Credit card (automatic),No,No internet service,No internet service
4598-ZADCK,No,0,0.08524930518018943,No,Low Risk,53.6,0.0,53,One year,Electronic check,DSL,Yes,Yes
1257-SXUXQ,No,0,0.14504271361941282,No,Low Risk,19.45,0.0,5,Month-to-month,Mailed check,No,No internet service,No internet service
9681-KYGYB,No,0,0.3153292769078943,No,Medium Risk,88.2,0.0,49,Month-to-month,Electronic check,Fiber optic,No,Yes
7182-OVLBJ,No,0,0.09004419477598456,No,Low Risk,101.15,0.0,62,Two year,Bank transfer (automatic),Fiber optic,No,Yes
5095-ETBRJ,No,0,0.022926482078784963,No,Low Risk,56.8,0.0,55,Two year,Mailed check,DSL,Yes,Yes
7005-CYUIL,No,0,0.06494125862522393,No,Low Risk,99.4,0.0,71,Two year,Electronic check,Fiber optic,Yes,Yes
4821-WQOYN,No,0,0.018509753936098307,No,Low Risk,20.1,0.0,72,Two year,Credit card (automatic),No,No internet service,No internet service
4730-AWNAU,No,0,0.06831305617989286,No,Low Risk,60.7,0.0,36,One year,Credit card (automatic),DSL,Yes,Yes
3452-FLHYD,No,0,0.0499870195558218,No,Low Risk,20.95,0.0,25,One year,Bank transfer (automatic),No,No internet service,No internet service
2388-LAESQ,No,0,0.044481231375082655,No,Low Risk,114.85,0.0,72,Two year,Bank transfer (automatic),Fiber optic,Yes,Yes
9531-NSBMR,No,0,0.045701483445277184,No,Low Risk,19.25,0.0,36,One year,Bank transfer (automatic),No,No internet service,No internet service
6260-ONULR,No,0,0.6734635508110122,Yes,High Risk,62.8,62.8,1,Month-to-month,Mailed check,DSL,No,No
4389-UEFCZ,No,0,0.12303966416235683,No,Low Risk,105.5,0.0,72,Two year,Electronic check,Fiber optic,No,Yes
8711-LOBKY,No,0,0.021530871166499266,No,Low Risk,19.85,0.0,59,Two year,Mailed check,No,No internet service,No internet service
9134-CEQMF,Yes,1,0.7101636859926891,Yes,High Risk,89.5,89.5,7,Month-to-month,Electronic check,Fiber optic,No,No
8985-OOPOS,No,0,0.274614134537836,No,Low Risk,74.1,0.0,1,One year,Credit card (automatic),DSL,Yes,No
8800-ZKRFW,No,0,0.5097872514942263,Yes,Medium Risk,107.5,0.0,30,Month-to-month,Electronic check,Fiber optic,Yes,No
2616-FLVQC,No,0,0.020837423718393398,No,Low Risk,19.55,0.0,64,Two year,Mailed check,No,No internet service,No internet service
9968-FFVVH,No,0,0.04207795760515099,No,Low Risk,68.8,0.0,63,One year,Bank transfer (automatic),DSL,Yes,Yes
3108-PCCGG,No,0,0.03773915911833428,No,Low Risk,84.45,0.0,72,Two year,Credit card (automatic),DSL,No,Yes
7993-PYKOF,Yes,1,0.37346312008014076,No,Medium Risk,75.0,0.0,8,Month-to-month,Electronic check,Fiber optic,No,Yes
8390-FESFV,No,0,0.03990953212652176,No,Low Risk,84.5,0.0,62,Two year,Bank transfer (automatic),DSL,Yes,No
3022-BEXHZ,No,0,0.09132749784990922,No,Low Risk,111.2,0.0,67,Two year,Bank transfer (automatic),Fiber optic,Yes,No
5027-XWQHA,Yes,1,0.31561571943940575,No,Medium Risk,44.75,0.0,6,Month-to-month,Electronic check,DSL,No,No
6248-TKCQV,No,0,0.03353923232574514,No,Low Risk,80.6,0.0,70,Two year,Bank transfer (automatic),DSL,Yes,Yes
6729-GDNGC,No,0,0.3601772306137666,No,Medium Risk,80.7,0.0,20,Month-to-month,Bank transfer (automatic),Fiber optic,No,No
6198-ZFIOJ,No,0,0.6285838554687767,Yes,High Risk,75.6,75.6,5,Month-to-month,Electronic check,Fiber optic,No,No
5989-OMNJE,No,0,0.11341343771895387,No,Low Risk,57.6,0.0,24,One year,Electronic check,DSL,No,Yes
4566-QVRRW,Yes,1,0.3366844815749939,No,Medium Risk,44.05,0.0,11,Month-to-month,Electronic check,DSL,No,No
1291-CUOCY,No,0,0.0569565157432186,No,Low Risk,110.6,0.0,72,Two year,Credit card (automatic),Fiber optic,Yes,No
9795-SHUHB,No,0,0.021559857710419728,No,Low Risk,58.2,0.0,66,Two year,Credit card (automatic),DSL,Yes,Yes
3230-IUALN,No,0,0.03341856733591421,No,Low Risk,81.0,0.0,45,Two year,Mailed check,DSL,Yes,Yes
0042-RLHYP,No,0,0.020720675767412843,No,Low Risk,19.7,0.0,69,Two year,Bank transfer (automatic),No,No internet service,No internet service
8519-IMDHU,Yes,1,0.6218477946330165,Yes,High Risk,85.6,85.6,15,Month-to-month,Bank transfer (automatic),Fiber optic,No,No
4945-RVMTE,No,0,0.19640933093944024,No,Low Risk,59.55,0.0,28,Month-to-month,Bank transfer (automatic),DSL,No,No
0201-OAMXR,Yes,1,0.2434679107063495,No,Low Risk,115.55,0.0,70,One year,Credit card (automatic),Fiber optic,Yes,Yes
1866-NXPSP,No,0,0.05706288108878231,No,Low Risk,75.55,0.0,36,One year,Mailed check,DSL,Yes,Yes
3372-KWFBM,Yes,1,0.6978242055153686,Yes,High Risk,86.6,86.6,16,Month-to-month,Electronic check,Fiber optic,No,No
7831-QGOXH,Yes,1,0.5683191879698304,Yes,Medium Risk,85.2,0.0,18,Month-to-month,Electronic check,Fiber optic,No,No
6393-WRYZE,Yes,1,0.5778061194888977,Yes,Medium Risk,97.65,0.0,34,Month-to-month,Electronic check,Fiber optic,No,No
3941-XTSKM,No,0,0.10456753904947733,No,Low Risk,45.1,0.0,42,One year,Credit card (automatic),DSL,No,No
1661-CZBAU,No,0,0.06321258584919359,No,Low Risk,70.95,0.0,48,One year,Bank transfer (automatic),DSL,Yes,Yes
6599-RCLCJ,Yes,1,0.46504075489744184,No,Medium Risk,109.55,0.0,47,Month-to-month,Electronic check,Fiber optic,Yes,No
9831-BPFRI,Yes,1,0.14198866938137303,No,Low Risk,89.55,0.0,39,One year,Electronic check,Fiber optic,Yes,No
5158-RIVOP,No,0,0.03311005800861855,No,Low Risk,20.9,0.0,11,Two year,Credit card (automatic),No,No internet service,No internet service
9788-YTFGE,No,0,0.12809427176074242,No,Low Risk,19.95,0.0,7,Month-to-month,Mailed check,No,No internet service,No internet service
9277-JOOMO,No,0,0.19401942522782512,No,Low Risk,24.6,0.0,3,Month-to-month,Mailed check,No,No internet service,No internet service
1907-YLNYW,No,0,0.28070870291877725,No,Low Risk,66.7,0.0,8,Month-to-month,Electronic check,DSL,No,Yes
1725-MIMXW,Yes,1,0.35732395170944153,No,Medium Risk,19.45,0.0,1,Month-to-month,Mailed check,No,No internet service,No internet service
8947-YRTDV,No,0,0.10687449460587731,No,Low Risk,94.8,0.0,32,One year,Mailed check,Fiber optic,No,Yes
3161-ONRWK,No,0,0.036096489817569924,No,Low Risk,65.85,0.0,60,One year,Bank transfer (automatic),DSL,Yes,Yes
0114-RSRRW,No,0,0.12306381547305874,No,Low Risk,19.95,0.0,10,Month-to-month,Bank transfer (automatic),No,No internet service,No internet service
4565-NLZBV,No,0,0.02129033284753065,No,Low Risk,24.65,0.0,71,Two year,Bank transfer (automatic),No,No internet service,No internet service
0031-PVLZI,Yes,1,0.14504271361941282,No,Low Risk,20.35,0.0,4,Month-to-month,Mailed check,No,No internet service,No internet service
7206-GZCDC,Yes,1,0.8338856621320575,Yes,High Risk,69.25,69.25,1,Month-to-month,Electronic check,Fiber optic,No,No
6682-VCIXC,No,0,0.06309502331805178,No,Low Risk,51.25,0.0,43,One year,Bank transfer (automatic),DSL,Yes,Yes
4791-QRGMF,Yes,1,0.20135302607122024,No,Low Risk,99.5,0.0,59,One year,Bank transfer (automatic),Fiber optic,No,No
6475-VHUIZ,No,0,0.15015564373469056,No,Low Risk,54.25,0.0,23,Month-to-month,Electronic check,DSL,Yes,No
3910-MRQOY,No,0,0.01826244383159915,No,Low Risk,19.4,0.0,72,Two year,Bank transfer (automatic),No,No internet service,No internet service
0661-WCQNQ,No,0,0.05655245826167983,No,Low Risk,56.25,0.0,22,One year,Credit card (automatic),DSL,Yes,Yes
7537-RBWEA,No,0,0.6194149583063613,Yes,High Risk,25.15,25.15,1,Month-to-month,Mailed check,DSL,No,No
4656-CAURT,No,0,0.02325702251472386,No,Low Risk,23.95,0.0,69,Two year,Bank transfer (automatic),No,No internet service,No internet service
0121-SNYRK,No,0,0.056131618321165984,No,Low Risk,35.4,0.0,50,One year,Mailed check,DSL,Yes,Yes
1768-ZAIFU,Yes,1,0.7971008268093246,Yes,High Risk,25.2,25.2,1,Month-to-month,Electronic check,DSL,No,No
4671-LXRDQ,Yes,1,0.5212198416755857,Yes,Medium Risk,45.0,0.0,2,Month-to-month,Mailed check,DSL,No,No
3733-LSYCE,No,0,0.34268169980146346,No,Medium Risk,75.35,0.0,15,Month-to-month,Bank transfer (automatic),Fiber optic,No,No
6265-FRMTQ,No,0,0.022188061443804846,No,Low Risk,20.4,0.0,31,Two year,Bank transfer (automatic),No,No internet service,No internet service
1934-SJVJK,Yes,1,0.29872100466145696,No,Low Risk,20.15,0.0,1,Month-to-month,Mailed check,No,No internet service,No internet service
3838-OZURD,Yes,1,0.36653840590275666,No,Medium Risk,105.0,0.0,66,Month-to-month,Credit card (automatic),Fiber optic,No,No
1371-DWPAZ,No,0,0.07334844308838921,No,Low Risk,56.05,0.0,0,Two year,Credit card (automatic),DSL,Yes,Yes
9269-CQOOL,Yes,1,0.4907657475602461,No,Medium Risk,54.7,0.0,3,Month-to-month,Credit card (automatic),DSL,No,No
2017-CCBLH,No,0,0.03348393656786583,No,Low Risk,20.0,0.0,8,Two year,Mailed check,No,No internet service,No internet service
7690-KPNCU,No,0,0.0694963493462219,No,Low Risk,73.05,0.0,64,One year,Credit card (automatic),DSL,No,Yes
0536-BGFMZ,No,0,0.06772157046635292,No,Low Risk,20.5,0.0,28,Month-to-month,Mailed check,No,No internet service,No internet service
2293-IJWPS,No,0,0.20876840242436395,No,Low Risk,100.75,0.0,57,One year,Credit card (automatic),Fiber optic,No,No
2845-HSJCY,Yes,1,0.6582762719274784,Yes,High Risk,87.25,87.25,14,Month-to-month,Electronic check,Fiber optic,No,No
5469-NUJUR,No,0,0.030503492969983042,No,Low Risk,19.95,0.0,19,Two year,Mailed check,No,No internet service,No internet service
1184-PJVDB,Yes,1,0.6377693790997101,Yes,High Risk,79.95,79.95,10,Month-to-month,Electronic check,Fiber optic,No,No
2625-TRCZQ,No,0,0.2990827505768252,No,Low Risk,49.65,0.0,51,Month-to-month,Electronic check,DSL,No,No
4102-HLENU,No,0,0.03369277907097905,No,Low Risk,65.65,0.0,67,Two year,Mailed check,DSL,No,Yes
7266-GSSJX,No,0,0.15869469394024052,No,Low Risk,20.45,0.0,11,Month-to-month,Electronic check,No,No internet service,No internet service
7722-VJRQD,No,0,0.028782804573821826,No,Low Risk,60.95,0.0,72,Two year,Bank transfer (automatic),DSL,Yes,Yes
7073-QETQY,No,0,0.05053351806108189,No,Low Risk,20.35,0.0,66,One year,Electronic check,No,No internet service,No internet service
9415-DPEWS,Yes,1,0.49318448075886345,No,Medium Risk,88.35,0.0,18,Month-to-month,Electronic check,Fiber optic,Yes,No
5624-RYAMH,No,0,0.16280405278141288,No,Low Risk,19.5,0.0,9,Month-to-month,Electronic check,No,No internet service,No internet service
0196-JTUQI,No,0,0.5599140332431739,Yes,Medium Risk,75.2,0.0,9,Month-to-month,Credit card (automatic),Fiber optic,No,No
7130-YXBRO,No,0,0.3497821792077689,No,Medium Risk,111.45,0.0,48,Month-to-month,Bank transfer (automatic),Fiber optic,No,Yes
9272-LSVYH,No,0,0.4259022721303679,No,Medium Risk,70.15,0.0,10,Month-to-month,Mailed check,Fiber optic,No,No
7943-RQCHR,Yes,1,0.7391419866275,Yes,High Risk,94.75,94.75,9,Month-to-month,Electronic check,Fiber optic,No,No
3793-MMFUH,Yes,1,0.7263533986484789,Yes,High Risk,95.05,95.05,13,Month-to-month,Electronic check,Fiber optic,No,No
3249-ZPQRG,Yes,1,0.5915737989850524,Yes,Medium Risk,78.45,0.0,4,Month-to-month,Electronic check,Fiber optic,No,No
2568-BRGYX,Yes,1,0.6534572742343966,Yes,High Risk,70.2,70.2,4,Month-to-month,Electronic check,Fiber optic,No,No
3084-DOWLE,No,0,0.026225817068399517,No,Low Risk,92.0,0.0,72,Two year,Bank transfer (automatic),DSL,Yes,Yes
1084-MNSMJ,No,0,0.028970805406919892,No,Low Risk,85.5,0.0,51,Two year,Credit card (automatic),DSL,Yes,Yes
7721-JXEAW,Yes,1,0.1836831262107394,No,Low Risk,41.05,0.0,59,Month-to-month,Bank transfer (automatic),DSL,No,No
7249-WBIYX,Yes,1,0.7072832845396814,Yes,High Risk,85.6,85.6,10,Month-to-month,Electronic check,Fiber optic,No,No
4238-HFHSN,No,0,0.31240247365104684,No,Medium Risk,82.15,0.0,61,Month-to-month,Electronic check,Fiber optic,No,No
6250-CGGUN,No,0,0.07770767304298858,No,Low Risk,84.4,0.0,54,One year,Electronic check,Fiber optic,Yes,Yes
5478-JJVZK,No,0,0.13679471712357189,No,Low Risk,60.9,0.0,33,Month-to-month,Mailed check,DSL,No,Yes
7596-IIWYC,No,0,0.02740674878396731,No,Low Risk,20.25,0.0,27,Two year,Bank transfer (automatic),No,No internet service,No internet service
6567-HOOPW,Yes,1,0.8510224164276214,Yes,High Risk,79.2,79.2,1,Month-to-month,Electronic check,Fiber optic,No,No
9793-WECQC,No,0,0.3295869871958191,No,Medium Risk,95.3,0.0,23,Month-to-month,Mailed check,Fiber optic,No,No
4291-HPAXL,No,0,0.29752040522897016,No,Low Risk,19.85,0.0,1,Month-to-month,Mailed check,No,No internet service,No internet service
8999-YPYBV,No,0,0.03017971251711418,No,Low Risk,84.35,0.0,45,Two year,Mailed check,DSL,Yes,Yes
1839-FBNFR,No,0,0.02660635952766149,No,Low Risk,19.85,0.0,39,Two year,Bank transfer (automatic),No,No internet service,No internet service
3164-AALRN,Yes,1,0.2588183771157054,No,Low Risk,70.0,0.0,5,One year,Mailed check,DSL,No,No
3071-MVJCD,No,0,0.024046375440418582,No,Low Risk,82.3,0.0,72,Two year,Bank transfer (automatic),DSL,Yes,Yes
1697-BCSHV,No,0,0.17643994022838586,No,Low Risk,66.8,0.0,58,Month-to-month,Bank transfer (automatic),DSL,No,No
0562-KBDVM,No,0,0.02612812873366203,No,Low Risk,44.6,0.0,70,Two year,Bank transfer (automatic),DSL,Yes,Yes
1131-SUEKT,No,0,0.12136339357423065,No,Low Risk,98.45,0.0,61,One year,Bank transfer (automatic),Fiber optic,Yes,No
3717-OEAUQ,No,0,0.5465388237541301,Yes,Medium Risk,70.7,0.0,2,Month-to-month,Mailed check,Fiber optic,No,No
4538-WNTMJ,No,0,0.04354771852167524,No,Low Risk,24.95,0.0,46,One year,Mailed check,No,No internet service,No internet service
3334-CTHOL,Yes,1,0.6175876460686649,Yes,High Risk,49.95,49.95,1,Month-to-month,Bank transfer (automatic),DSL,No,No
4704-ERYFC,Yes,1,0.4554278388044218,No,Medium Risk,69.25,0.0,22,Month-to-month,Electronic check,Fiber optic,No,No
9432-RUVSL,No,0,0.08203818923006626,No,Low Risk,102.5,0.0,48,Two year,Credit card (automatic),Fiber optic,Yes,Yes
8060-HIWJJ,No,0,0.03990953212652176,No,Low Risk,86.55,0.0,64,Two year,Credit card (automatic),DSL,Yes,No
7684-XSZIY,No,0,0.020274978401497466,No,Low Risk,24.3,0.0,72,Two year,Bank transfer (automatic),No,No internet service,No internet service
9089-UOWJG,No,0,0.28704059700071727,No,Low Risk,58.35,0.0,12,Month-to-month,Credit card (automatic),DSL,No,No
8621-MNIHH,Yes,1,0.5304620961691893,Yes,Medium Risk,94.25,0.0,34,Month-to-month,Electronic check,Fiber optic,No,No
8039-ACLPL,No,0,0.028004240494619907,No,Low Risk,68.75,0.0,72,Two year,Credit card (automatic),DSL,No,Yes
9885-AIBVB,No,0,0.44818555649113584,No,Medium Risk,85.8,0.0,29,Month-to-month,Electronic check,Fiber optic,No,No
1934-MKPXS,No,0,0.03692758139743251,No,Low Risk,20.1,0.0,33,One year,Credit card (automatic),No,No internet service,No internet service
2592-YKDIF,No,0,0.29872100466145696,No,Low Risk,20.35,0.0,1,Month-to-month,Mailed check,No,No internet service,No internet service
2272-JKMSI,No,0,0.22392644568623418,No,Low Risk,110.8,0.0,62,One year,Electronic check,Fiber optic,Yes,No
0471-LVHGK,Yes,1,0.19757852618546237,No,Low Risk,73.0,0.0,41,One year,Electronic check,DSL,No,No
9518-RWHZL,Yes,1,0.19101315684067946,No,Low Risk,100.05,0.0,64,One year,Credit card (automatic),Fiber optic,No,No
8714-CTZJW,No,0,0.6549851282010042,Yes,High Risk,82.85,82.85,4,Month-to-month,Credit card (automatic),Fiber optic,No,No
3569-EDBPQ,No,0,0.33420916578393095,No,Medium Risk,84.35,0.0,24,Month-to-month,Electronic check,Fiber optic,Yes,Yes
3131-NWVFJ,No,0,0.051846025864619436,No,Low Risk,19.55,0.0,14,One year,Mailed check,No,No internet service,No internet service
7521-YXVZY,No,0,0.16616810074704944,No,Low Risk,19.95,0.0,3,Month-to-month,Mailed check,No,No internet service,No internet service
5419-CONWX,Yes,1,0.7676234572133381,Yes,High Risk,99.8,99.8,4,Month-to-month,Credit card (automatic),Fiber optic,No,No
6240-EURKS,Yes,1,0.3669798460254169,No,Medium Risk,35.0,0.0,18,Month-to-month,Electronic check,DSL,No,No
2373-NTKOD,No,0,0.4231169862844334,No,Medium Risk,66.25,0.0,8,Month-to-month,Electronic check,DSL,No,No
1970-KKFWL,No,0,0.02528128834911229,No,Low Risk,23.3,0.0,35,Two year,Bank transfer (automatic),No,No internet service,No internet service
6960-HVYXR,Yes,1,0.7692599164944437,Yes,High Risk,76.0,76.0,1,Month-to-month,Electronic check,Fiber optic,No,No
9337-SRRNI,No,0,0.02357034535425262,No,Low Risk,25.3,0.0,66,Two year,Credit card (automatic),No,No internet service,No internet service
0895-UADGO,No,0,0.057500191905039945,No,Low Risk,44.55,0.0,8,Two year,Mailed check,DSL,Yes,Yes
5678-VFNEQ,No,0,0.14784309777002222,No,Low Risk,104.1,0.0,71,One year,Credit card (automatic),Fiber optic,No,Yes
5977-CKHON,No,0,0.3617231503895421,No,Medium Risk,92.55,0.0,43,Month-to-month,Bank transfer (automatic),Fiber optic,No,No
7024-OHCCK,Yes,1,0.8159201662704678,Yes,High Risk,93.85,93.85,2,Month-to-month,Electronic check,Fiber optic,No,No
2692-BUCFV,No,0,0.4963599932437245,No,Medium Risk,101.45,0.0,29,Month-to-month,Bank transfer (automatic),Fiber optic,No,No
7861-UVUFT,Yes,1,0.5982729624582415,Yes,Medium Risk,84.3,0.0,15,Month-to-month,Electronic check,Fiber optic,No,No
1830-GGFNM,No,0,0.044227025026214374,No,Low Risk,94.55,0.0,65,Two year,Credit card (automatic),Fiber optic,Yes,Yes
5302-BDJNT,No,0,0.3624399096307468,No,Medium Risk,95.5,0.0,35,Month-to-month,Electronic check,Fiber optic,Yes,No
5223-UZAVK,No,0,0.13083683418925252,No,Low Risk,100.3,0.0,64,One year,Credit card (automatic),Fiber optic,No,Yes
4859-ZSRDZ,No,0,0.04885802031648635,No,Low Risk,55.5,0.0,58,Two year,Credit card (automatic),DSL,Yes,No
5651-WYIPH,No,0,0.21195853118957572,No,Low Risk,49.85,0.0,18,Month-to-month,Credit card (automatic),DSL,No,No
9350-VLHMB,No,0,0.24928271001225719,No,Low Risk,89.55,0.0,67,Month-to-month,Bank transfer (automatic),Fiber optic,No,No
3498-LZGQZ,No,0,0.02111885409148618,No,Low Risk,19.15,0.0,63,Two year,Mailed check,No,No internet service,No internet service
8785-CJSHH,No,0,0.4522471759288244,No,Medium Risk,99.8,0.0,60,Month-to-month,Electronic check,Fiber optic,No,No
5357-TZHPP,Yes,1,0.6741777759144378,Yes,High Risk,84.4,84.4,9,Month-to-month,Credit card (automatic),Fiber optic,No,No
3870-SPZSI,No,0,0.05094296353931647,No,Low Risk,113.05,0.0,70,Two year,Credit card (automatic),Fiber optic,Yes,Yes
0680-DFNNY,Yes,1,0.7559731454605798,Yes,High Risk,101.1,101.1,15,Month-to-month,Electronic check,Fiber optic,No,No
7560-QRBXH,No,0,0.03692758139743251,No,Low Risk,19.95,0.0,48,One year,Mailed check,No,No internet service,No internet service
7077-XJMET,No,0,0.3154794253431403,No,Medium Risk,74.15,0.0,12,Month-to-month,Electronic check,DSL,Yes,No
8752-GHJFU,No,0,0.07270652719906955,No,Low Risk,92.0,0.0,71,One year,Electronic check,Fiber optic,Yes,Yes
6896-SRVYQ,No,0,0.32192685366847784,No,Medium Risk,73.85,0.0,44,Month-to-month,Electronic check,Fiber optic,No,No
7767-UXAGJ,Yes,1,0.7206958852417742,Yes,High Risk,50.45,50.45,1,Month-to-month,Electronic check,DSL,No,No
4652-ODEVH,No,0,0.025140281571952163,No,Low Risk,24.45,0.0,45,Two year,Mailed check,No,No internet service,No internet service
6510-UPNKS,No,0,0.04842483623932937,No,Low Risk,24.8,0.0,23,One year,Credit card (automatic),No,No internet service,No internet service
6718-BDGHG,No,0,0.09350430993173987,No,Low Risk,64.85,0.0,43,One year,Bank transfer (automatic),DSL,Yes,No
9046-DQMTP,No,0,0.06772157046635292,No,Low Risk,20.75,0.0,35,Month-to-month,Bank transfer (automatic),No,No internet service,No internet service
6439-LAJXL,No,0,0.13826213215323352,No,Low Risk,68.95,0.0,9,Month-to-month,Mailed check,DSL,Yes,Yes
1571-SAVHK,Yes,1,0.6321912166480123,Yes,High Risk,99.95,99.95,12,Month-to-month,Mailed check,Fiber optic,Yes,No
9052-VKDUW,No,0,0.2939551950116866,No,Low Risk,109.4,0.0,65,Month-to-month,Credit card (automatic),Fiber optic,No,Yes
9546-CQJSU,Yes,1,0.7761501977109874,Yes,High Risk,91.4,91.4,2,Month-to-month,Electronic check,Fiber optic,No,No
1666-JZPZT,No,0,0.1620968632198784,No,Low Risk,49.0,0.0,27,Month-to-month,Mailed check,DSL,No,No
5777-KJIRB,No,0,0.08614501198910725,No,Low Risk,50.25,0.0,40,One year,Mailed check,DSL,No,No
0506-LVNGN,Yes,1,0.6555194028339763,Yes,High Risk,75.55,75.55,5,Month-to-month,Credit card (automatic),Fiber optic,No,No
7677-SJJJK,No,0,0.05530290061271398,No,Low Risk,19.9,0.0,8,One year,Credit card (automatic),No,No internet service,No internet service
2480-EJWYP,No,0,0.20268354039801442,No,Low Risk,97.8,0.0,58,One year,Bank transfer (automatic),Fiber optic,No,No
3253-HKOKL,No,0,0.18410917342595545,No,Low Risk,100.3,0.0,52,One year,Electronic check,Fiber optic,No,Yes
7055-HNEOJ,No,0,0.32319735555867246,No,Medium Risk,55.8,0.0,3,Month-to-month,Mailed check,DSL,Yes,No
5514-YQENT,No,0,0.1270859467756351,No,Low Risk,111.15,0.0,41,Two year,Electronic check,Fiber optic,Yes,Yes
3211-AAPKX,No,0,0.4947025430490229,No,Medium Risk,98.55,0.0,20,Month-to-month,Mailed check,Fiber optic,Yes,No
8445-DNBAE,No,0,0.671792567144171,Yes,High Risk,50.05,50.05,1,Month-to-month,Electronic check,DSL,No,No
2951-QOQTK,Yes,1,0.5347041232809161,Yes,Medium Risk,80.8,0.0,4,Month-to-month,Credit card (automatic),Fiber optic,Yes,No
2958-NHPPS,No,0,0.09902919577945964,No,Low Risk,20.85,0.0,23,Month-to-month,Electronic check,No,No internet service,No internet service
6806-YDEUL,No,0,0.12493441970074873,No,Low Risk,19.5,0.0,6,Month-to-month,Bank transfer (automatic),No,No internet service,No internet service
1735-XMJVH,No,0,0.12043522916471212,No,Low Risk,19.35,0.0,8,Month-to-month,Mailed check,No,No internet service,No internet service
6890-PFRQX,No,0,0.14925719647792754,No,Low Risk,69.5,0.0,18,Month-to-month,Mailed check,DSL,No,Yes
0222-CNVPT,No,0,0.20878104063406328,No,Low Risk,48.8,0.0,52,Month-to-month,Credit card (automatic),DSL,No,Yes
5899-OUVKV,No,0,0.4844322071051426,No,Medium Risk,94.5,0.0,31,Month-to-month,Electronic check,Fiber optic,No,No
8681-ICONS,No,0,0.08230403539091238,No,Low Risk,20.65,0.0,29,Month-to-month,Mailed check,No,No internet service,No internet service
1621-YNCJH,No,0,0.09559405313977601,No,Low Risk,106.05,0.0,36,Two year,Credit card (automatic),Fiber optic,Yes,Yes
3473-XIIIT,Yes,1,0.738486394189758,Yes,High Risk,100.0,100.0,16,Month-to-month,Electronic check,Fiber optic,No,No
6362-QHAFM,No,0,0.31714536529744175,No,Medium Risk,108.3,0.0,42,One year,Electronic check,Fiber optic,Yes,No
7893-IXHRQ,Yes,1,0.3327967081322716,No,Medium Risk,20.55,0.0,1,Month-to-month,Electronic check,No,No internet service,No internet service
3070-BDOQC,No,0,0.13683194860719627,No,Low Risk,99.65,0.0,60,Two year,Electronic check,Fiber optic,No,No
2952-QAYZF,Yes,1,0.7079679748239741,Yes,High Risk,85.3,85.3,5,Month-to-month,Electronic check,Fiber optic,No,No
6234-PFPXL,No,0,0.2693839716855857,No,Low Risk,95.9,0.0,22,Month-to-month,Credit card (automatic),Fiber optic,Yes,Yes
9824-QCJPK,No,0,0.03713218255245417,No,Low Risk,20.0,0.0,36,One year,Mailed check,No,No internet service,No internet service
4763-PGDPO,Yes,1,0.5635793755431144,Yes,Medium Risk,70.4,0.0,4,Month-to-month,Electronic check,Fiber optic,No,No
4283-IVYCI,No,0,0.12594170364553398,No,Low Risk,64.95,0.0,9,Month-to-month,Mailed check,DSL,Yes,Yes
1866-OBPNR,No,0,0.6399719921182,Yes,High Risk,74.6,74.6,1,Month-to-month,Credit card (automatic),Fiber optic,No,No
8205-MQUGY,No,0,0.23867148213266862,No,Low Risk,49.2,0.0,12,Month-to-month,Electronic check,DSL,No,Yes
8970-ANWXO,No,0,0.11315261392948532,No,Low Risk,73.75,0.0,23,One year,Mailed check,DSL,Yes,No
9480-BQJEI,No,0,0.08300438494316154,No,Low Risk,92.3,0.0,62,One year,Bank transfer (automatic),Fiber optic,No,Yes
5394-SVGJV,Yes,1,0.3535932698377536,No,Medium Risk,98.8,0.0,37,Month-to-month,Bank transfer (automatic),Fiber optic,Yes,No
6979-TNDEU,No,0,0.0998317088961367,No,Low Risk,19.2,0.0,8,Month-to-month,Mailed check,No,No internet service,No internet service
9777-WJJPR,No,0,0.3424758237415173,No,Medium Risk,88.65,0.0,31,Month-to-month,Credit card (automatic),Fiber optic,No,No
9283-LZQOH,Yes,1,0.5002916138807277,Yes,Medium Risk,74.4,0.0,13,Month-to-month,Credit card (automatic),Fiber optic,No,No
7079-QRCBC,Yes,1,0.6555627169591113,Yes,High Risk,98.75,98.75,24,Month-to-month,Electronic check,Fiber optic,No,No
9495-SKLKD,No,0,0.3307591188282952,No,Medium Risk,95.95,0.0,45,Month-to-month,Bank transfer (automatic),Fiber optic,No,No
6048-UWKAL,No,0,0.09196738730167862,No,Low Risk,105.4,0.0,69,Two year,Credit card (automatic),Fiber optic,Yes,No
5067-DGXLL,No,0,0.1794584042671467,No,Low Risk,20.25,0.0,2,Month-to-month,Mailed check,No,No internet service,No internet service
5469-CTCWN,Yes,1,0.22045832370686327,No,Low Risk,106.0,0.0,61,One year,Electronic check,Fiber optic,No,Yes
9851-QXEEQ,Yes,1,0.5740146475229408,Yes,Medium Risk,104.7,0.0,41,Month-to-month,Electronic check,Fiber optic,No,No
6281-FKEWS,No,0,0.1806817447057184,No,Low Risk,49.05,0.0,44,One year,Electronic check,DSL,No,No
8898-KASCD,No,0,0.06561908757046996,No,Low Risk,35.55,0.0,39,One year,Mailed check,DSL,Yes,No
9242-TKFSV,No,0,0.025521445337405805,No,Low Risk,65.1,0.0,72,Two year,Credit card (automatic),DSL,Yes,Yes
9290-SHCMB,No,0,0.7002711357486513,Yes,High Risk,96.85,96.85,13,Month-to-month,Electronic check,Fiber optic,No,No
0743-HNPFG,No,0,0.04659905470485892,No,Low Risk,69.75,0.0,51,One year,Credit card (automatic),DSL,Yes,Yes
2277-BKJKN,No,0,0.11139796205716981,No,Low Risk,99.2,0.0,71,Two year,Electronic check,Fiber optic,No,No
9809-IMGCQ,Yes,1,0.6755581565824272,Yes,High Risk,96.7,96.7,22,Month-to-month,Electronic check,Fiber optic,No,No
5208-HFSBT,Yes,1,0.34352649569810934,No,Medium Risk,55.05,0.0,2,Month-to-month,Credit card (automatic),DSL,Yes,No
5035-PGZXH,No,0,0.29822634820828514,No,Low Risk,106.8,0.0,56,One year,Electronic check,Fiber optic,No,No
8695-WDYEA,No,0,0.45696256164367083,No,Medium Risk,51.25,0.0,1,Month-to-month,Mailed check,DSL,No,Yes
6543-JXSOO,No,0,0.048975102451883364,No,Low Risk,57.75,0.0,23,One year,Mailed check,DSL,Yes,Yes
8016-ZMGMO,No,0,0.09007667585411046,No,Low Risk,70.85,0.0,66,One year,Bank transfer (automatic),DSL,No,No
8605-ITULD,No,0,0.29872100466145696,No,Low Risk,19.55,0.0,1,Month-to-month,Mailed check,No,No internet service,No internet service
3254-YRILK,Yes,1,0.5687875365502031,Yes,Medium Risk,88.2,0.0,19,Month-to-month,Electronic check,Fiber optic,No,No
6416-YJTTB,No,0,0.3813589132123416,No,Medium Risk,79.5,0.0,11,Month-to-month,Bank transfer (automatic),Fiber optic,No,Yes
2667-WYLWJ,Yes,1,0.06622505940832436,No,Low Risk,19.75,0.0,8,One year,Mailed check,No,No internet service,No internet service
4472-VESGY,No,0,0.26028062986903144,No,Low Risk,98.15,0.0,52,Month-to-month,Bank transfer (automatic),Fiber optic,No,Yes
3195-TQDZX,No,0,0.23786610905031497,No,Low Risk,20.25,0.0,3,Month-to-month,Electronic check,No,No internet service,No internet service
3128-YOVTD,No,0,0.1716848994257765,No,Low Risk,79.15,0.0,51,Month-to-month,Bank transfer (automatic),Fiber optic,No,Yes
0529-ONKER,Yes,1,0.5657135364883183,Yes,Medium Risk,75.65,0.0,15,Month-to-month,Electronic check,Fiber optic,No,No
1728-CXQBE,No,0,0.35914558043476397,No,Medium Risk,94.25,0.0,64,Month-to-month,Electronic check,Fiber optic,No,No
7041-TXQJH,No,0,0.23614032194334603,No,Low Risk,40.2,0.0,37,Month-to-month,Credit card (automatic),DSL,No,No
5014-GSOUQ,No,0,0.031345668258446514,No,Low Risk,19.95,0.0,13,Two year,Mailed check,No,No internet service,No internet service
5724-BIDBU,No,0,0.10892011341883846,No,Low Risk,55.35,0.0,49,One year,Electronic check,DSL,No,Yes
0481-SUMCB,No,0,0.2704404776894824,No,Low Risk,102.15,0.0,45,One year,Bank transfer (automatic),Fiber optic,No,No
1769-GRUIK,No,0,0.4554278388044218,No,Medium Risk,71.1,0.0,18,Month-to-month,Electronic check,Fiber optic,No,No
5240-IJOQT,Yes,1,0.8469943135896922,Yes,High Risk,74.7,74.7,1,Month-to-month,Electronic check,Fiber optic,No,No
8819-WFGGJ,No,0,0.04912658602917986,No,Low Risk,54.1,0.0,68,Two year,Bank transfer (automatic),DSL,No,Yes
7427-AUFPY,No,0,0.022188061443804846,No,Low Risk,19.65,0.0,54,Two year,Credit card (automatic),No,No internet service,No internet service
2811-POVEX,No,0,0.39302167737333177,No,Medium Risk,88.45,0.0,23,Month-to-month,Bank transfer (automatic),Fiber optic,No,No
1092-GANHU,Yes,1,0.5154124381868999,Yes,Medium Risk,76.65,0.0,17,Month-to-month,Electronic check,Fiber optic,No,No
7898-PDWQE,No,0,0.023519617549197177,No,Low Risk,80.4,0.0,71,Two year,Credit card (automatic),DSL,Yes,Yes
9972-EWRJS,No,0,0.02111885409148618,No,Low Risk,19.25,0.0,67,Two year,Bank transfer (automatic),No,No internet service,No internet service
9314-IJWSQ,No,0,0.6647073076775444,Yes,High Risk,84.8,84.8,14,Month-to-month,Electronic check,Fiber optic,No,No
0661-XEYAN,Yes,1,0.7618095859358149,Yes,High Risk,25.8,25.8,1,Month-to-month,Mailed check,DSL,No,No
5799-JRCZO,No,0,0.020720675767412843,No,Low Risk,19.5,0.0,63,Two year,Credit card (automatic),No,No internet service,No internet service
1921-KYSAY,No,0,0.13571457763038108,No,Low Risk,68.6,0.0,41,One year,Electronic check,DSL,Yes,No
6198-RTPMF,No,0,0.5725939968191014,Yes,Medium Risk,92.6,0.0,17,Month-to-month,Electronic check,Fiber optic,No,No
2924-KHUVI,No,0,0.240501099757163,No,Low Risk,100.55,0.0,56,One year,Electronic check,Fiber optic,No,Yes
1925-GMVBW,No,0,0.14575567919699448,No,Low Risk,20.55,0.0,5,Month-to-month,Credit card (automatic),No,No internet service,No internet service
7881-EVUAD,Yes,1,0.4615555077632354,No,Medium Risk,42.6,0.0,2,Month-to-month,Electronic check,DSL,No,Yes
6184-DYUOB,No,0,0.203258499557407,No,Low Risk,19.6,0.0,3,Month-to-month,Mailed check,No,No internet service,No internet service
9207-ZPANB,No,0,0.06308475718947736,No,Low Risk,67.45,0.0,37,One year,Electronic check,DSL,Yes,Yes
5766-XQXMQ,Yes,1,0.12896675163424023,No,Low Risk,68.85,0.0,29,Month-to-month,Bank transfer (automatic),DSL,No,Yes
9327-QSDED,No,0,0.2389554882451817,No,Low Risk,43.55,0.0,8,Month-to-month,Mailed check,DSL,No,No
1656-DRSMG,No,0,0.31033828371060446,No,Medium Risk,109.85,0.0,63,Month-to-month,Credit card (automatic),Fiber optic,Yes,No
3012-VFFMN,No,0,0.10294752311383841,No,Low Risk,20.65,0.0,7,Month-to-month,Mailed check,No,No internet service,No internet service
2984-AFWNC,No,0,0.6278374393368117,Yes,High Risk,95.4,95.4,3,Month-to-month,Electronic check,Fiber optic,No,No
0640-YJTPY,No,0,0.018159855412516312,No,Low Risk,21.0,0.0,72,Two year,Bank transfer (automatic),No,No internet service,No internet service
8096-LOIST,No,0,0.3117084346433446,No,Medium Risk,56.2,0.0,19,Month-to-month,Electronic check,DSL,No,No
9764-REAFF,No,0,0.021652083126167454,No,Low Risk,18.4,0.0,59,Two year,Bank transfer (automatic),No,No internet service,No internet service
3703-VAVCL,Yes,1,0.5496459298558408,Yes,Medium Risk,90.0,0.0,2,Month-to-month,Credit card (automatic),Fiber optic,Yes,No
7107-UBYKY,No,0,0.13764306305028842,No,Low Risk,25.75,0.0,35,Month-to-month,Electronic check,No,No internet service,No internet service
4881-GQJTW,No,0,0.0938679944595526,No,Low Risk,19.6,0.0,14,Month-to-month,Credit card (automatic),No,No internet service,No internet service
8519-QJGJD,Yes,1,0.45561573828947993,No,Medium Risk,75.35,0.0,14,Month-to-month,Electronic check,Fiber optic,No,No
7876-DNYAP,No,0,0.020720675767412843,No,Low Risk,19.8,0.0,69,Two year,Credit card (automatic),No,No internet service,No internet service
7905-NJMXS,No,0,0.17632474959187178,No,Low Risk,64.2,0.0,7,Month-to-month,Electronic check,DSL,Yes,Yes
2882-WDTBA,No,0,0.024492323107620353,No,Low Risk,75.75,0.0,69,Two year,Bank transfer (automatic),DSL,Yes,Yes
2091-GPPIQ,No,0,0.0517832166275378,No,Low Risk,78.95,0.0,72,Two year,Electronic check,DSL,Yes,No
6326-MTTXK,Yes,1,0.6913440014755137,Yes,High Risk,100.85,100.85,8,Month-to-month,Electronic check,Fiber optic,No,No
5071-FBJFS,No,0,0.24388273764168658,No,Low Risk,50.3,0.0,4,Month-to-month,Electronic check,DSL,No,Yes
2796-UUZZO,No,0,0.19787250293594794,No,Low Risk,80.3,0.0,63,Month-to-month,Credit card (automatic),Fiber optic,No,No
2429-AYKKO,No,0,0.01826244383159915,No,Low Risk,19.85,0.0,72,Two year,Bank transfer (automatic),No,No internet service,No internet service
9798-OPFEM,No,0,0.03477527032237322,No,Low Risk,21.1,0.0,46,Two year,Electronic check,No,No internet service,No internet service
0330-IVZHA,Yes,1,0.5635793755431144,Yes,Medium Risk,69.95,0.0,5,Month-to-month,Electronic check,Fiber optic,No,No
3794-NFNCH,No,0,0.17509120613677306,No,Low Risk,50.0,0.0,30,Month-to-month,Mailed check,DSL,No,No
5193-QLVZB,No,0,0.11959998995485685,No,Low Risk,104.75,0.0,63,Two year,Bank transfer (automatic),Fiber optic,No,No
7114-AEOZE,No,0,0.020837423718393398,No,Low Risk,19.85,0.0,60,Two year,Bank transfer (automatic),No,No internet service,No internet service
2886-KEFUM,Yes,1,0.2669167294657875,No,Low Risk,107.5,0.0,63,One year,Electronic check,Fiber optic,No,No
5522-NYKPB,No,0,0.32247328368537204,No,Medium Risk,85.9,0.0,25,Month-to-month,Electronic check,Fiber optic,Yes,No
4237-RLAQD,Yes,1,0.5919531673413575,Yes,Medium Risk,45.85,0.0,1,Month-to-month,Mailed check,DSL,No,No
9957-YODKZ,No,0,0.7227698057833932,Yes,High Risk,80.8,80.8,6,Month-to-month,Electronic check,Fiber optic,No,No
6518-KZXCB,No,0,0.028458228031355875,No,Low Risk,25.25,0.0,22,Two year,Mailed check,No,No internet service,No internet service
2245-ADZFJ,No,0,0.04426999910048194,No,Low Risk,80.55,0.0,31,Two year,Bank transfer (automatic),DSL,Yes,No
7776-QGYJC,No,0,0.2414349075292771,No,Low Risk,81.5,0.0,39,Month-to-month,Bank transfer (automatic),Fiber optic,Yes,No
9313-QOLTZ,No,0,0.06772157046635292,No,Low Risk,20.9,0.0,26,Month-to-month,Mailed check,No,No internet service,No internet service
9651-GTSAQ,Yes,1,0.164134533464972,No,Low Risk,106.1,0.0,53,One year,Bank transfer (automatic),Fiber optic,No,Yes
3186-BAXNB,Yes,1,0.6600723701585318,Yes,High Risk,91.7,91.7,1,Month-to-month,Electronic check,Fiber optic,Yes,No
4672-FOTSD,No,0,0.19570183695881102,No,Low Risk,67.25,0.0,12,Month-to-month,Electronic check,DSL,Yes,Yes
0637-YLETY,Yes,1,0.5376709842775058,Yes,Medium Risk,95.6,0.0,16,Month-to-month,Credit card (automatic),Fiber optic,No,No
9818-XQCUV,No,0,0.1794584042671467,No,Low Risk,20.35,0.0,2,Month-to-month,Mailed check,No,No internet service,No internet service
7338-ERIVA,No,0,0.05630037339365892,No,Low Risk,45.05,0.0,39,One year,Bank transfer (automatic),DSL,Yes,Yes
1157-BQCUW,Yes,1,0.8259201064965564,Yes,High Risk,74.95,74.95,1,Month-to-month,Electronic check,Fiber optic,No,No
8259-NFJTV,No,0,0.14486806749036182,No,Low Risk,34.65,0.0,7,Month-to-month,Mailed check,DSL,Yes,Yes
3223-DWFIO,No,0,0.6002605571495996,Yes,High Risk,69.35,69.35,4,Month-to-month,Electronic check,Fiber optic,No,No
2660-EMUBI,Yes,1,0.7583437599986099,Yes,High Risk,95.35,95.35,10,Month-to-month,Electronic check,Fiber optic,No,No
6968-GMKPR,No,0,0.2913481137916099,No,Low Risk,81.55,0.0,55,Month-to-month,Electronic check,Fiber optic,No,No
4751-ERMAN,No,0,0.04442665650615668,No,Low Risk,75.4,0.0,72,Two year,Bank transfer (automatic),DSL,No,No
1436-ZMJAN,No,0,0.3461035113331796,No,Medium Risk,67.8,0.0,10,Month-to-month,Credit card (automatic),DSL,No,No
3292-PBZEJ,No,0,0.7086385386545756,Yes,High Risk,111.4,111.4,11,Month-to-month,Electronic check,Fiber optic,Yes,No
0799-DDIHE,No,0,0.25684884940437436,No,Low Risk,46.3,0.0,15,Month-to-month,Electronic check,DSL,No,No
3070-FNFZQ,No,0,0.024189086290159246,No,Low Risk,20.4,0.0,23,Two year,Bank transfer (automatic),No,No internet service,No internet service
2812-SFXMJ,No,0,0.29752040522897016,No,Low Risk,20.05,0.0,1,Month-to-month,Mailed check,No,No internet service,No internet service
7675-OZCZG,Yes,1,0.4437567666421124,No,Medium Risk,45.0,0.0,3,Month-to-month,Electronic check,DSL,No,No
5014-WUQMG,No,0,0.16509163269795954,No,Low Risk,96.1,0.0,47,One year,Electronic check,Fiber optic,No,Yes
5312-TSZVC,No,0,0.051846025864619436,No,Low Risk,19.65,0.0,15,One year,Mailed check,No,No internet service,No internet service
2003-CKLOR,Yes,1,0.3592008270166931,No,Medium Risk,99.5,0.0,66,Month-to-month,Electronic check,Fiber optic,No,No
0993-OSGPT,No,0,0.0539060702758794,No,Low Risk,60.65,0.0,68,One year,Bank transfer (automatic),DSL,Yes,No
9254-RBFON,Yes,1,0.25000479910559825,No,Low Risk,98.6,0.0,17,One year,Bank transfer (automatic),Fiber optic,Yes,No
1205-WNWPJ,Yes,1,0.2545828156195763,No,Low Risk,59.5,0.0,7,Month-to-month,Mailed check,DSL,Yes,No
9391-EOYLI,Yes,1,0.6364907785174215,Yes,High Risk,80.45,80.45,12,Month-to-month,Electronic check,Fiber optic,No,No
7108-DGVUU,No,0,0.1172136110908434,No,Low Risk,71.7,0.0,21,One year,Bank transfer (automatic),DSL,No,No
2782-JEEBU,No,0,0.16030851022143713,No,Low Risk,36.0,0.0,21,Month-to-month,Mailed check,DSL,Yes,No
5127-BZENZ,No,0,0.07164538510647928,No,Low Risk,65.2,0.0,56,One year,Bank transfer (automatic),DSL,No,Yes
2720-FVBQP,No,0,0.3699339477249008,No,Medium Risk,48.95,0.0,6,Month-to-month,Credit card (automatic),DSL,No,No
9906-NHHVC,No,0,0.06261047589056763,No,Low Risk,53.5,0.0,65,Two year,Bank transfer (automatic),DSL,No,No
4522-XRWWI,No,0,0.0703606642403687,No,Low Risk,80.45,0.0,42,One year,Credit card (automatic),DSL,Yes,Yes
3766-EJLFL,No,0,0.07589687819461853,No,Low Risk,109.05,0.0,68,Two year,Bank transfer (automatic),Fiber optic,Yes,Yes
5939-SXWHM,No,0,0.025140281571952163,No,Low Risk,26.3,0.0,48,Two year,Bank transfer (automatic),No,No internet service,No internet service
8152-UOBNY,No,0,0.27772612537662816,No,Low Risk,106.8,0.0,50,One year,Electronic check,Fiber optic,Yes,No
7351-KYHQH,No,0,0.4014562111311386,No,Medium Risk,64.95,0.0,7,Month-to-month,Electronic check,DSL,No,No
7643-RCHXS,No,0,0.027634904534703558,No,Low Risk,19.35,0.0,63,Two year,Electronic check,No,No internet service,No internet service
8246-SHFGA,No,0,0.08403660713415971,No,Low Risk,21.1,0.0,17,Month-to-month,Credit card (automatic),No,No internet service,No internet service
8387-MOJJT,Yes,1,0.318575751779101,No,Medium Risk,77.95,0.0,42,Month-to-month,Credit card (automatic),Fiber optic,No,No
0620-XEFWH,No,0,0.14504271361941282,No,Low Risk,18.85,0.0,4,Month-to-month,Mailed check,No,No internet service,No internet service
6485-QXWWE,No,0,0.023127038226193948,No,Low Risk,26.0,0.0,62,Two year,Bank transfer (automatic),No,No internet service,No internet service
2761-OCIAX,Yes,1,0.6726717951371509,Yes,High Risk,74.7,74.7,2,Month-to-month,Electronic check,Fiber optic,No,No
7321-VGNKU,No,0,0.6703239316412379,Yes,High Risk,70.35,70.35,2,Month-to-month,Electronic check,Fiber optic,No,No
5327-CNLUQ,No,0,0.08875612903753792,No,Low Risk,96.9,0.0,48,Two year,Bank transfer (automatic),Fiber optic,No,Yes
7552-KEYGT,No,0,0.022188061443804846,No,Low Risk,19.55,0.0,27,Two year,Bank transfer (automatic),No,No internet service,No internet service
5816-JMLGY,No,0,0.036189651161704466,No,Low Risk,80.4,0.0,70,Two year,Bank transfer (automatic),DSL,Yes,No
3068-OMWZA,Yes,1,0.8751019119212003,Yes,High Risk,88.8,88.8,1,Month-to-month,Electronic check,Fiber optic,No,No
2927-QRRQV,No,0,0.21746697206298563,No,Low Risk,94.65,0.0,46,One year,Electronic check,Fiber optic,No,No
6032-KRXXO,Yes,1,0.4846074272470593,No,Medium Risk,90.25,0.0,30,Month-to-month,Electronic check,Fiber optic,No,No
7459-RRWQZ,Yes,1,0.23108655237062017,No,Low Risk,64.65,0.0,15,Month-to-month,Bank transfer (automatic),DSL,No,Yes
6265-SXWBU,No,0,0.13209959443142413,No,Low Risk,95.75,0.0,69,One year,Credit card (automatic),Fiber optic,No,No
7941-RCJOW,No,0,0.021757854686503122,No,Low Risk,19.55,0.0,65,Two year,Credit card (automatic),No,No internet service,No internet service
6374-NTQLP,No,0,0.057344567751609295,No,Low Risk,104.1,0.0,72,Two year,Credit card (automatic),Fiber optic,Yes,Yes
4154-AQUGT,Yes,1,0.46384100920677984,No,Medium Risk,89.05,0.0,13,Month-to-month,Bank transfer (automatic),Fiber optic,Yes,No
2387-KDZQY,No,0,0.05703613732904029,No,Low Risk,20.1,0.0,17,One year,Mailed check,No,No internet service,No internet service
3584-WKTTW,No,0,0.23577066787717238,No,Low Risk,111.55,0.0,51,One year,Electronic check,Fiber optic,Yes,Yes
3399-BMLVW,No,0,0.02336197649885684,No,Low Risk,60.5,0.0,51,Two year,Credit card (automatic),DSL,Yes,Yes
1971-DTCZB,No,0,0.026776781786140343,No,Low Risk,90.95,0.0,72,Two year,Bank transfer (automatic),DSL,Yes,Yes
3092-IGHWF,Yes,1,0.11476227307398862,No,Low Risk,87.4,0.0,67,One year,Electronic check,Fiber optic,No,No
3374-PZLXD,No,0,0.06772157046635292,No,Low Risk,19.7,0.0,34,Month-to-month,Mailed check,No,No internet service,No internet service
3813-DHBBB,No,0,0.027321324396815897,No,Low Risk,50.95,0.0,67,Two year,Bank transfer (automatic),DSL,Yes,Yes
2812-REYAT,No,0,0.04047424559058299,No,Low Risk,20.05,0.0,49,One year,Bank transfer (automatic),No,No internet service,No internet service
6518-PPLMZ,No,0,0.023509376239516242,No,Low Risk,19.4,0.0,53,Two year,Mailed check,No,No internet service,No internet service
4939-KYYPY,No,0,0.16331483354473605,No,Low Risk,59.45,0.0,27,Month-to-month,Electronic check,DSL,Yes,No
8017-LXHFA,Yes,1,0.5226489000068413,Yes,Medium Risk,94.75,0.0,23,Month-to-month,Electronic check,Fiber optic,No,No
5930-GBIWP,No,0,0.027588171458213337,No,Low Risk,81.5,0.0,69,Two year,Credit card (automatic),DSL,Yes,Yes
6022-KOUQO,No,0,0.36354347054059755,No,Medium Risk,29.05,0.0,2,Month-to-month,Bank transfer (automatic),DSL,Yes,No
6352-TWCAU,Yes,1,0.5133259938282044,Yes,Medium Risk,86.45,0.0,35,Month-to-month,Electronic check,Fiber optic,No,No
2361-UPSND,No,0,0.04500878009415684,No,Low Risk,70.6,0.0,46,One year,Mailed check,DSL,Yes,Yes
6035-RIIOM,No,0,0.12049791544980275,No,Low Risk,97.2,0.0,54,Two year,Bank transfer (automatic),Fiber optic,No,No
2929-QNSRW,Yes,1,0.2533532972680408,No,Low Risk,98.25,0.0,56,One year,Electronic check,Fiber optic,No,No
1262-OPMFY,Yes,1,0.5053014369506076,Yes,Medium Risk,75.75,0.0,9,Month-to-month,Bank transfer (automatic),Fiber optic,No,No
9504-DSHWM,No,0,0.09978615618555373,No,Low Risk,59.2,0.0,20,Month-to-month,Bank transfer (automatic),DSL,Yes,Yes
5035-BVCXS,No,0,0.4284711349182979,No,Medium Risk,75.9,0.0,11,Month-to-month,Mailed check,Fiber optic,No,No
6267-DCFFZ,No,0,0.5138029639200449,Yes,Medium Risk,90.05,0.0,30,Month-to-month,Electronic check,Fiber optic,No,No
3533-UVMOM,No,0,0.032085873872633605,No,Low Risk,70.95,0.0,68,Two year,Bank transfer (automatic),DSL,No,Yes
2439-LYPMQ,No,0,0.598773367092027,Yes,Medium Risk,102.6,0.0,38,Month-to-month,Electronic check,Fiber optic,No,No
4248-QPAVC,Yes,1,0.4523774295983284,No,Medium Risk,85.35,0.0,17,Month-to-month,Bank transfer (automatic),Fiber optic,No,Yes
1899-VXWXM,Yes,1,0.2292916515279731,No,Low Risk,106.1,0.0,48,One year,Credit card (automatic),Fiber optic,No,No
1478-VPOAD,No,0,0.5514742599496962,Yes,Medium Risk,43.8,0.0,1,Month-to-month,Electronic check,DSL,No,No
9995-HOTOH,No,0,0.05520232234876768,No,Low Risk,59.0,0.0,63,Two year,Electronic check,DSL,No,Yes
2988-PLAHS,No,0,0.3341464525065884,No,Medium Risk,69.95,0.0,3,One year,Electronic check,DSL,No,No
1371-OJCEK,No,0,0.043787331559957704,No,Low Risk,24.35,0.0,48,One year,Bank transfer (automatic),No,No internet service,No internet service
4999-IEZLT,No,0,0.058618136184498994,No,Low Risk,29.45,0.0,66,One year,Credit card (automatic),DSL,Yes,No
8883-ANODQ,No,0,0.05854114256368708,No,Low Risk,84.4,0.0,68,Two year,Credit card (automatic),Fiber optic,No,No
4690-LLKUA,Yes,1,0.3477952755200062,No,Medium Risk,45.05,0.0,17,Month-to-month,Electronic check,DSL,No,No
2351-RRBUE,No,0,0.05742691762955648,No,Low Risk,20.65,0.0,7,One year,Mailed check,No,No internet service,No internet service
5980-BDHPY,No,0,0.026776781786140343,No,Low Risk,87.1,0.0,72,Two year,Bank transfer (automatic),DSL,Yes,Yes
1498-DQNRX,No,0,0.06772157046635292,No,Low Risk,19.85,0.0,29,Month-to-month,Mailed check,No,No internet service,No internet service
9469-WEJBT,No,0,0.34213465730289305,No,Medium Risk,90.35,0.0,37,Month-to-month,Electronic check,Fiber optic,Yes,No
3331-HQDTW,Yes,1,0.3933807080797461,No,Medium Risk,109.8,0.0,34,Month-to-month,Mailed check,Fiber optic,No,Yes
9490-DFPMD,Yes,1,0.5012862391732039,Yes,Medium Risk,84.65,0.0,42,Month-to-month,Electronic check,Fiber optic,No,No
2581-VKIRT,No,0,0.043446903037871645,No,Low Risk,65.5,0.0,59,One year,Mailed check,DSL,Yes,Yes
5442-XSDCW,Yes,1,0.5155326289959702,Yes,Medium Risk,79.5,0.0,11,Month-to-month,Bank transfer (automatic),Fiber optic,No,No
7426-WEIJX,No,0,0.2536385736467934,No,Low Risk,80.95,0.0,60,Month-to-month,Electronic check,Fiber optic,No,Yes
2851-MMUTZ,No,0,0.12005942420653314,No,Low Risk,56.15,0.0,27,Month-to-month,Mailed check,DSL,Yes,No
3049-NDXFL,Yes,1,0.7765938418949432,Yes,High Risk,85.8,85.8,1,Month-to-month,Mailed check,Fiber optic,No,No
8580-AECUZ,Yes,1,0.8510224164276214,Yes,High Risk,79.1,79.1,1,Month-to-month,Electronic check,Fiber optic,No,No
3307-TLCUD,No,0,0.15994917997325964,No,Low Risk,34.4,0.0,17,Month-to-month,Mailed check,DSL,No,Yes
6625-FLENO,No,0,0.021652083126167454,No,Low Risk,20.75,0.0,58,Two year,Mailed check,No,No internet service,No internet service
2967-MXRAV,No,0,0.12141817326693027,No,Low Risk,18.8,0.0,1,One year,Mailed check,No,No internet service,No internet service
7963-GQRMY,Yes,1,0.376005704709817,No,Medium Risk,44.3,0.0,3,Month-to-month,Mailed check,DSL,No,No
8189-HBVRW,No,0,0.23967144094547935,No,Low Risk,90.8,0.0,53,Month-to-month,Electronic check,Fiber optic,No,Yes
4163-KIUHY,No,0,0.14129885032185371,No,Low Risk,25.6,0.0,35,Month-to-month,Electronic check,No,No internet service,No internet service
1228-FZFRV,Yes,1,0.3315453240488057,No,Medium Risk,105.95,0.0,50,Month-to-month,Credit card (automatic),Fiber optic,No,Yes
3500-NSDOA,No,0,0.03473956384562265,No,Low Risk,70.8,0.0,68,Two year,Credit card (automatic),DSL,Yes,No
1171-TYKUR,No,0,0.10684291791962414,No,Low Risk,25.4,0.0,47,Month-to-month,Electronic check,No,No internet service,No internet service
3761-FLYZI,No,0,0.36597528351198666,No,Medium Risk,108.8,0.0,65,Month-to-month,Bank transfer (automatic),Fiber optic,No,No
2058-DCJBE,Yes,1,0.6534572742343966,Yes,High Risk,69.75,69.75,5,Month-to-month,Electronic check,Fiber optic,No,No
5364-XYIRR,Yes,1,0.48150887731577624,No,Medium Risk,94.65,0.0,51,Month-to-month,Electronic check,Fiber optic,No,No
4829-AUOAX,Yes,1,0.3859518316435743,No,Medium Risk,96.05,0.0,46,Month-to-month,Bank transfer (automatic),Fiber optic,No,No
1219-NNDDO,No,0,0.6503889752368095,Yes,High Risk,76.85,76.85,9,Month-to-month,Electronic check,Fiber optic,No,No
8388-DMKAE,No,0,0.03348393656786583,No,Low Risk,20.25,0.0,8,Two year,Mailed check,No,No internet service,No internet service
4403-BWPAY,No,0,0.07580759662077174,No,Low Risk,24.8,0.0,14,One year,Credit card (automatic),No,No internet service,No internet service
9659-QEQSY,No,0,0.3853751699971804,No,Medium Risk,115.65,0.0,45,Month-to-month,Electronic check,Fiber optic,Yes,Yes
5405-ZMYXQ,No,0,0.5599140332431739,Yes,Medium Risk,74.6,0.0,8,Month-to-month,Credit card (automatic),Fiber optic,No,No
5047-LHVLY,Yes,1,0.6454478127031071,Yes,High Risk,50.15,50.15,1,Month-to-month,Mailed check,DSL,No,No
1442-OKRJE,No,0,0.13710492592975218,No,Low Risk,103.15,0.0,66,One year,Bank transfer (automatic),Fiber optic,No,Yes
4737-AQCPU,No,0,0.021166144844320257,No,Low Risk,72.1,0.0,72,Two year,Credit card (automatic),DSL,Yes,Yes
9158-VCTQB,Yes,1,0.3352430404121381,No,Medium Risk,113.6,0.0,41,Month-to-month,Bank transfer (automatic),Fiber optic,Yes,Yes
2808-CHTDM,No,0,0.027860423372036695,No,Low Risk,25.1,0.0,23,Two year,Mailed check,No,No internet service,No internet service
6311-UEUME,Yes,1,0.45341349021210337,No,Medium Risk,78.9,0.0,29,Month-to-month,Electronic check,Fiber optic,No,No
0793-TWELN,No,0,0.5977619168231008,Yes,Medium Risk,80.15,0.0,4,Month-to-month,Electronic check,Fiber optic,No,Yes
3283-WCWXT,No,0,0.039796886523930174,No,Low Risk,25.4,0.0,6,Two year,Mailed check,No,No internet service,No internet service
1060-ENTOF,No,0,0.12620607240470944,No,Low Risk,105.4,0.0,67,One year,Credit card (automatic),Fiber optic,Yes,Yes
0999-QXNSA,No,0,0.3523019681803398,No,Medium Risk,45.75,0.0,7,Month-to-month,Mailed check,DSL,No,No
5451-MHQOF,No,0,0.04432846599711787,No,Low Risk,24.45,0.0,56,One year,Mailed check,No,No internet service,No internet service
4836-WNFNO,No,0,0.02038926741407629,No,Low Risk,25.0,0.0,72,Two year,Credit card (automatic),No,No internet service,No internet service
9225-BZLNZ,No,0,0.056734921499916595,No,Low Risk,85.25,0.0,72,Two year,Electronic check,DSL,No,Yes
0354-VXMJC,No,0,0.024189086290159246,No,Low Risk,19.6,0.0,23,Two year,Credit card (automatic),No,No internet service,No internet service
4422-QVIJA,No,0,0.16131905945096317,No,Low Risk,50.15,0.0,35,Month-to-month,Mailed check,DSL,No,No
9365-SRSZE,No,0,0.4383097308095867,No,Medium Risk,70.55,0.0,27,Month-to-month,Electronic check,Fiber optic,No,No
6839-ITVZJ,Yes,1,0.19452262353457606,No,Low Risk,60.05,0.0,26,Month-to-month,Electronic check,DSL,Yes,No
8332-OSJDW,No,0,0.06533111456155279,No,Low Risk,26.4,0.0,12,One year,Mailed check,No,No internet service,No internet service
4735-BJKOU,No,0,0.022188061443804846,No,Low Risk,20.15,0.0,40,Two year,Mailed check,No,No internet service,No internet service
0274-JKUJR,No,0,0.2063621134968942,No,Low Risk,58.85,0.0,7,Month-to-month,Mailed check,DSL,No,Yes
5740-YHGTW,No,0,0.2358093675854646,No,Low Risk,97.55,0.0,70,Month-to-month,Credit card (automatic),Fiber optic,No,Yes
8917-SZTTJ,No,0,0.020720675767412843,No,Low Risk,19.65,0.0,60,Two year,Credit card (automatic),No,No internet service,No internet service
1696-MZVAU,No,0,0.10226763231183451,No,Low Risk,25.25,0.0,39,One year,Credit card (automatic),DSL,No,No
7359-WWYJV,No,0,0.04368352733544589,No,Low Risk,114.45,0.0,72,Two year,Credit card (automatic),Fiber optic,Yes,Yes
0375-HVGXO,Yes,1,0.7040287187475388,Yes,High Risk,34.7,34.7,1,Month-to-month,Electronic check,DSL,No,No
4906-ZHGPK,No,0,0.10138360022057488,No,Low Risk,70.7,0.0,54,One year,Electronic check,DSL,Yes,No
8593-WHYHV,Yes,1,0.7611859999299737,Yes,High Risk,85.3,85.3,3,Month-to-month,Electronic check,Fiber optic,No,No
3795-GWTRD,No,0,0.024572898654073496,No,Low Risk,75.55,0.0,63,Two year,Credit card (automatic),DSL,Yes,Yes
1298-PHBTI,No,0,0.05535233542214081,No,Low Risk,84.8,0.0,71,Two year,Electronic check,Fiber optic,Yes,No
6223-DHJGV,No,0,0.045701483445277184,No,Low Risk,20.65,0.0,42,One year,Mailed check,No,No internet service,No internet service
6961-MJKBO,No,0,0.022188061443804846,No,Low Risk,20.45,0.0,47,Two year,Bank transfer (automatic),No,No internet service,No internet service
6097-EQISJ,Yes,1,0.1907061257874584,No,Low Risk,102.45,0.0,66,One year,Credit card (automatic),Fiber optic,No,No
4423-YLHDV,Yes,1,0.4794327167298349,No,Medium Risk,104.4,0.0,21,Month-to-month,Bank transfer (automatic),Fiber optic,No,Yes
8158-WPEZG,No,0,0.28506637700613946,No,Low Risk,35.65,0.0,11,Month-to-month,Electronic check,DSL,Yes,No
0107-YHINA,Yes,1,0.894350222310075,Yes,High Risk,99.75,99.75,1,Month-to-month,Electronic check,Fiber optic,No,No
4918-FYJNT,No,0,0.2624393736941589,No,Low Risk,90.45,0.0,55,Month-to-month,Electronic check,Fiber optic,Yes,No
0727-BNRLG,No,0,0.07200823485351929,No,Low Risk,97.65,0.0,69,Two year,Credit card (automatic),Fiber optic,Yes,No
4854-CIDCF,No,0,0.6047733510651404,Yes,High Risk,73.85,73.85,3,Month-to-month,Electronic check,Fiber optic,No,No
8640-SDGKB,Yes,1,0.41347857571272445,No,Medium Risk,74.4,0.0,4,Month-to-month,Electronic check,DSL,Yes,No
3280-MRDOF,No,0,0.06301509587314216,No,Low Risk,69.1,0.0,30,Two year,Credit card (automatic),DSL,Yes,No
6435-SRWBJ,No,0,0.6546129929702516,Yes,High Risk,82.75,82.75,5,Month-to-month,Electronic check,Fiber optic,Yes,No
9964-WBQDJ,No,0,0.02129033284753065,No,Low Risk,24.4,0.0,71,Two year,Credit card (automatic),No,No internet service,No internet service
6303-KFWSL,No,0,0.13365402292713782,No,Low Risk,55.25,0.0,29,One year,Electronic check,DSL,No,No
1702-CCFNJ,No,0,0.11593597230636339,No,Low Risk,61.35,0.0,52,Month-to-month,Bank transfer (automatic),DSL,Yes,No
8932-CZHRQ,No,0,0.06457910061698172,No,Low Risk,76.75,0.0,68,One year,Credit card (automatic),DSL,No,Yes
0386-CWRGM,No,0,0.022063916656277653,No,Low Risk,19.4,0.0,46,Two year,Mailed check,No,No internet service,No internet service
5515-RUGKN,No,0,0.31838646560416906,No,Medium Risk,54.75,0.0,8,Month-to-month,Credit card (automatic),DSL,No,No
0404-AHASP,No,0,0.01826244383159915,No,Low Risk,19.7,0.0,72,Two year,Credit card (automatic),No,No internet service,No internet service
7279-NMVJC,No,0,0.046444958610100985,No,Low Risk,19.9,0.0,17,One year,Bank transfer (automatic),No,No internet service,No internet service
2081-VEYEH,No,0,0.6460262862643886,Yes,High Risk,107.95,107.95,3,Month-to-month,Electronic check,Fiber optic,Yes,No
6407-UTSLV,No,0,0.6467658490065202,Yes,High Risk,83.8,83.8,2,Month-to-month,Bank transfer (automatic),Fiber optic,No,No
4116-TZAQJ,Yes,1,0.38112736599495073,No,Medium Risk,74.25,0.0,9,Month-to-month,Credit card (automatic),Fiber optic,No,Yes
9060-HJJRW,No,0,0.11541093232338388,No,Low Risk,56.4,0.0,51,One year,Credit card (automatic),DSL,No,No
2587-YNLES,No,0,0.034608606625352194,No,Low Risk,20.1,0.0,6,Two year,Mailed check,No,No internet service,No internet service
7398-SKNQZ,No,0,0.7184905853782899,Yes,High Risk,94.9,94.9,3,Month-to-month,Electronic check,Fiber optic,No,No
5935-FCCNB,No,0,0.6976519703571472,Yes,High Risk,94.2,94.2,17,Month-to-month,Electronic check,Fiber optic,No,No
1958-RNRKS,No,0,0.2115378064732979,No,Low Risk,49.9,0.0,30,Month-to-month,Electronic check,DSL,No,No
5136-RGMZO,No,0,0.22709256844571524,No,Low Risk,71.05,0.0,31,Month-to-month,Electronic check,DSL,Yes,No
8345-MVDYC,No,0,0.03226287863334517,No,Low Risk,81.65,0.0,45,Two year,Bank transfer (automatic),DSL,Yes,Yes
8226-BXGES,No,0,0.06784888057638916,No,Low Risk,89.45,0.0,64,One year,Bank transfer (automatic),Fiber optic,No,Yes
3877-JRJIP,Yes,1,0.7359858035185733,Yes,High Risk,59.85,59.85,1,Month-to-month,Electronic check,DSL,No,No
8375-DKEBR,Yes,1,0.8338856621320575,Yes,High Risk,69.6,69.6,1,Month-to-month,Electronic check,Fiber optic,No,No
9705-IOVQQ,No,0,0.19784883729885622,No,Low Risk,99.0,0.0,61,One year,Electronic check,Fiber optic,No,No
1015-OWJKI,No,0,0.23110055902288848,No,Low Risk,19.05,0.0,1,Month-to-month,Mailed check,No,No internet service,No internet service
7511-YMXVQ,Yes,1,0.4895765990927039,No,Medium Risk,45.4,0.0,9,Month-to-month,Electronic check,DSL,No,No
2040-XBAVJ,No,0,0.043444456526497026,No,Low Risk,114.45,0.0,72,Two year,Bank transfer (automatic),Fiber optic,Yes,Yes
7551-JOHTI,Yes,1,0.29872100466145696,No,Low Risk,19.5,0.0,1,Month-to-month,Mailed check,No,No internet service,No internet service
8887-IPQNC,No,0,0.3163953264109294,No,Medium Risk,44.25,0.0,7,Month-to-month,Mailed check,DSL,No,No
8646-JCOMS,No,0,0.07336043285643169,No,Low Risk,90.55,0.0,66,One year,Bank transfer (automatic),Fiber optic,Yes,No
9804-ICWBG,Yes,1,0.804979670889202,Yes,High Risk,69.9,69.9,1,Month-to-month,Electronic check,Fiber optic,No,No
1222-KJNZD,No,0,0.08230403539091238,No,Low Risk,20.4,0.0,40,Month-to-month,Bank transfer (automatic),No,No internet service,No internet service
0106-GHRQR,No,0,0.2742636018794569,No,Low Risk,71.4,0.0,16,Month-to-month,Bank transfer (automatic),DSL,No,No
5318-IXUZF,Yes,1,0.6552205842359475,Yes,High Risk,87.15,87.15,2,Month-to-month,Bank transfer (automatic),Fiber optic,No,No
3768-VHXQO,No,0,0.02325702251472386,No,Low Risk,24.85,0.0,67,Two year,Credit card (automatic),No,No internet service,No internet service
8952-WCVCD,No,0,0.19140478054146112,No,Low Risk,104.45,0.0,41,One year,Bank transfer (automatic),Fiber optic,No,Yes
2418-TPEUN,No,0,0.022942228916719116,No,Low Risk,19.8,0.0,56,Two year,Credit card (automatic),No,No internet service,No internet service
3963-RYFNS,No,0,0.04458445993125252,No,Low Risk,116.45,0.0,72,Two year,Bank transfer (automatic),Fiber optic,Yes,Yes
3198-VELRD,Yes,1,0.7099413375208796,Yes,High Risk,84.75,84.75,3,Month-to-month,Bank transfer (automatic),Fiber optic,No,No
8540-ZQGEA,No,0,0.022188061443804846,No,Low Risk,20.05,0.0,54,Two year,Credit card (automatic),No,No internet service,No internet service
1320-REHCS,No,0,0.47850874882140326,No,Medium Risk,110.75,0.0,52,Month-to-month,Electronic check,Fiber optic,Yes,No
4137-JOPHL,No,0,0.05531617694481589,No,Low Risk,89.7,0.0,50,Two year,Bank transfer (automatic),Fiber optic,Yes,No
9436-ZBZCT,Yes,1,0.6066142263811568,Yes,High Risk,89.95,89.95,14,Month-to-month,Electronic check,Fiber optic,Yes,No
7801-CEDNV,No,0,0.05245765976145426,No,Low Risk,48.7,0.0,27,One year,Credit card (automatic),DSL,No,Yes
2057-BOYKM,No,0,0.04518077742269422,No,Low Risk,96.6,0.0,72,Two year,Bank transfer (automatic),Fiber optic,Yes,Yes
3658-QQJYD,No,0,0.0659622884194505,No,Low Risk,74.3,0.0,62,One year,Credit card (automatic),DSL,No,Yes
1803-BGNBD,No,0,0.23556423954221853,No,Low Risk,54.3,0.0,12,Month-to-month,Electronic check,DSL,Yes,No
0134-XWXCE,No,0,0.0887476751341279,No,Low Risk,74.85,0.0,44,One year,Bank transfer (automatic),DSL,Yes,No
6950-TWMYB,No,0,0.04492517445063528,No,Low Risk,79.95,0.0,54,Two year,Bank transfer (automatic),Fiber optic,Yes,No
5848-FHRFC,No,0,0.020837423718393398,No,Low Risk,20.05,0.0,68,Two year,Bank transfer (automatic),No,No internet service,No internet service
2243-FNMMI,No,0,0.0750221930391616,No,Low Risk,19.4,0.0,20,Month-to-month,Mailed check,No,No internet service,No internet service
2511-MORQY,No,0,0.0842530390634782,No,Low Risk,54.9,0.0,50,One year,Bank transfer (automatic),DSL,No,No
5356-KZCKT,No,0,0.026370774372571806,No,Low Risk,24.45,0.0,58,Two year,Credit card (automatic),No,No internet service,No internet service
9470-XCCEM,No,0,0.3463817077581176,No,Medium Risk,89.65,0.0,35,Month-to-month,Bank transfer (automatic),Fiber optic,No,No
6519-CFDBX,No,0,0.5711556664909222,Yes,Medium Risk,45.4,0.0,2,Month-to-month,Electronic check,DSL,No,No
3902-MIVLE,No,0,0.029971371006027443,No,Low Risk,75.7,0.0,63,Two year,Mailed check,DSL,Yes,Yes
0409-WTMPL,No,0,0.18503265232350136,No,Low Risk,110.65,0.0,58,One year,Credit card (automatic),Fiber optic,No,Yes
8763-KIAFH,No,0,0.04439119875938083,No,Low Risk,20.55,0.0,27,One year,Mailed check,No,No internet service,No internet service
3669-WHAFY,No,0,0.04458445993125252,No,Low Risk,115.15,0.0,71,Two year,Credit card (automatic),Fiber optic,Yes,Yes
3055-VTCGS,No,0,0.07512682986872178,No,Low Risk,58.55,0.0,63,One year,Credit card (automatic),DSL,No,No
3144-KMTWZ,No,0,0.2289321743341095,No,Low Risk,93.25,0.0,71,Month-to-month,Bank transfer (automatic),Fiber optic,No,No
7279-BUYWN,Yes,1,0.5681303370478842,Yes,Medium Risk,113.2,0.0,41,Month-to-month,Electronic check,Fiber optic,No,Yes
7156-MHUGY,Yes,1,0.6641006113937337,Yes,High Risk,90.5,90.5,13,Month-to-month,Electronic check,Fiber optic,No,No
7198-GLXTC,Yes,1,0.6337072234097129,Yes,High Risk,79.0,79.0,2,Month-to-month,Electronic check,Fiber optic,No,No
2007-QVGAW,No,0,0.02111885409148618,No,Low Risk,19.35,0.0,68,Two year,Bank transfer (automatic),No,No internet service,No internet service
5207-PLSTK,No,0,0.4748546629752156,No,Medium Risk,48.75,0.0,1,Month-to-month,Mailed check,DSL,No,Yes
2307-FYNNL,No,0,0.10635116478155995,No,Low Risk,109.05,0.0,65,Two year,Electronic check,Fiber optic,Yes,Yes
5605-XNWEN,No,0,0.0237902431843334,No,Low Risk,25.0,0.0,72,Two year,Bank transfer (automatic),No,No internet service,No internet service
2155-AMQRX,No,0,0.15448787994236698,No,Low Risk,54.9,0.0,28,Month-to-month,Credit card (automatic),DSL,Yes,No
6181-AXXYF,No,0,0.020274978401497466,No,Low Risk,24.75,0.0,72,Two year,Credit card (automatic),No,No internet service,No internet service
5091-HFAZW,No,0,0.560170537659467,Yes,Medium Risk,91.15,0.0,2,Month-to-month,Electronic check,Fiber optic,No,Yes
0516-VRYBW,Yes,1,0.04105469349653117,No,Low Risk,20.15,0.0,18,One year,Bank transfer (automatic),No,No internet service,No internet service
2519-LBNQL,No,0,0.25453937841496116,No,Low Risk,104.35,0.0,60,One year,Electronic check,Fiber optic,No,No
8623-ULFNQ,No,0,0.2739190916854697,No,Low Risk,66.05,0.0,26,Month-to-month,Electronic check,DSL,Yes,No
8380-PEFPE,Yes,1,0.8001531129097432,Yes,High Risk,71.65,71.65,1,Month-to-month,Electronic check,Fiber optic,No,No
5687-DKDTV,Yes,1,0.14575567919699448,No,Low Risk,20.35,0.0,4,Month-to-month,Mailed check,No,No internet service,No internet service
1568-LJSZU,No,0,0.029852797919000078,No,Low Risk,92.2,0.0,68,Two year,Credit card (automatic),DSL,Yes,Yes
7530-HDYDS,Yes,1,0.24294661470379586,No,Low Risk,84.25,0.0,38,Month-to-month,Credit card (automatic),Fiber optic,Yes,No
7789-HKSBS,No,0,0.2635246303186841,No,Low Risk,105.2,0.0,42,One year,Bank transfer (automatic),Fiber optic,No,Yes
7416-CKTEP,No,0,0.023635067914458224,No,Low Risk,19.6,0.0,57,Two year,Bank transfer (automatic),No,No internet service,No internet service
2586-CWXVV,No,0,0.19886142193359116,No,Low Risk,30.4,0.0,54,Month-to-month,Electronic check,DSL,No,No
3096-IZETN,Yes,1,0.4234508459405949,No,Medium Risk,78.1,0.0,12,Month-to-month,Bank transfer (automatic),Fiber optic,No,No
2348-KCJLT,No,0,0.056255015501901776,No,Low Risk,61.5,0.0,44,One year,Mailed check,DSL,No,Yes
8401-EMUWF,No,0,0.15682984482486892,No,Low Risk,69.4,0.0,42,Month-to-month,Bank transfer (automatic),DSL,No,Yes
4193-IBKSW,No,0,0.020274978401497466,No,Low Risk,24.75,0.0,72,Two year,Bank transfer (automatic),No,No internet service,No internet service
5377-NDTOU,No,0,0.02607968312218924,No,Low Risk,91.05,0.0,71,Two year,Mailed check,DSL,Yes,Yes
5922-ABDVO,Yes,1,0.3599795677779715,No,Medium Risk,89.65,0.0,19,Month-to-month,Mailed check,Fiber optic,No,No
2474-LCNUE,No,0,0.20950332153034384,No,Low Risk,73.65,0.0,23,Month-to-month,Credit card (automatic),DSL,Yes,No
0839-QNXME,No,0,0.022188061443804846,No,Low Risk,19.4,0.0,30,Two year,Credit card (automatic),No,No internet service,No internet service
3506-OVLKD,No,0,0.043787331559957704,No,Low Risk,26.2,0.0,35,One year,Bank transfer (automatic),No,No internet service,No internet service
9172-ANCRX,Yes,1,0.6996472046699633,Yes,High Risk,98.7,98.7,10,Month-to-month,Electronic check,Fiber optic,No,Yes
6650-VJONK,No,0,0.5919531673413575,Yes,Medium Risk,43.85,0.0,1,Month-to-month,Bank transfer (automatic),DSL,No,No
2178-PMGCJ,No,0,0.33615259592092084,No,Medium Risk,69.7,0.0,22,Month-to-month,Mailed check,Fiber optic,No,No
7492-TAFJD,No,0,0.06153239510253619,No,Low Risk,38.55,0.0,7,Two year,Mailed check,DSL,No,Yes
2773-MADBQ,No,0,0.03466969110004709,No,Low Risk,53.1,0.0,36,Two year,Mailed check,DSL,Yes,Yes
6016-LVTJQ,No,0,0.0673602108474518,No,Low Risk,20.65,0.0,34,Month-to-month,Mailed check,No,No internet service,No internet service
7860-KSUGX,No,0,0.029412943537795316,No,Low Risk,64.45,0.0,72,Two year,Credit card (automatic),DSL,No,Yes
8966-KZXXA,No,0,0.025140281571952163,No,Low Risk,25.1,0.0,36,Two year,Credit card (automatic),No,No internet service,No internet service
6910-HADCM,Yes,1,0.747738652218934,Yes,High Risk,76.35,76.35,1,Month-to-month,Electronic check,Fiber optic,No,No
4816-LXZYW,Yes,1,0.468287300608648,No,Medium Risk,79.15,0.0,23,Month-to-month,Electronic check,Fiber optic,No,No
9606-PBKBQ,Yes,1,0.5517123836810122,Yes,Medium Risk,85.0,0.0,32,Month-to-month,Electronic check,Fiber optic,No,No
5149-QYTTU,No,0,0.06595983112407999,No,Low Risk,95.15,0.0,71,One year,Credit card (automatic),Fiber optic,Yes,Yes
2070-XYMFH,No,0,0.4490347548681791,No,Medium Risk,79.35,0.0,23,Month-to-month,Mailed check,Fiber optic,No,No
2085-BOJKI,No,0,0.308212161315281,No,Medium Risk,96.65,0.0,17,One year,Bank transfer (automatic),Fiber optic,No,No
0817-HSUSE,No,0,0.605068848691537,Yes,High Risk,75.5,75.5,1,Month-to-month,Electronic check,DSL,Yes,No
5442-PPTJY,No,0,0.03311005800861855,No,Low Risk,19.7,0.0,12,Two year,Mailed check,No,No internet service,No internet service
1927-QEWMY,No,0,0.01826244383159915,No,Low Risk,20.5,0.0,72,Two year,Credit card (automatic),No,No internet service,No internet service
1663-MHLHE,No,0,0.23110055902288848,No,Low Risk,19.2,0.0,1,Month-to-month,Mailed check,No,No internet service,No internet service
5663-QBGIS,No,0,0.08233752328087628,No,Low Risk,98.35,0.0,72,Two year,Bank transfer (automatic),Fiber optic,No,No
4450-MDZFX,No,0,0.23212777807252394,No,Low Risk,74.35,0.0,60,Month-to-month,Bank transfer (automatic),Fiber optic,No,No
6701-DHKWQ,No,0,0.039223680620091,No,Low Risk,51.35,0.0,61,Two year,Credit card (automatic),DSL,Yes,No
7554-AKDQF,No,0,0.2645216551185489,No,Low Risk,45.65,0.0,6,Month-to-month,Mailed check,DSL,No,No
3536-IQCTX,Yes,1,0.4625096898145556,No,Medium Risk,85.3,0.0,32,Month-to-month,Electronic check,Fiber optic,No,No
4911-BANWH,Yes,1,0.4056954103260038,No,Medium Risk,86.55,0.0,31,Month-to-month,Credit card (automatic),Fiber optic,No,No
8496-EJAUI,Yes,1,0.31714345877812805,No,Medium Risk,73.85,0.0,19,Month-to-month,Credit card (automatic),Fiber optic,No,No
0794-YVSGE,No,0,0.018159855412516312,No,Low Risk,20.3,0.0,72,Two year,Bank transfer (automatic),No,No internet service,No internet service
5423-BHIXO,No,0,0.25781509490564275,No,Low Risk,54.2,0.0,32,Month-to-month,Electronic check,DSL,No,No
6908-VVYHM,No,0,0.33909370272587286,No,Medium Risk,90.65,0.0,65,Month-to-month,Electronic check,Fiber optic,No,No
2959-EEXWB,No,0,0.17316043877592613,No,Low Risk,50.9,0.0,45,Month-to-month,Bank transfer (automatic),DSL,No,Yes
1839-UMACK,No,0,0.059714532772205016,No,Low Risk,25.05,0.0,42,One year,Electronic check,No,No internet service,No internet service
3030-YDNRM,No,0,0.6454339158123362,Yes,High Risk,74.85,74.85,8,Month-to-month,Electronic check,Fiber optic,No,No
7321-KKSDU,No,0,0.022063916656277653,No,Low Risk,20.5,0.0,32,Two year,Mailed check,No,No internet service,No internet service
3402-XRIUO,No,0,0.13625456011982676,No,Low Risk,63.55,0.0,22,Month-to-month,Mailed check,DSL,Yes,Yes
3132-TVFDZ,Yes,1,0.33541667168117106,No,Medium Risk,44.85,0.0,57,Month-to-month,Electronic check,DSL,No,No
8286-AFUYI,No,0,0.4462350126491351,No,Medium Risk,47.95,0.0,1,Month-to-month,Electronic check,DSL,No,Yes
8080-DDEMJ,Yes,1,0.6042176725509479,Yes,High Risk,45.1,45.1,1,Month-to-month,Electronic check,DSL,No,No
8356-WUAOJ,No,0,0.647369152282393,Yes,High Risk,45.0,45.0,1,Month-to-month,Electronic check,DSL,No,No
6365-MTGZX,Yes,1,0.5012493975466527,Yes,Medium Risk,96.0,0.0,24,Month-to-month,Electronic check,Fiber optic,Yes,No
1349-WXNGG,Yes,1,0.29872100466145696,No,Low Risk,20.05,0.0,1,Month-to-month,Bank transfer (automatic),No,No internet service,No internet service
8058-DMYRU,No,0,0.4211850753544519,No,Medium Risk,90.05,0.0,54,Month-to-month,Electronic check,Fiber optic,No,No
9350-ZXYJC,No,0,0.06507906531514374,No,Low Risk,25.3,0.0,4,Two year,Credit card (automatic),No,No internet service,No internet service
6990-YNRIO,Yes,1,0.07613336758193905,No,Low Risk,108.65,0.0,65,Two year,Bank transfer (automatic),Fiber optic,Yes,Yes
8958-JPTRR,No,0,0.057164610880648926,No,Low Risk,24.3,0.0,56,One year,Electronic check,No,No internet service,No internet service
6959-GQEGV,No,0,0.19988323364078925,No,Low Risk,75.95,0.0,45,Month-to-month,Electronic check,DSL,No,Yes
3173-WSSUE,No,0,0.018159855412516312,No,Low Risk,19.7,0.0,71,Two year,Credit card (automatic),No,No internet service,No internet service
1265-HVPZB,No,0,0.05477979547012741,No,Low Risk,66.4,0.0,59,One year,Credit card (automatic),DSL,No,Yes
4115-UMJFQ,No,0,0.08020392089770832,No,Low Risk,35.75,0.0,69,One year,Bank transfer (automatic),DSL,No,No
7369-TRPFD,No,0,0.041281181191654276,No,Low Risk,18.8,0.0,19,One year,Mailed check,No,No internet service,No internet service
1098-KFQEC,No,0,0.021530871166499266,No,Low Risk,19.4,0.0,55,Two year,Credit card (automatic),No,No internet service,No internet service
7190-XHTWJ,No,0,0.03713218255245417,No,Low Risk,19.3,0.0,38,One year,Mailed check,No,No internet service,No internet service
0621-TWIEM,Yes,1,0.37022739924453546,No,Medium Risk,45.55,0.0,10,Month-to-month,Electronic check,DSL,No,No
3537-RYBHH,No,0,0.16733463309701452,No,Low Risk,67.45,0.0,47,Month-to-month,Credit card (automatic),DSL,No,Yes
2485-ITVKB,Yes,1,0.6598359613426403,Yes,High Risk,35.1,35.1,2,Month-to-month,Electronic check,DSL,No,No
3669-OYSJI,Yes,1,0.4926504528608623,No,Medium Risk,46.2,0.0,1,Month-to-month,Credit card (automatic),DSL,No,No
1612-EOHDH,Yes,1,0.5514742599496962,Yes,Medium Risk,45.15,0.0,1,Month-to-month,Electronic check,DSL,No,No
6702-OHFWR,Yes,1,0.7793076564625332,Yes,High Risk,43.3,43.3,1,Month-to-month,Electronic check,DSL,No,No
5296-BFCYD,No,0,0.023509376239516242,No,Low Risk,20.1,0.0,46,Two year,Mailed check,No,No internet service,No internet service
4510-PYUSH,Yes,1,0.14754044339805097,No,Low Risk,57.15,0.0,38,Month-to-month,Credit card (automatic),DSL,No,Yes
9359-JANWS,No,0,0.0241097291677347,No,Low Risk,58.9,0.0,65,Two year,Credit card (automatic),DSL,Yes,Yes
7517-SAWMO,Yes,1,0.36379408393936613,No,Medium Risk,73.2,0.0,19,Month-to-month,Electronic check,Fiber optic,No,Yes
4143-HHPMK,Yes,1,0.33958323700685916,No,Medium Risk,85.35,0.0,52,Month-to-month,Electronic check,Fiber optic,No,No
3279-DYZQM,No,0,0.018159855412516312,No,Low Risk,19.45,0.0,71,Two year,Mailed check,No,No internet service,No internet service
7054-LGEQW,Yes,1,0.512196654971884,Yes,Medium Risk,45.95,0.0,1,Month-to-month,Mailed check,DSL,No,No
0523-VNGTF,No,0,0.22919090925631927,No,Low Risk,50.5,0.0,52,Month-to-month,Electronic check,DSL,Yes,No
9575-IWCAZ,No,0,0.06855059535240558,No,Low Risk,25.1,0.0,6,One year,Mailed check,No,No internet service,No internet service
7105-MXJLL,No,0,0.0972036736042912,No,Low Risk,60.7,0.0,26,One year,Mailed check,DSL,No,No
7064-FRRSW,No,0,0.2917037038464589,No,Low Risk,99.0,0.0,48,One year,Electronic check,Fiber optic,No,No
7940-UQQUG,No,0,0.14018360533324728,No,Low Risk,104.4,0.0,64,One year,Bank transfer (automatic),Fiber optic,Yes,Yes
0923-PNFUB,Yes,1,0.5741328977580618,Yes,Medium Risk,83.75,0.0,3,Month-to-month,Electronic check,Fiber optic,No,No
3961-SXAXY,No,0,0.5919531673413575,Yes,Medium Risk,44.05,0.0,1,Month-to-month,Bank transfer (automatic),DSL,No,No
7010-BRBUU,No,0,0.020274978401497466,No,Low Risk,24.1,0.0,72,Two year,Credit card (automatic),No,No internet service,No internet service
3566-HJGPK,No,0,0.5919531673413575,Yes,Medium Risk,45.55,0.0,1,Month-to-month,Mailed check,DSL,No,No
3062-ICYZQ,No,0,0.3334749061440212,No,Medium Risk,93.8,0.0,51,Month-to-month,Electronic check,Fiber optic,No,Yes
9938-PRCVK,No,0,0.022063916656277653,No,Low Risk,19.7,0.0,41,Two year,Bank transfer (automatic),No,No internet service,No internet service
0973-KYVNF,No,0,0.029830141410839915,No,Low Risk,70.65,0.0,72,Two year,Credit card (automatic),DSL,No,Yes
5129-HHMZC,No,0,0.03316119081412271,No,Low Risk,86.45,0.0,43,Two year,Credit card (automatic),DSL,Yes,Yes
9637-CDTKZ,No,0,0.04458445993125252,No,Low Risk,114.1,0.0,72,Two year,Credit card (automatic),Fiber optic,Yes,Yes
3946-JEWRQ,No,0,0.1965138653097194,No,Low Risk,95.2,0.0,47,One year,Credit card (automatic),Fiber optic,No,No
7873-CVMAW,No,0,0.026225817068399517,No,Low Risk,88.55,0.0,72,Two year,Credit card (automatic),DSL,Yes,Yes
0463-WZZKO,No,0,0.203258499557407,No,Low Risk,20.75,0.0,3,Month-to-month,Credit card (automatic),No,No internet service,No internet service
3494-JCHRQ,Yes,1,0.804979670889202,Yes,High Risk,70.05,70.05,1,Month-to-month,Electronic check,Fiber optic,No,No
6474-FVJLC,Yes,1,0.779429304086525,Yes,High Risk,86.0,86.0,2,Month-to-month,Electronic check,Fiber optic,No,No
4524-QCSSM,No,0,0.15444138974135752,No,Low Risk,44.65,0.0,26,Month-to-month,Bank transfer (automatic),DSL,No,Yes
5832-EXGTT,No,0,0.13760808022770296,No,Low Risk,60.2,0.0,29,Month-to-month,Mailed check,DSL,No,Yes
8840-DQLGN,Yes,1,0.3328989264379004,No,Medium Risk,100.5,0.0,35,Month-to-month,Bank transfer (automatic),Fiber optic,Yes,Yes
2039-JONDJ,No,0,0.04746418782475623,No,Low Risk,55.45,0.0,27,One year,Bank transfer (automatic),DSL,No,Yes
7217-JYHOQ,No,0,0.1012812862775922,No,Low Risk,70.3,0.0,24,Month-to-month,Credit card (automatic),DSL,Yes,Yes
6695-FRVEC,No,0,0.023896432704660964,No,Low Risk,60.4,0.0,67,Two year,Bank transfer (automatic),DSL,Yes,Yes
4547-LYTDD,Yes,1,0.508547627065641,Yes,Medium Risk,72.65,0.0,16,Month-to-month,Electronic check,Fiber optic,No,No
9894-QMIMJ,No,0,0.06604511760399691,No,Low Risk,55.8,0.0,23,One year,Bank transfer (automatic),DSL,No,No
8069-YQQAJ,No,0,0.2725083444278565,No,Low Risk,31.1,0.0,14,Month-to-month,Mailed check,DSL,No,No
6770-XUAGN,Yes,1,0.4049530578019027,No,Medium Risk,21.0,0.0,1,Month-to-month,Electronic check,No,No internet service,No internet service
4193-ORFCL,Yes,1,0.5810378856310762,Yes,Medium Risk,45.1,0.0,1,Month-to-month,Mailed check,DSL,No,No
1636-NTNCO,No,0,0.50645144237408,Yes,Medium Risk,50.95,0.0,4,Month-to-month,Credit card (automatic),DSL,No,No
3466-WAESX,No,0,0.27101019261647175,No,Low Risk,69.1,0.0,16,Month-to-month,Electronic check,DSL,No,Yes
9281-PKKZE,No,0,0.3141100358235633,No,Medium Risk,43.95,0.0,46,Month-to-month,Electronic check,DSL,No,No
3638-VBZTA,No,0,0.029852797919000078,No,Low Risk,86.5,0.0,68,Two year,Bank transfer (automatic),DSL,Yes,Yes
7459-IMVYU,No,0,0.11255462397079848,No,Low Risk,69.95,0.0,38,Month-to-month,Electronic check,DSL,Yes,Yes
7776-QWNFX,Yes,1,0.1941289575694199,No,Low Risk,50.4,0.0,30,Month-to-month,Bank transfer (automatic),DSL,No,No
6689-TCZHQ,Yes,1,0.6490673753643966,Yes,High Risk,78.95,78.95,5,Month-to-month,Electronic check,Fiber optic,No,No
8563-OYMQY,No,0,0.4236106636669274,No,Medium Risk,90.95,0.0,17,Month-to-month,Credit card (automatic),Fiber optic,No,No
0754-EEBDC,No,0,0.04598964792189165,No,Low Risk,19.9,0.0,4,Two year,Mailed check,No,No internet service,No internet service
5777-ZPQNC,No,0,0.0698123705198876,No,Low Risk,20.15,0.0,12,One year,Electronic check,No,No internet service,No internet service
1951-IEYXM,No,0,0.025994298435742698,No,Low Risk,90.6,0.0,72,Two year,Credit card (automatic),DSL,Yes,Yes
3318-NMQXL,No,0,0.7312417763252,Yes,High Risk,92.0,92.0,3,Month-to-month,Electronic check,Fiber optic,No,No
3143-ILDAL,Yes,1,0.3192277523726545,No,Medium Risk,94.45,0.0,56,Month-to-month,Electronic check,Fiber optic,Yes,No
1022-RKXDR,No,0,0.053806669589126506,No,Low Risk,24.85,0.0,41,One year,Mailed check,No,No internet service,No internet service
2361-FJWNO,No,0,0.05862049545044154,No,Low Risk,36.0,0.0,40,One year,Credit card (automatic),DSL,Yes,No
2272-UOINI,No,0,0.20968735662094065,No,Low Risk,78.5,0.0,7,Month-to-month,Electronic check,DSL,Yes,Yes
8232-UTFOZ,No,0,0.020837423718393398,No,Low Risk,19.95,0.0,69,Two year,Credit card (automatic),No,No internet service,No internet service
3750-YHRYO,No,0,0.05742691762955648,No,Low Risk,20.65,0.0,7,One year,Mailed check,No,No internet service,No internet service
6637-KYRCV,No,0,0.4776040517078096,No,Medium Risk,30.5,0.0,5,Month-to-month,Electronic check,DSL,No,No
5668-MEISB,No,0,0.057010442527850994,No,Low Risk,106.1,0.0,72,Two year,Credit card (automatic),Fiber optic,Yes,Yes
0129-QMPDR,No,0,0.03930765540212812,No,Low Risk,20.5,0.0,44,One year,Bank transfer (automatic),No,No internet service,No internet service
7188-CBBBA,No,0,0.19923674456768062,No,Low Risk,95.5,0.0,65,One year,Electronic check,Fiber optic,No,No
5356-CSVSQ,No,0,0.3983940115574163,No,Medium Risk,64.6,0.0,3,Month-to-month,Electronic check,DSL,Yes,No
3221-CJMSG,No,0,0.14277296305103598,No,Low Risk,51.1,0.0,24,Month-to-month,Credit card (automatic),DSL,Yes,No
4720-VSTSI,Yes,1,0.274910923588587,No,Low Risk,84.8,0.0,44,Month-to-month,Bank transfer (automatic),Fiber optic,No,No
3219-JQRSL,No,0,0.027223335687777697,No,Low Risk,89.1,0.0,72,Two year,Credit card (automatic),DSL,Yes,Yes
2801-NISEI,No,0,0.10969840437338076,No,Low Risk,54.95,0.0,24,Month-to-month,Electronic check,DSL,Yes,Yes
3946-MHCZW,Yes,1,0.5621634392496101,Yes,Medium Risk,50.9,0.0,1,Month-to-month,Mailed check,DSL,No,No
4623-ZKHLY,No,0,0.09357514076029,No,Low Risk,20.45,0.0,22,Month-to-month,Bank transfer (automatic),No,No internet service,No internet service
6732-VAILE,No,0,0.04031851491869811,No,Low Risk,85.95,0.0,70,Two year,Credit card (automatic),DSL,Yes,No
8201-AAXCB,No,0,0.259261608788594,No,Low Risk,60.35,0.0,25,Month-to-month,Electronic check,DSL,No,No
7696-CFTAT,No,0,0.022063916656277653,No,Low Risk,19.8,0.0,37,Two year,Bank transfer (automatic),No,No internet service,No internet service
1845-CSBRZ,No,0,0.41078379722249136,No,Medium Risk,85.35,0.0,22,Month-to-month,Bank transfer (automatic),Fiber optic,No,No
2123-VSCOT,No,0,0.042277433930770394,No,Low Risk,72.1,0.0,59,Two year,Bank transfer (automatic),DSL,Yes,No
6651-AZVTJ,Yes,1,0.5219341618474703,Yes,Medium Risk,99.8,0.0,49,Month-to-month,Electronic check,Fiber optic,No,No
4566-GOLUK,Yes,1,0.37305100823080234,No,Medium Risk,107.35,0.0,47,Month-to-month,Bank transfer (automatic),Fiber optic,Yes,No
2484-DGXPZ,Yes,1,0.08230403539091238,No,Low Risk,19.55,0.0,31,Month-to-month,Mailed check,No,No internet service,No internet service
2018-QKYGT,No,0,0.8322918596799442,Yes,High Risk,81.05,81.05,1,Month-to-month,Electronic check,Fiber optic,No,No
2792-VPPET,No,0,0.23786610905031497,No,Low Risk,20.5,0.0,3,Month-to-month,Electronic check,No,No internet service,No internet service
7409-JURKQ,No,0,0.20246293616111014,No,Low Risk,111.8,0.0,53,One year,Bank transfer (automatic),Fiber optic,Yes,No
3247-MHJKM,No,0,0.29872100466145696,No,Low Risk,20.2,0.0,1,Month-to-month,Mailed check,No,No internet service,No internet service
1964-SVLEA,No,0,0.05075750634191885,No,Low Risk,19.7,0.0,20,One year,Mailed check,No,No internet service,No internet service
4587-NUKOX,Yes,1,0.49552816924681403,No,Medium Risk,79.1,0.0,3,Month-to-month,Electronic check,Fiber optic,No,Yes
7297-DVYGA,No,0,0.04047424559058299,No,Low Risk,19.85,0.0,51,One year,Bank transfer (automatic),No,No internet service,No internet service
2239-CGBUZ,No,0,0.04280800615841754,No,Low Risk,60.5,0.0,51,One year,Bank transfer (automatic),DSL,Yes,Yes
0854-UYHZD,No,0,0.031171919019891293,No,Low Risk,19.55,0.0,13,Two year,Mailed check,No,No internet service,No internet service
7243-LCGGZ,No,0,0.29872100466145696,No,Low Risk,20.9,0.0,1,Month-to-month,Mailed check,No,No internet service,No internet service
8267-KFGYD,No,0,0.3398930243181449,No,Medium Risk,21.05,0.0,1,Month-to-month,Mailed check,No,No internet service,No internet service
4890-VMUAV,No,0,0.057420728488593774,No,Low Risk,71.5,0.0,63,One year,Electronic check,DSL,Yes,Yes
9261-WDCAF,No,0,0.40022342765280905,No,Medium Risk,54.65,0.0,3,Month-to-month,Mailed check,DSL,No,No
3764-MNMOI,No,0,0.022188061443804846,No,Low Risk,19.2,0.0,46,Two year,Credit card (automatic),No,No internet service,No internet service
7442-YGZFK,No,0,0.5989578999725512,Yes,Medium Risk,49.8,0.0,1,Month-to-month,Credit card (automatic),DSL,No,No
0420-BWTPW,Yes,1,0.27818320943446556,No,Low Risk,25.5,0.0,8,Month-to-month,Mailed check,DSL,No,No
8229-BUJHX,No,0,0.018159855412516312,No,Low Risk,20.5,0.0,71,Two year,Bank transfer (automatic),No,No internet service,No internet service
7449-HVPIV,No,0,0.29760453469225323,No,Low Risk,90.4,0.0,55,Month-to-month,Credit card (automatic),Fiber optic,No,No
5504-WSIUR,No,0,0.07336043285643169,No,Low Risk,90.25,0.0,70,One year,Bank transfer (automatic),Fiber optic,Yes,No
8183-ONMXC,Yes,1,0.6381000004403456,Yes,High Risk,80.75,80.75,2,Month-to-month,Electronic check,Fiber optic,No,No
8466-PZBLH,No,0,0.07613336758193905,No,Low Risk,104.6,0.0,67,Two year,Bank transfer (automatic),Fiber optic,Yes,Yes
9614-RMGHA,Yes,1,0.25803601615001265,No,Low Risk,91.85,0.0,65,Month-to-month,Bank transfer (automatic),Fiber optic,No,No
8735-IJJEG,No,0,0.20300793675227,No,Low Risk,50.2,0.0,14,Month-to-month,Credit card (automatic),DSL,No,No
0564-MUUQK,No,0,0.383192698762013,No,Medium Risk,95.5,0.0,20,Month-to-month,Bank transfer (automatic),Fiber optic,Yes,No
5054-IEXZT,Yes,1,0.7662782384868019,Yes,High Risk,75.35,75.35,1,Month-to-month,Electronic check,Fiber optic,No,No
5834-ASPWA,Yes,1,0.8259201064965564,Yes,High Risk,75.45,75.45,1,Month-to-month,Electronic check,Fiber optic,No,No
0701-RFGFI,No,0,0.3754035575495362,No,Medium Risk,95.4,0.0,49,Month-to-month,Bank transfer (automatic),Fiber optic,No,No
0019-EFAEP,No,0,0.06963086640437134,No,Low Risk,101.3,0.0,72,Two year,Bank transfer (automatic),Fiber optic,No,Yes
5619-PTMIK,No,0,0.1642998710354964,No,Low Risk,53.1,0.0,46,Month-to-month,Electronic check,DSL,No,Yes
3737-XBQDD,No,0,0.36431887298937543,No,Medium Risk,84.85,0.0,24,Month-to-month,Bank transfer (automatic),Fiber optic,No,No
5882-CMAZQ,No,0,0.304954695038633,No,Medium Risk,34.25,0.0,5,Month-to-month,Electronic check,DSL,Yes,No
5846-QFDFI,No,0,0.23476176657896072,No,Low Risk,88.6,0.0,33,Month-to-month,Credit card (automatic),Fiber optic,Yes,No
4445-KWOKW,No,0,0.0758735661012574,No,Low Risk,60.15,0.0,42,One year,Bank transfer (automatic),DSL,No,Yes
3511-APPBJ,No,0,0.23719474273991675,No,Low Risk,99.95,0.0,23,One year,Credit card (automatic),Fiber optic,No,Yes
7967-HYCDE,No,0,0.4259022721303679,No,Medium Risk,70.7,0.0,8,Month-to-month,Bank transfer (automatic),Fiber optic,No,No
2430-RRYUW,No,0,0.04893842739252692,No,Low Risk,54.8,0.0,66,One year,Mailed check,DSL,No,Yes
3948-XHGNA,Yes,1,0.13752464740805817,No,Low Risk,49.55,0.0,24,Month-to-month,Bank transfer (automatic),DSL,No,Yes
3723-BFBGR,No,0,0.19704969320517607,No,Low Risk,54.8,0.0,24,Month-to-month,Credit card (automatic),DSL,No,No
0565-IYCGT,Yes,1,0.05114751121356432,No,Low Risk,78.6,0.0,69,One year,Credit card (automatic),DSL,Yes,Yes
5447-WZAFP,No,0,0.18391229135045012,No,Low Risk,100.3,0.0,53,One year,Mailed check,Fiber optic,No,No
5110-CHOPY,No,0,0.06313324289286965,No,Low Risk,53.6,0.0,60,Two year,Electronic check,DSL,No,Yes
5445-UTODQ,Yes,1,0.6576344280243135,Yes,High Risk,81.1,81.1,7,Month-to-month,Electronic check,Fiber optic,No,No
4425-OWHWB,No,0,0.05075750634191885,No,Low Risk,19.35,0.0,20,One year,Credit card (automatic),No,No internet service,No internet service
7892-QVYKW,No,0,0.43394199262694944,No,Medium Risk,85.6,0.0,23,Month-to-month,Electronic check,Fiber optic,No,No
9675-ICXCT,No,0,0.0370428373564249,No,Low Risk,80.8,0.0,72,Two year,Electronic check,DSL,Yes,Yes
1024-VRZHF,Yes,1,0.6111538447091566,Yes,High Risk,74.95,74.95,11,Month-to-month,Electronic check,Fiber optic,No,No
4703-MQYKT,No,0,0.024710116960603334,No,Low Risk,19.6,0.0,21,Two year,Mailed check,No,No internet service,No internet service
9497-QCMMS,Yes,1,0.8829064880518586,Yes,High Risk,93.55,93.55,1,Month-to-month,Electronic check,Fiber optic,No,No
5692-ICXLW,No,0,0.5138029639200449,Yes,Medium Risk,90.7,0.0,31,Month-to-month,Electronic check,Fiber optic,No,No
0602-DDUML,No,0,0.03345581370546937,No,Low Risk,69.75,0.0,57,Two year,Mailed check,DSL,Yes,No
2208-MPXIO,No,0,0.023509376239516242,No,Low Risk,20.0,0.0,45,Two year,Bank transfer (automatic),No,No internet service,No internet service
1960-UYCNN,No,0,0.6768068075573204,Yes,High Risk,95.25,95.25,10,Month-to-month,Electronic check,Fiber optic,No,No
0348-SDKOL,Yes,1,0.3624046841249742,No,Medium Risk,102.1,0.0,58,Month-to-month,Credit card (automatic),Fiber optic,Yes,No
3190-FZATL,No,0,0.09338109311971494,No,Low Risk,19.95,0.0,14,Month-to-month,Mailed check,No,No internet service,No internet service
7336-RLLRH,No,0,0.07131960841652936,No,Low Risk,80.85,0.0,27,One year,Mailed check,DSL,Yes,Yes
4373-MAVJG,Yes,1,0.5195527843190147,Yes,Medium Risk,90.9,0.0,14,Month-to-month,Bank transfer (automatic),Fiber optic,No,No
8901-HJXTF,Yes,1,0.21793397136532708,No,Low Risk,29.2,0.0,12,Month-to-month,Mailed check,DSL,No,No
7710-JSYOA,No,0,0.04670341097715899,No,Low Risk,93.3,0.0,69,Two year,Bank transfer (automatic),Fiber optic,Yes,No
5419-KLXBN,Yes,1,0.3428314350655782,No,Medium Risk,89.15,0.0,25,Month-to-month,Bank transfer (automatic),Fiber optic,No,No
3424-NMNBO,Yes,1,0.2642637695921286,No,Low Risk,108.85,0.0,58,One year,Electronic check,Fiber optic,No,Yes
9885-MFVSU,No,0,0.03823256996610634,No,Low Risk,46.35,0.0,35,Two year,Credit card (automatic),DSL,Yes,Yes
4514-GFCFI,Yes,1,0.6978242055153686,Yes,High Risk,84.75,84.75,16,Month-to-month,Electronic check,Fiber optic,No,No
0607-MVMGC,No,0,0.10133984694492011,No,Low Risk,78.75,0.0,45,One year,Credit card (automatic),DSL,No,No
3365-SAIGS,No,0,0.5290522203915533,Yes,Medium Risk,83.55,0.0,17,Month-to-month,Electronic check,Fiber optic,No,No
9828-AOQLM,Yes,1,0.6403844862268419,Yes,High Risk,45.7,45.7,1,Month-to-month,Electronic check,DSL,No,No
8022-BECSI,No,0,0.041281181191654276,No,Low Risk,19.6,0.0,22,One year,Mailed check,No,No internet service,No internet service
8000-REIQB,Yes,1,0.8338856621320575,Yes,High Risk,69.95,69.95,1,Month-to-month,Electronic check,Fiber optic,No,No
9993-LHIEB,No,0,0.026002537095113614,No,Low Risk,67.85,0.0,67,Two year,Mailed check,DSL,Yes,Yes
0266-CLZKZ,No,0,0.09608419208142865,No,Low Risk,105.65,0.0,67,Two year,Bank transfer (automatic),Fiber optic,Yes,No
7615-ESMYF,Yes,1,0.5781324993946533,Yes,Medium Risk,44.6,0.0,2,Month-to-month,Electronic check,DSL,No,No
3858-VOBET,Yes,1,0.492875921548225,No,Medium Risk,74.95,0.0,23,Month-to-month,Electronic check,Fiber optic,No,No
7020-OZKXZ,No,0,0.49321035771078336,No,Medium Risk,75.5,0.0,9,Month-to-month,Credit card (automatic),Fiber optic,No,No
3977-QCRSL,No,0,0.14575567919699448,No,Low Risk,20.15,0.0,5,Month-to-month,Mailed check,No,No internet service,No internet service
0017-DINOC,No,0,0.03406023568960997,No,Low Risk,45.2,0.0,54,Two year,Credit card (automatic),DSL,Yes,Yes
1447-PJGGA,Yes,1,0.1367302152442531,No,Low Risk,95.25,0.0,57,Two year,Electronic check,Fiber optic,No,No
8565-CLBZW,Yes,1,0.4266954736287895,No,Medium Risk,89.85,0.0,24,Month-to-month,Mailed check,Fiber optic,No,No
9139-WQQDY,Yes,1,0.19323751342327322,No,Low Risk,100.45,0.0,49,One year,Mailed check,Fiber optic,No,No
0224-HJAPT,Yes,1,0.4275030083682004,No,Medium Risk,47.15,0.0,5,Month-to-month,Electronic check,DSL,No,No
8086-OVPWV,Yes,1,0.7243336889643972,Yes,High Risk,80.2,80.2,2,Month-to-month,Electronic check,Fiber optic,No,No
9430-FRQOC,Yes,1,0.6083100757767675,Yes,High Risk,87.1,87.1,4,Month-to-month,Mailed check,Fiber optic,Yes,No
7639-OPLNG,No,0,0.027533635098240798,No,Low Risk,79.25,0.0,70,Two year,Bank transfer (automatic),DSL,Yes,Yes
3074-GQWYX,Yes,1,0.6617457823283381,Yes,High Risk,75.9,75.9,5,Month-to-month,Bank transfer (automatic),Fiber optic,No,No
1492-QGCLU,No,0,0.16002651337842988,No,Low Risk,85.7,0.0,53,Month-to-month,Electronic check,DSL,Yes,Yes
6845-RGTYS,Yes,1,0.38063374202015693,No,Medium Risk,98.75,0.0,47,Month-to-month,Electronic check,Fiber optic,No,Yes
7328-OWMOM,No,0,0.03692758139743251,No,Low Risk,20.1,0.0,31,One year,Credit card (automatic),No,No internet service,No internet service
4418-LZMSV,No,0,0.13795221881366584,No,Low Risk,61.8,0.0,13,Month-to-month,Bank transfer (automatic),DSL,Yes,No
5155-AZQPB,No,0,0.16131905945096317,No,Low Risk,49.9,0.0,28,Month-to-month,Mailed check,DSL,No,No
8861-HGGKB,Yes,1,0.6165513208245738,Yes,High Risk,86.45,86.45,10,Month-to-month,Electronic check,Fiber optic,No,No
1087-GRUYI,No,0,0.022188061443804846,No,Low Risk,20.4,0.0,38,Two year,Bank transfer (automatic),No,No internet service,No internet service
7065-YUNRY,Yes,1,0.5919531673413575,Yes,Medium Risk,45.3,0.0,1,Month-to-month,Mailed check,DSL,No,No
7694-VLBWQ,Yes,1,0.23703463844854714,No,Low Risk,104.1,0.0,67,One year,Electronic check,Fiber optic,No,No
2546-KZAAT,No,0,0.07305000535924805,No,Low Risk,75.4,0.0,52,One year,Mailed check,DSL,No,Yes
0181-RITDD,No,0,0.06510498110393263,No,Low Risk,108.15,0.0,62,Two year,Mailed check,Fiber optic,Yes,Yes
5989-PGKJB,No,0,0.5726339586027254,Yes,Medium Risk,86.25,0.0,16,Month-to-month,Electronic check,Fiber optic,No,No
4795-KTRTH,Yes,1,0.7212601848051132,Yes,High Risk,81.0,81.0,5,Month-to-month,Electronic check,Fiber optic,No,No
8272-ONJLV,No,0,0.34596059870090395,No,Medium Risk,95.7,0.0,12,One year,Electronic check,Fiber optic,No,No
1488-PBLJN,No,0,0.04330474759663763,No,Low Risk,116.85,0.0,72,Two year,Bank transfer (automatic),Fiber optic,Yes,Yes
0308-GIQJT,No,0,0.14059609951766838,No,Low Risk,105.75,0.0,71,One year,Bank transfer (automatic),Fiber optic,Yes,No
3778-FOAQW,No,0,0.04064838288920519,No,Low Risk,20.15,0.0,24,One year,Mailed check,No,No internet service,No internet service
4452-ROHMO,No,0,0.031345668258446514,No,Low Risk,19.6,0.0,15,Two year,Mailed check,No,No internet service,No internet service
6481-OGDOO,Yes,1,0.07082309009168455,No,Low Risk,90.6,0.0,67,One year,Credit card (automatic),Fiber optic,No,Yes
3090-LETTY,No,0,0.2741747528544317,No,Low Risk,60.95,0.0,2,Month-to-month,Bank transfer (automatic),DSL,No,Yes
5349-AZPEW,No,0,0.38772923839659645,No,Medium Risk,25.05,0.0,5,Month-to-month,Mailed check,DSL,No,No
3753-TSEMP,Yes,1,0.5451018050335434,Yes,Medium Risk,88.15,0.0,15,Month-to-month,Electronic check,Fiber optic,No,No
8305-VHZBZ,Yes,1,0.3643492574644425,No,Medium Risk,20.2,0.0,1,Month-to-month,Mailed check,No,No internet service,No internet service
9720-JJJOR,No,0,0.061601129321641614,No,Low Risk,60.3,0.0,41,One year,Bank transfer (automatic),DSL,No,Yes
8100-HZZLJ,No,0,0.17969891814216873,No,Low Risk,63.95,0.0,43,Month-to-month,Electronic check,DSL,No,Yes
8775-ERLNB,No,0,0.7910204377053159,Yes,High Risk,74.3,74.3,1,Month-to-month,Electronic check,Fiber optic,No,No
8309-IEYJD,No,0,0.8019135364438731,Yes,High Risk,70.6,70.6,1,Month-to-month,Mailed check,Fiber optic,No,No
9172-JITSM,Yes,1,0.4832439236260662,No,Medium Risk,90.8,0.0,26,Month-to-month,Electronic check,Fiber optic,No,No
6298-QDFNH,Yes,1,0.50341886026111,Yes,Medium Risk,79.35,0.0,22,Month-to-month,Electronic check,Fiber optic,No,No
7398-HPYZQ,No,0,0.026225817068399517,No,Low Risk,90.55,0.0,71,Two year,Bank transfer (automatic),DSL,Yes,Yes
3546-GHEAE,No,0,0.034800823540453676,No,Low Risk,19.45,0.0,7,Two year,Mailed check,No,No internet service,No internet service
7361-YPXFS,No,0,0.138422532805798,No,Low Risk,64.45,0.0,28,Month-to-month,Bank transfer (automatic),DSL,Yes,No
6557-BZXLQ,No,0,0.49848470684990714,No,Medium Risk,69.65,0.0,16,Month-to-month,Electronic check,Fiber optic,No,No
2550-QHZGP,No,0,0.057738288224302395,No,Low Risk,19.5,0.0,7,One year,Mailed check,No,No internet service,No internet service
7519-JTWQH,No,0,0.09388707619571746,No,Low Risk,110.5,0.0,69,Two year,Bank transfer (automatic),Fiber optic,Yes,No
2538-OIMXF,No,0,0.5352884158577657,Yes,Medium Risk,24.7,0.0,1,Month-to-month,Mailed check,DSL,No,No
8543-MSDMF,No,0,0.40714829138232017,No,Medium Risk,77.4,0.0,3,Month-to-month,Electronic check,DSL,No,Yes
9961-JBNMK,Yes,1,0.5104749632162735,Yes,Medium Risk,96.8,0.0,21,Month-to-month,Bank transfer (automatic),Fiber optic,No,No
1170-SASML,No,0,0.2319597590652449,No,Low Risk,85.4,0.0,69,Month-to-month,Bank transfer (automatic),Fiber optic,No,No
4872-JCVCA,No,0,0.022092554494981282,No,Low Risk,47.6,0.0,71,Two year,Bank transfer (automatic),DSL,Yes,Yes
5346-BZCHP,No,0,0.020720675767412843,No,Low Risk,19.4,0.0,69,Two year,Mailed check,No,No internet service,No internet service
2038-LLMLM,No,0,0.47900133045903426,No,Medium Risk,103.85,0.0,48,Month-to-month,Electronic check,Fiber optic,Yes,No
6173-ITPWD,Yes,1,0.274910923588587,No,Low Risk,83.35,0.0,47,Month-to-month,Bank transfer (automatic),Fiber optic,No,No
9734-UYXQI,Yes,1,0.6192571537318079,Yes,High Risk,49.4,49.4,2,Month-to-month,Electronic check,DSL,No,No
1216-BGTSP,No,0,0.3067372415184364,No,Medium Risk,108.45,0.0,45,Month-to-month,Credit card (automatic),Fiber optic,Yes,Yes
4138-NAXED,No,0,0.24581383535822351,No,Low Risk,81.0,0.0,51,Month-to-month,Bank transfer (automatic),Fiber optic,No,No
2189-UXTKY,Yes,1,0.2502677277895771,No,Low Risk,79.2,0.0,22,Month-to-month,Electronic check,DSL,Yes,Yes
0744-BIKKF,No,0,0.026225817068399517,No,Low Risk,86.65,0.0,72,Two year,Bank transfer (automatic),DSL,Yes,Yes
7483-IQWIB,No,0,0.4334682033914125,No,Medium Risk,92.95,0.0,37,Month-to-month,Electronic check,Fiber optic,No,No
5248-KWLAR,No,0,0.03580709942661896,No,Low Risk,90.35,0.0,71,Two year,Electronic check,DSL,Yes,Yes
4958-GZWIY,Yes,1,0.3039678124327881,No,Medium Risk,48.7,0.0,7,Month-to-month,Electronic check,DSL,No,No
7996-MHXLW,No,0,0.02428168161540493,No,Low Risk,25.15,0.0,66,Two year,Credit card (automatic),No,No internet service,No internet service
7833-PKIHD,No,0,0.0611384651971485,No,Low Risk,76.4,0.0,51,One year,Bank transfer (automatic),DSL,Yes,Yes
7061-OVMIM,No,0,0.03692758139743251,No,Low Risk,19.55,0.0,30,One year,Bank transfer (automatic),No,No internet service,No internet service
5153-RTHKF,No,0,0.4193961462054014,No,Medium Risk,85.35,0.0,34,Month-to-month,Electronic check,Fiber optic,No,No
1852-QSWCD,No,0,0.02357034535425262,No,Low Risk,24.8,0.0,64,Two year,Mailed check,No,No internet service,No internet service
4832-VRBMR,No,0,0.19507061710921877,No,Low Risk,103.15,0.0,65,One year,Bank transfer (automatic),Fiber optic,No,No
9079-LWTFD,No,0,0.2428002853574986,No,Low Risk,100.75,0.0,47,Month-to-month,Mailed check,Fiber optic,Yes,Yes
6356-ELRKD,Yes,1,0.8031151765093348,Yes,High Risk,95.6,95.6,1,Month-to-month,Electronic check,Fiber optic,No,Yes
8624-GIOUT,Yes,1,0.12791176177302996,No,Low Risk,59.75,0.0,49,Month-to-month,Credit card (automatic),DSL,No,Yes
3392-EHMNK,No,0,0.06161300400275579,No,Low Risk,94.1,0.0,67,Two year,Credit card (automatic),Fiber optic,Yes,No
5986-WWXDV,No,0,0.03692758139743251,No,Low Risk,19.35,0.0,39,One year,Bank transfer (automatic),No,No internet service,No internet service
3061-BCKYI,No,0,0.0938679944595526,No,Low Risk,19.9,0.0,14,Month-to-month,Mailed check,No,No internet service,No internet service
6179-GJPSO,Yes,1,0.3334866979626552,No,Medium Risk,108.15,0.0,43,Month-to-month,Credit card (automatic),Fiber optic,Yes,Yes
7901-TBKJX,No,0,0.5131367247328051,Yes,Medium Risk,101.05,0.0,56,Month-to-month,Electronic check,Fiber optic,No,No
7228-PAQPD,No,0,0.0932719510035901,No,Low Risk,59.1,0.0,14,One year,Credit card (automatic),DSL,Yes,No
3177-LASXD,Yes,1,0.7343580511959091,Yes,High Risk,71.35,71.35,1,Month-to-month,Electronic check,Fiber optic,No,No
7746-QYVCO,No,0,0.07849004941628804,No,Low Risk,55.85,0.0,16,One year,Mailed check,DSL,No,Yes
5804-HYIEZ,No,0,0.3776246599828471,No,Medium Risk,106.05,0.0,70,Month-to-month,Electronic check,Fiber optic,No,Yes
9919-FZDED,No,0,0.039241776974375975,No,Low Risk,84.1,0.0,72,Two year,Credit card (automatic),DSL,No,Yes
5934-TSSAU,No,0,0.3299938775378118,No,Medium Risk,75.3,0.0,23,Month-to-month,Credit card (automatic),Fiber optic,No,No
3486-KHMLI,No,0,0.08830322695155436,No,Low Risk,24.7,0.0,21,Month-to-month,Mailed check,No,No internet service,No internet service
4897-QSUYC,Yes,1,0.3643492574644425,No,Medium Risk,20.15,0.0,1,Month-to-month,Mailed check,No,No internet service,No internet service
1084-UQCHV,Yes,1,0.70125407351501,Yes,High Risk,69.75,69.75,1,Month-to-month,Bank transfer (automatic),Fiber optic,No,No
8290-YWKHZ,Yes,1,0.5746304078401882,Yes,Medium Risk,93.2,0.0,32,Month-to-month,Electronic check,Fiber optic,No,No
2955-BJZHG,Yes,1,0.4685190840594497,No,Medium Risk,80.85,0.0,17,Month-to-month,Electronic check,Fiber optic,No,No
3806-DXQOM,Yes,1,0.3442655734775152,No,Medium Risk,33.65,0.0,4,Month-to-month,Electronic check,DSL,No,Yes
6784-XYJAE,No,0,0.10883480050304006,No,Low Risk,55.8,0.0,36,One year,Electronic check,DSL,No,No
3933-DQPWX,No,0,0.03526416048984051,No,Low Risk,39.7,0.0,50,Two year,Credit card (automatic),DSL,Yes,No
6661-EIPZC,No,0,0.13398646736897107,No,Low Risk,29.5,0.0,48,Month-to-month,Credit card (automatic),DSL,Yes,No
8957-THMOA,No,0,0.022063916656277653,No,Low Risk,20.15,0.0,50,Two year,Credit card (automatic),No,No internet service,No internet service
2251-PYLPB,No,0,0.023519617549197177,No,Low Risk,79.55,0.0,72,Two year,Credit card (automatic),DSL,Yes,Yes
5555-RNPGT,No,0,0.11634378711541138,No,Low Risk,24.8,0.0,10,Month-to-month,Credit card (automatic),No,No internet service,No internet service
1057-FOGLZ,No,0,0.0750221930391616,No,Low Risk,19.65,0.0,18,Month-to-month,Mailed check,No,No internet service,No internet service
9300-RENDD,Yes,1,0.8370318457513362,Yes,High Risk,79.95,79.95,1,Month-to-month,Electronic check,Fiber optic,No,No
0761-AETCS,Yes,1,0.3327967081322716,No,Medium Risk,19.3,0.0,1,Month-to-month,Electronic check,No,No internet service,No internet service
8087-LGYHQ,No,0,0.6878125682673004,Yes,High Risk,94.05,94.05,9,Month-to-month,Electronic check,Fiber optic,No,No
4137-BTIKL,No,0,0.5312767407647216,Yes,Medium Risk,90.75,0.0,2,Month-to-month,Mailed check,Fiber optic,No,Yes
2190-BCXEC,No,0,0.2834091661603015,No,Low Risk,78.85,0.0,40,Month-to-month,Credit card (automatic),Fiber optic,Yes,No
6227-FBDXH,No,0,0.17879871808012263,No,Low Risk,99.5,0.0,69,One year,Bank transfer (automatic),Fiber optic,No,No
2153-MREFK,Yes,1,0.2288693208538369,No,Low Risk,99.2,0.0,37,One year,Electronic check,Fiber optic,Yes,Yes
2911-WDXMV,No,0,0.3940642431425615,No,Medium Risk,80.55,0.0,18,Month-to-month,Credit card (automatic),Fiber optic,No,No
7206-PQBBZ,No,0,0.5870476722386488,Yes,Medium Risk,70.2,0.0,11,Month-to-month,Electronic check,Fiber optic,No,No
3106-ULWFW,Yes,1,0.6213518798897287,Yes,High Risk,85.2,85.2,8,Month-to-month,Credit card (automatic),Fiber optic,No,No
0925-VYDLG,Yes,1,0.6285838554687767,Yes,High Risk,75.25,75.25,3,Month-to-month,Electronic check,Fiber optic,No,No
4547-FZJWE,No,0,0.06105613960174241,No,Low Risk,59.45,0.0,55,One year,Credit card (automatic),DSL,No,Yes
7422-WNBTY,No,0,0.4462943299954871,No,Medium Risk,93.35,0.0,33,Month-to-month,Electronic check,Fiber optic,No,No
0842-IWYCP,No,0,0.135765079402073,No,Low Risk,44.95,0.0,46,Month-to-month,Bank transfer (automatic),DSL,No,No
3521-HTQTV,No,0,0.02528128834911229,No,Low Risk,26.1,0.0,34,Two year,Bank transfer (automatic),No,No internet service,No internet service
3744-ZBHON,No,0,0.1849335203954354,No,Low Risk,20.2,0.0,3,Month-to-month,Electronic check,No,No internet service,No internet service
3373-DIUUN,No,0,0.022063916656277653,No,Low Risk,21.25,0.0,30,Two year,Mailed check,No,No internet service,No internet service
8383-SGHJU,No,0,0.06739455699688354,No,Low Risk,59.4,0.0,33,One year,Electronic check,DSL,Yes,Yes
7607-QKKTJ,No,0,0.1544640022842459,No,Low Risk,95.0,0.0,45,One year,Credit card (automatic),Fiber optic,No,No
7707-PYBBH,No,0,0.08927740379096939,No,Low Risk,61.9,0.0,40,Month-to-month,Mailed check,DSL,Yes,Yes
8984-HPEMB,No,0,0.06536820220674018,No,Low Risk,118.65,0.0,71,Two year,Electronic check,Fiber optic,Yes,Yes
4349-GFQHK,Yes,1,0.633450944849625,Yes,High Risk,54.35,54.35,1,Month-to-month,Electronic check,DSL,No,No
4139-DETXS,No,0,0.02560531765282729,No,Low Risk,64.45,0.0,72,Two year,Bank transfer (automatic),DSL,Yes,Yes
9779-DPNEJ,No,0,0.4942891532052117,No,Medium Risk,80.15,0.0,22,Month-to-month,Electronic check,Fiber optic,No,No
9805-FILKB,No,0,0.03930765540212812,No,Low Risk,20.2,0.0,46,One year,Bank transfer (automatic),No,No internet service,No internet service
5793-YOLJN,No,0,0.021530871166499266,No,Low Risk,21.0,0.0,55,Two year,Mailed check,No,No internet service,No internet service
0673-IGUQO,No,0,0.29872100466145696,No,Low Risk,20.45,0.0,1,Month-to-month,Mailed check,No,No internet service,No internet service
4123-FCVCB,No,0,0.16332290057665733,No,Low Risk,75.85,0.0,12,One year,Mailed check,DSL,Yes,No
8819-IMISP,No,0,0.44818555649113584,No,Medium Risk,80.45,0.0,31,Month-to-month,Electronic check,Fiber optic,No,No
7802-EFKNY,Yes,1,0.5343328231017271,Yes,Medium Risk,24.95,0.0,5,Month-to-month,Electronic check,DSL,No,No
8311-UEUAB,No,0,0.0700029239515456,No,Low Risk,75.5,0.0,67,Two year,Electronic check,DSL,No,Yes
5858-EAFCZ,No,0,0.512196654971884,Yes,Medium Risk,44.45,0.0,1,Month-to-month,Mailed check,DSL,No,No
8035-BUYVG,Yes,1,0.10888457545687176,No,Low Risk,42.35,0.0,40,One year,Electronic check,DSL,No,Yes
1163-ONYEY,No,0,0.15933774206077062,No,Low Risk,74.55,0.0,41,Month-to-month,Credit card (automatic),DSL,No,Yes
9787-XVQIU,Yes,1,0.8259201064965564,Yes,High Risk,75.3,75.3,1,Month-to-month,Electronic check,Fiber optic,No,No
8945-MUQUF,Yes,1,0.18202281072724869,No,Low Risk,94.8,0.0,51,One year,Electronic check,Fiber optic,No,Yes
5656-MJEFC,No,0,0.03176999525416417,No,Low Risk,48.15,0.0,42,Two year,Credit card (automatic),DSL,Yes,Yes
6082-OQFBA,No,0,0.040425220626350046,No,Low Risk,19.65,0.0,23,One year,Mailed check,No,No internet service,No internet service
8051-HJRLT,Yes,1,0.8280611934643353,Yes,High Risk,70.55,70.55,1,Month-to-month,Electronic check,Fiber optic,No,No
8974-OVACP,No,0,0.29872100466145696,No,Low Risk,20.15,0.0,1,Month-to-month,Mailed check,No,No internet service,No internet service
4010-YLMVT,No,0,0.33264402264720144,No,Medium Risk,106.6,0.0,56,Month-to-month,Credit card (automatic),Fiber optic,No,Yes
1379-FRVEB,No,0,0.6289018768945414,Yes,High Risk,91.0,91.0,15,Month-to-month,Electronic check,Fiber optic,No,No
8612-GXIDD,No,0,0.04576850774757302,No,Low Risk,25.4,0.0,12,Two year,Bank transfer (automatic),No,No internet service,No internet service
6288-CHQJB,No,0,0.027678502809731588,No,Low Risk,69.95,0.0,54,Two year,Bank transfer (automatic),DSL,Yes,Yes
8160-HOWOX,No,0,0.4445005451749125,No,Medium Risk,66.85,0.0,7,Month-to-month,Electronic check,DSL,No,No
3023-GFLBR,Yes,1,0.3376472421840214,No,Medium Risk,86.15,0.0,33,Month-to-month,Credit card (automatic),Fiber optic,No,No
6648-INWPS,No,0,0.12323914319337016,No,Low Risk,20.15,0.0,16,Month-to-month,Electronic check,No,No internet service,No internet service
4223-BKEOR,No,0,0.06706332757592705,No,Low Risk,64.85,0.0,21,One year,Mailed check,DSL,No,Yes
4079-VTGLK,No,0,0.10335419998155738,No,Low Risk,74.85,0.0,30,Two year,Electronic check,DSL,No,No
1763-WQFUK,No,0,0.35598792777860716,No,Medium Risk,50.5,0.0,3,Month-to-month,Mailed check,DSL,Yes,No
1391-UBDAR,No,0,0.4509460315801382,No,Medium Risk,72.9,0.0,11,Month-to-month,Electronic check,Fiber optic,No,No
8894-JVDCV,No,0,0.13713106962209673,No,Low Risk,115.05,0.0,62,One year,Credit card (automatic),Fiber optic,Yes,Yes
2023-VQFDL,No,0,0.1102805686456586,No,Low Risk,19.0,0.0,18,Month-to-month,Electronic check,No,No internet service,No internet service
1345-GKDZZ,No,0,0.10294752311383841,No,Low Risk,19.55,0.0,6,Month-to-month,Mailed check,No,No internet service,No internet service
2014-MKGMH,No,0,0.3023474261036226,No,Medium Risk,101.1,0.0,46,One year,Electronic check,Fiber optic,No,No
5628-FCGYG,No,0,0.5644441505120481,Yes,Medium Risk,84.1,0.0,21,Month-to-month,Electronic check,Fiber optic,No,No
2560-WBWXF,No,0,0.02428168161540493,No,Low Risk,24.15,0.0,68,Two year,Bank transfer (automatic),No,No internet service,No internet service
0248-IPDFW,No,0,0.6784734910141745,Yes,High Risk,50.1,50.1,1,Month-to-month,Electronic check,DSL,No,No
7978-DKUQH,No,0,0.43042940495823007,No,Medium Risk,74.6,0.0,25,Month-to-month,Electronic check,Fiber optic,No,No
4335-UPJSI,No,0,0.024189086290159246,No,Low Risk,19.75,0.0,24,Two year,Mailed check,No,No internet service,No internet service
0524-IAVZO,Yes,1,0.509383462300358,Yes,Medium Risk,85.0,0.0,30,Month-to-month,Electronic check,Fiber optic,No,No
2737-YNGYW,Yes,1,0.6381000004403456,Yes,High Risk,80.55,80.55,2,Month-to-month,Electronic check,Fiber optic,No,No
1784-EZDKJ,No,0,0.2292916515279731,No,Low Risk,106.8,0.0,51,One year,Bank transfer (automatic),Fiber optic,No,No
9297-FVVDH,No,0,0.053575311918900255,No,Low Risk,84.5,0.0,57,Two year,Electronic check,DSL,Yes,Yes
8007-YYPWD,No,0,0.03606306418630536,No,Low Risk,25.05,0.0,15,Two year,Bank transfer (automatic),No,No internet service,No internet service
7101-HRBLJ,No,0,0.0232967131124979,No,Low Risk,83.7,0.0,72,Two year,Bank transfer (automatic),DSL,Yes,Yes
5159-YFPKQ,Yes,1,0.6849281339177208,Yes,High Risk,75.8,75.8,2,Month-to-month,Electronic check,Fiber optic,No,No
6635-CPNUN,No,0,0.3725903353866326,No,Medium Risk,96.6,0.0,28,Month-to-month,Credit card (automatic),Fiber optic,No,No
4021-RQSNY,Yes,1,0.6372383986452393,Yes,High Risk,98.5,98.5,29,Month-to-month,Electronic check,Fiber optic,No,No
5453-YBTWV,No,0,0.05543292291088528,No,Low Risk,101.1,0.0,70,Two year,Credit card (automatic),Fiber optic,Yes,Yes
5039-LZRQT,No,0,0.05212881019529155,No,Low Risk,20.2,0.0,13,One year,Mailed check,No,No internet service,No internet service
2931-VUVJN,No,0,0.11403845866571116,No,Low Risk,94.05,0.0,59,One year,Electronic check,Fiber optic,Yes,Yes
9061-TIHDA,Yes,1,0.7263533986484789,Yes,High Risk,95.25,95.25,13,Month-to-month,Electronic check,Fiber optic,No,No
8699-ASUFO,Yes,1,0.6271011514113894,Yes,High Risk,74.4,74.4,7,Month-to-month,Mailed check,Fiber optic,No,No
6418-PIQSP,No,0,0.029912548019403577,No,Low Risk,81.0,0.0,62,Two year,Mailed check,DSL,Yes,Yes
8220-OCUFY,No,0,0.09008084813878817,No,Low Risk,60.25,0.0,21,One year,Electronic check,DSL,Yes,Yes
3995-WFCSM,No,0,0.451839660725405,No,Medium Risk,60.85,0.0,2,Month-to-month,Electronic check,DSL,No,No
1895-QTKDO,No,0,0.4926504528608623,No,Medium Risk,43.95,0.0,1,Month-to-month,Credit card (automatic),DSL,No,No
2038-OEQZH,No,0,0.6292550289482439,Yes,High Risk,86.05,86.05,4,Month-to-month,Electronic check,Fiber optic,No,No
1178-PZGAB,No,0,0.041281181191654276,No,Low Risk,20.25,0.0,19,One year,Credit card (automatic),No,No internet service,No internet service
7927-AUXBZ,Yes,1,0.30868427372893886,No,Medium Risk,85.15,0.0,30,Month-to-month,Electronic check,Fiber optic,Yes,No
2626-VEEWG,No,0,0.02111885409148618,No,Low Risk,19.4,0.0,67,Two year,Credit card (automatic),No,No internet service,No internet service
2878-RMWXY,No,0,0.07650342790660251,No,Low Risk,102.65,0.0,72,Two year,Credit card (automatic),Fiber optic,No,Yes
1657-DYMBM,No,0,0.022188061443804846,No,Low Risk,19.9,0.0,53,Two year,Credit card (automatic),No,No internet service,No internet service
7311-MQJCH,No,0,0.08531974282939467,No,Low Risk,19.55,0.0,5,One year,Electronic check,No,No internet service,No internet service
7375-WMVMT,No,0,0.05476143233095962,No,Low Risk,95.5,0.0,71,Two year,Credit card (automatic),Fiber optic,Yes,No
1136-XGEQU,No,0,0.08398748122013215,No,Low Risk,84.15,0.0,50,One year,Credit card (automatic),DSL,Yes,No
2530-FMFXO,No,0,0.15112662228181759,No,Low Risk,103.2,0.0,56,Two year,Electronic check,Fiber optic,Yes,No
6844-DZKRF,No,0,0.3810289669075635,No,Medium Risk,50.2,0.0,2,Month-to-month,Credit card (automatic),DSL,Yes,No
4695-WJZUE,Yes,1,0.8048015404710241,Yes,High Risk,88.55,88.55,2,Month-to-month,Electronic check,Fiber optic,No,No
7619-ODSGN,Yes,1,0.17489408493155417,No,Low Risk,54.75,0.0,24,Month-to-month,Electronic check,DSL,No,Yes
5970-GHJAW,No,0,0.022063916656277653,No,Low Risk,19.95,0.0,46,Two year,Credit card (automatic),No,No internet service,No internet service
8879-XUAHX,No,0,0.06536820220674018,No,Low Risk,116.25,0.0,71,Two year,Electronic check,Fiber optic,Yes,Yes
3689-MOZGR,No,0,0.22580973194514384,No,Low Risk,31.2,0.0,29,Month-to-month,Electronic check,DSL,Yes,No
4195-PNGZS,No,0,0.023127038226193948,No,Low Risk,24.45,0.0,69,Two year,Bank transfer (automatic),No,No internet service,No internet service
5003-XZWWO,No,0,0.03479781468920816,No,Low Risk,84.2,0.0,71,Two year,Credit card (automatic),DSL,Yes,No
3988-RQIXO,Yes,1,0.8677231863836754,Yes,High Risk,91.3,91.3,1,Month-to-month,Electronic check,Fiber optic,No,No
7622-FWGEW,No,0,0.034142668960520206,No,Low Risk,85.65,0.0,56,Two year,Bank transfer (automatic),DSL,Yes,Yes
6922-NCEDI,No,0,0.03837436304386844,No,Low Risk,21.2,0.0,56,One year,Mailed check,No,No internet service,No internet service
2514-GINMM,Yes,1,0.8370318457513362,Yes,High Risk,79.5,79.5,1,Month-to-month,Electronic check,Fiber optic,No,No
9891-NQDBD,No,0,0.043787331559957704,No,Low Risk,25.55,0.0,28,One year,Mailed check,No,No internet service,No internet service
6131-IUNXN,No,0,0.07462499583902941,No,Low Risk,20.2,0.0,19,Month-to-month,Mailed check,No,No internet service,No internet service
8548-AWOFC,No,0,0.16656101043667162,No,Low Risk,63.85,0.0,66,Month-to-month,Electronic check,DSL,Yes,No
9798-DRYDS,No,0,0.10059612895315556,No,Low Risk,61.95,0.0,17,One year,Mailed check,DSL,Yes,No
8532-UEFWH,No,0,0.025140281571952163,No,Low Risk,25.75,0.0,52,Two year,Mailed check,No,No internet service,No internet service
6296-DDOOR,No,0,0.11226626080462783,No,Low Risk,58.2,0.0,19,One year,Electronic check,DSL,No,No
7951-VRDVK,No,0,0.05423672482536079,No,Low Risk,85.85,0.0,36,One year,Bank transfer (automatic),DSL,Yes,Yes
5931-FLJJF,Yes,1,0.5698772952080531,Yes,Medium Risk,70.1,0.0,7,Month-to-month,Mailed check,Fiber optic,No,No
4815-YOSUK,No,0,0.10144015265297748,No,Low Risk,104.9,0.0,72,One year,Credit card (automatic),Fiber optic,Yes,Yes
2659-VXMWZ,Yes,1,0.22045832370686327,No,Low Risk,111.3,0.0,67,One year,Electronic check,Fiber optic,No,Yes
0380-NEAVX,No,0,0.3039764914900617,No,Medium Risk,99.85,0.0,34,One year,Electronic check,Fiber optic,No,No
3207-OYBWH,Yes,1,0.33270828065630137,No,Medium Risk,95.25,0.0,57,Month-to-month,Bank transfer (automatic),Fiber optic,No,No
4285-GYRQC,Yes,1,0.6721001755246174,Yes,High Risk,86.25,86.25,7,Month-to-month,Electronic check,Fiber optic,No,No
7216-EWTRS,Yes,1,0.9048847123541784,Yes,High Risk,100.8,100.8,1,Month-to-month,Electronic check,Fiber optic,No,No
4365-MSDYN,No,0,0.12369953715314538,No,Low Risk,19.55,0.0,8,Month-to-month,Bank transfer (automatic),No,No internet service,No internet service
7036-TYDEC,No,0,0.127293331161428,No,Low Risk,104.0,0.0,69,Two year,Electronic check,Fiber optic,Yes,No
5802-ADBRC,No,0,0.2012488679867623,No,Low Risk,104.4,0.0,50,One year,Mailed check,Fiber optic,No,Yes
8076-FEZKJ,No,0,0.055295591634267206,No,Low Risk,19.5,0.0,10,One year,Mailed check,No,No internet service,No internet service
5197-YPYBZ,No,0,0.03808254801414206,No,Low Risk,25.25,0.0,12,Two year,Credit card (automatic),No,No internet service,No internet service
8337-MSSXB,Yes,1,0.5726339586027254,Yes,Medium Risk,86.3,0.0,14,Month-to-month,Electronic check,Fiber optic,No,No
4312-GVYNH,No,0,0.030705048455832856,No,Low Risk,49.85,0.0,70,Two year,Bank transfer (automatic),DSL,Yes,Yes
8495-LJDFO,No,0,0.2550852197086874,No,Low Risk,108.95,0.0,64,Month-to-month,Bank transfer (automatic),Fiber optic,Yes,Yes
0839-JTCUD,No,0,0.02995046707021609,No,Low Risk,89.9,0.0,66,Two year,Credit card (automatic),DSL,Yes,Yes
5494-WOZRZ,No,0,0.025816555231541326,No,Low Risk,82.0,0.0,71,Two year,Credit card (automatic),DSL,Yes,Yes
1302-UHBDD,No,0,0.4782668453333355,No,Medium Risk,89.95,0.0,20,Month-to-month,Electronic check,Fiber optic,No,No
2234-EOFPT,No,0,0.023999994324004983,No,Low Risk,79.35,0.0,72,Two year,Bank transfer (automatic),DSL,Yes,Yes
8619-IJNDK,No,0,0.018959852874477302,No,Low Risk,64.05,0.0,71,Two year,Credit card (automatic),DSL,Yes,Yes
8378-LKJAF,No,0,0.4675511650393867,No,Medium Risk,101.15,0.0,38,Month-to-month,Credit card (automatic),Fiber optic,No,No
8182-BJDSI,Yes,1,0.47933524004831274,No,Medium Risk,89.95,0.0,28,Month-to-month,Electronic check,Fiber optic,No,No
2528-HFYZX,Yes,1,0.5224464302831205,Yes,Medium Risk,76.45,0.0,17,Month-to-month,Electronic check,Fiber optic,No,No
1153-GNOLC,No,0,0.15637465866946013,No,Low Risk,39.1,0.0,33,One year,Electronic check,DSL,No,No
3298-QEICA,No,0,0.03303053703006152,No,Low Risk,34.6,0.0,23,Two year,Mailed check,DSL,Yes,Yes
0788-DXBFY,No,0,0.054754461491608876,No,Low Risk,19.55,0.0,58,One year,Electronic check,No,No internet service,No internet service
3597-YASZG,No,0,0.09368088786924769,No,Low Risk,104.45,0.0,70,Two year,Bank transfer (automatic),Fiber optic,Yes,No
3496-LFSZU,No,0,0.5635793755431144,Yes,Medium Risk,70.5,0.0,4,Month-to-month,Electronic check,Fiber optic,No,No
5242-UOWHD,No,0,0.022063916656277653,No,Low Risk,20.35,0.0,45,Two year,Mailed check,No,No internet service,No internet service
2482-CZGBB,Yes,1,0.5814146644230876,Yes,Medium Risk,70.0,0.0,10,Month-to-month,Electronic check,Fiber optic,No,No
6479-SZPLM,No,0,0.022063916656277653,No,Low Risk,19.45,0.0,36,Two year,Credit card (automatic),No,No internet service,No internet service
8097-VBQTZ,No,0,0.08740675986851767,No,Low Risk,69.9,0.0,54,Month-to-month,Mailed check,DSL,Yes,Yes
4500-HKANN,No,0,0.03726604957055633,No,Low Risk,59.7,0.0,23,Two year,Mailed check,DSL,Yes,No
9917-KWRBE,No,0,0.08602465583448353,No,Low Risk,78.35,0.0,41,One year,Credit card (automatic),DSL,No,Yes
3420-ZDBMA,No,0,0.6512519056172204,Yes,High Risk,71.45,71.45,5,Month-to-month,Mailed check,Fiber optic,No,No
2212-LYASK,No,0,0.10456753904947733,No,Low Risk,45.85,0.0,27,One year,Credit card (automatic),DSL,No,No
1393-IMKZG,No,0,0.788813348177431,Yes,High Risk,95.85,95.85,1,Month-to-month,Electronic check,Fiber optic,Yes,No
8069-RHUXK,No,0,0.02822802463804634,No,Low Risk,35.7,0.0,67,Two year,Credit card (automatic),DSL,Yes,Yes
3398-GCPMU,No,0,0.026444179197019392,No,Low Risk,89.55,0.0,72,Two year,Credit card (automatic),DSL,Yes,Yes
2908-WGAXL,No,0,0.025599843469399784,No,Low Risk,24.95,0.0,56,Two year,Credit card (automatic),No,No internet service,No internet service
3378-AJRAO,No,0,0.05939317646923986,No,Low Risk,24.85,0.0,44,One year,Electronic check,No,No internet service,No internet service
1013-QCWAM,No,0,0.43639165612712505,No,Medium Risk,100.8,0.0,66,Month-to-month,Electronic check,Fiber optic,No,No
0866-QLSIR,Yes,1,0.05686362486241399,No,Low Risk,64.4,0.0,34,One year,Mailed check,DSL,Yes,Yes
6050-FFXES,No,0,0.09516562816091219,No,Low Risk,105.35,0.0,69,Two year,Bank transfer (automatic),Fiber optic,Yes,No
7181-BQYBV,Yes,1,0.851594171794171,Yes,High Risk,102.45,102.45,1,Month-to-month,Electronic check,Fiber optic,No,Yes
0362-RAOQO,No,0,0.022188061443804846,No,Low Risk,19.65,0.0,40,Two year,Credit card (automatic),No,No internet service,No internet service
9554-DFKIC,No,0,0.14774620853150272,No,Low Risk,54.45,0.0,30,Month-to-month,Bank transfer (automatic),DSL,No,Yes
5527-ACHSO,No,0,0.20090334787558647,No,Low Risk,70.5,0.0,11,Month-to-month,Mailed check,DSL,Yes,No
0829-DDVLK,No,0,0.05212881019529155,No,Low Risk,20.1,0.0,15,One year,Credit card (automatic),No,No internet service,No internet service
1399-UBQIU,No,0,0.38773242259848145,No,Medium Risk,69.35,0.0,11,Month-to-month,Electronic check,DSL,No,No
1813-JLKWR,No,0,0.03471156649674788,No,Low Risk,19.8,0.0,64,One year,Bank transfer (automatic),No,No internet service,No internet service
0336-PIKEI,No,0,0.02249591862752554,No,Low Risk,74.4,0.0,72,Two year,Bank transfer (automatic),DSL,Yes,Yes
7322-OCWHC,No,0,0.03055682813241158,No,Low Risk,93.05,0.0,72,Two year,Bank transfer (automatic),Fiber optic,Yes,Yes
9537-VHDTA,No,0,0.4555390993206848,No,Medium Risk,51.2,0.0,1,Month-to-month,Mailed check,DSL,No,Yes
4957-TIALW,No,0,0.05228754711032202,No,Low Risk,65.6,0.0,15,One year,Credit card (automatic),DSL,Yes,Yes
2054-PJOCK,No,0,0.08131248102355836,No,Low Risk,80.55,0.0,60,One year,Credit card (automatic),DSL,Yes,No
9150-HEPMB,No,0,0.053691332078714536,No,Low Risk,52.7,0.0,56,One year,Mailed check,DSL,No,Yes
9030-QGZNL,No,0,0.029059266321434216,No,Low Risk,20.85,0.0,8,Two year,Mailed check,No,No internet service,No internet service
6204-IEUXJ,Yes,1,0.4866600754852383,No,Medium Risk,80.1,0.0,3,Month-to-month,Credit card (automatic),Fiber optic,Yes,No
3126-WQMGH,No,0,0.19479731192574018,No,Low Risk,52.15,0.0,49,Month-to-month,Credit card (automatic),DSL,No,No
4529-CKBCL,Yes,1,0.720529192408088,Yes,High Risk,80.2,80.2,2,Month-to-month,Electronic check,Fiber optic,No,No
2506-CLAKW,Yes,1,0.42051680865103236,No,Medium Risk,98.15,0.0,6,Month-to-month,Bank transfer (automatic),Fiber optic,Yes,Yes
7176-WRTNX,No,0,0.07412352329266998,No,Low Risk,114.95,0.0,70,Two year,Bank transfer (automatic),Fiber optic,Yes,Yes
1583-IHQZE,Yes,1,0.6055056916201219,Yes,High Risk,112.95,112.95,12,Month-to-month,Mailed check,Fiber optic,Yes,No
5732-IKGQH,No,0,0.16089812623861274,No,Low Risk,104.45,0.0,52,One year,Bank transfer (automatic),Fiber optic,Yes,Yes
9239-GZHZE,No,0,0.04458445993125252,No,Low Risk,113.65,0.0,72,Two year,Credit card (automatic),Fiber optic,Yes,Yes
7205-BAIAD,No,0,0.02740674878396731,No,Low Risk,20.6,0.0,40,Two year,Bank transfer (automatic),No,No internet service,No internet service
0151-ONTOV,Yes,1,0.7024547306130401,Yes,High Risk,70.9,70.9,1,Month-to-month,Mailed check,Fiber optic,No,No
4140-MUHUG,Yes,1,0.7284716417608895,Yes,High Risk,86.85,86.85,3,Month-to-month,Electronic check,Fiber optic,No,No
0093-EXYQL,No,0,0.4725871693532762,No,Medium Risk,91.55,0.0,40,Month-to-month,Electronic check,Fiber optic,No,No
8064-RAVOH,No,0,0.6403844862268419,Yes,High Risk,49.85,49.85,1,Month-to-month,Electronic check,DSL,No,No
0219-QAERP,No,0,0.03713218255245417,No,Low Risk,19.8,0.0,30,One year,Credit card (automatic),No,No internet service,No internet service
0320-JDNQG,Yes,1,0.4548647568809934,No,Medium Risk,99.85,0.0,23,Month-to-month,Electronic check,Fiber optic,Yes,Yes
7180-PISOG,Yes,1,0.8214968810578603,Yes,High Risk,74.5,74.5,1,Month-to-month,Electronic check,Fiber optic,No,No
9168-INPSZ,No,0,0.46255696102725685,No,Medium Risk,104.15,0.0,44,Month-to-month,Electronic check,Fiber optic,Yes,No
3571-RFHAR,Yes,1,0.402780254891361,No,Medium Risk,109.15,0.0,65,Month-to-month,Electronic check,Fiber optic,Yes,No
0015-UOCOJ,No,0,0.2958455422639075,No,Low Risk,48.2,0.0,7,Month-to-month,Electronic check,DSL,No,Yes
5334-AFQJB,No,0,0.0237902431843334,No,Low Risk,25.1,0.0,72,Two year,Credit card (automatic),No,No internet service,No internet service
2754-SDJRD,No,0,0.6813744247335443,Yes,High Risk,100.15,100.15,8,Month-to-month,Credit card (automatic),Fiber optic,Yes,No
9578-VRMNM,Yes,1,0.31094507397494053,No,Medium Risk,65.2,0.0,16,Month-to-month,Credit card (automatic),DSL,No,No
1587-FKLZB,Yes,1,0.3605204800346222,No,Medium Risk,99.5,0.0,66,Month-to-month,Credit card (automatic),Fiber optic,No,No
6140-QNRQQ,Yes,1,0.7653546055196001,Yes,High Risk,71.55,71.55,1,Month-to-month,Mailed check,Fiber optic,No,No
8963-JLGJT,No,0,0.2253150694894778,No,Low Risk,55.9,0.0,3,Month-to-month,Mailed check,DSL,No,Yes
4307-KTUMW,Yes,1,0.32062269865563237,No,Medium Risk,93.9,0.0,53,Month-to-month,Electronic check,Fiber optic,No,Yes
1465-LNTLJ,No,0,0.277226421026361,No,Low Risk,64.4,0.0,8,Month-to-month,Credit card (automatic),DSL,Yes,No
5440-FLBQG,Yes,1,0.09368088786924769,No,Low Risk,108.4,0.0,69,Two year,Bank transfer (automatic),Fiber optic,Yes,No
2135-DQWAQ,No,0,0.6319507391352274,Yes,High Risk,85.3,85.3,5,Month-to-month,Mailed check,Fiber optic,No,No
4056-QHXHZ,No,0,0.06497677571339065,No,Low Risk,107.45,0.0,72,Two year,Mailed check,Fiber optic,Yes,Yes
7470-MCQTK,Yes,1,0.35226460794821424,No,Medium Risk,48.75,0.0,13,Month-to-month,Bank transfer (automatic),DSL,No,No
7488-MXJIV,Yes,1,0.7606539764668475,Yes,High Risk,85.65,85.65,4,Month-to-month,Electronic check,Fiber optic,No,No
7401-JIXNM,No,0,0.0329777207315472,No,Low Risk,91.3,0.0,54,Two year,Credit card (automatic),DSL,Yes,Yes
9339-FIIJL,No,0,0.03479781468920816,No,Low Risk,85.95,0.0,72,Two year,Bank transfer (automatic),DSL,Yes,No
2027-FECZV,Yes,1,0.738486394189758,Yes,High Risk,106.7,106.7,12,Month-to-month,Electronic check,Fiber optic,No,No
2672-DZUOY,Yes,1,0.6801605387709504,Yes,High Risk,25.15,25.15,1,Month-to-month,Electronic check,DSL,No,No
4706-DGAHW,No,0,0.6042176725509479,Yes,High Risk,45.2,45.2,1,Month-to-month,Electronic check,DSL,No,No
3870-MQAMG,Yes,1,0.24406493611499258,No,Low Risk,110.35,0.0,54,One year,Electronic check,Fiber optic,Yes,No
6670-MFRPK,No,0,0.06553092037570248,No,Low Risk,79.2,0.0,69,Two year,Credit card (automatic),Fiber optic,No,No
6177-PEVRA,No,0,0.03194626638103129,No,Low Risk,55.5,0.0,48,Two year,Credit card (automatic),DSL,No,Yes
4800-CZMPC,Yes,1,0.18770527870837692,No,Low Risk,103.25,0.0,48,One year,Credit card (automatic),Fiber optic,No,Yes
4813-HQMGZ,No,0,0.6127634323285238,Yes,High Risk,90.25,90.25,8,Month-to-month,Electronic check,Fiber optic,Yes,No
7579-KKLOE,No,0,0.025994298435742698,No,Low Risk,91.25,0.0,71,Two year,Mailed check,DSL,Yes,Yes
7377-DMMRI,Yes,1,0.42182586047939125,No,Medium Risk,47.8,0.0,2,Month-to-month,Electronic check,DSL,No,Yes
8402-EIVQS,No,0,0.13083683418925252,No,Low Risk,100.9,0.0,67,One year,Credit card (automatic),Fiber optic,No,Yes
4947-DSMXK,No,0,0.4297026886453227,No,Medium Risk,97.7,0.0,34,Month-to-month,Bank transfer (automatic),Fiber optic,No,No
7245-NIIWQ,No,0,0.6534572742343966,Yes,High Risk,69.85,69.85,3,Month-to-month,Electronic check,Fiber optic,No,No
0002-ORFBO,No,0,0.1074874720773822,No,Low Risk,65.6,0.0,9,One year,Mailed check,DSL,Yes,No
3324-OIRTO,No,0,0.11815625271810413,No,Low Risk,104.65,0.0,71,One year,Bank transfer (automatic),Fiber optic,No,Yes
5414-OFQCB,No,0,0.05995696914623713,No,Low Risk,90.45,0.0,57,Two year,Credit card (automatic),Fiber optic,Yes,No
4967-WPNCF,No,0,0.0267207190913546,No,Low Risk,63.7,0.0,72,Two year,Bank transfer (automatic),DSL,Yes,Yes
8552-OBVRU,No,0,0.3529868761355831,No,Medium Risk,104.5,0.0,48,Month-to-month,Electronic check,Fiber optic,Yes,Yes
8499-BRXTD,No,0,0.041281181191654276,No,Low Risk,20.1,0.0,18,One year,Mailed check,No,No internet service,No internet service
9154-QDGTH,No,0,0.23111470013039706,No,Low Risk,104.3,0.0,43,One year,Credit card (automatic),Fiber optic,Yes,No
8197-BFWVU,No,0,0.025994298435742698,No,Low Risk,93.25,0.0,72,Two year,Bank transfer (automatic),DSL,Yes,Yes
2577-GVSIL,No,0,0.10476389459984017,No,Low Risk,73.45,0.0,35,One year,Bank transfer (automatic),DSL,Yes,No
9367-OIUXP,No,0,0.14575567919699448,No,Low Risk,20.7,0.0,4,Month-to-month,Mailed check,No,No internet service,No internet service
6770-UAYGJ,No,0,0.025140281571952163,No,Low Risk,25.25,0.0,49,Two year,Mailed check,No,No internet service,No internet service
6463-HHXJR,No,0,0.06540882607120113,No,Low Risk,100.5,0.0,71,Two year,Bank transfer (automatic),Fiber optic,No,Yes
7928-VJYAB,No,0,0.5487742540077508,Yes,Medium Risk,90.6,0.0,11,Month-to-month,Electronic check,Fiber optic,No,No
1187-WILMM,No,0,0.029852797919000078,No,Low Risk,89.4,0.0,63,Two year,Credit card (automatic),DSL,Yes,Yes
9776-OJUZI,No,0,0.29144618683023116,No,Low Risk,95.45,0.0,65,Month-to-month,Bank transfer (automatic),Fiber optic,No,No
1306-RPWXZ,No,0,0.022063916656277653,No,Low Risk,20.45,0.0,49,Two year,Credit card (automatic),No,No internet service,No internet service
8949-JTMAY,Yes,1,0.5141579385317449,Yes,Medium Risk,98.6,0.0,29,Month-to-month,Credit card (automatic),Fiber optic,No,No
2774-LVQUS,Yes,1,0.5969283542936666,Yes,Medium Risk,83.05,0.0,15,Month-to-month,Electronic check,Fiber optic,Yes,No
3097-PYWXL,No,0,0.2049127999206021,No,Low Risk,19.95,0.0,4,Month-to-month,Electronic check,No,No internet service,No internet service
2266-SJNAT,No,0,0.13839845999112077,No,Low Risk,109.15,0.0,72,One year,Credit card (automatic),Fiber optic,Yes,No
0869-PAPRP,No,0,0.40719193212341614,No,Medium Risk,85.7,0.0,26,Month-to-month,Credit card (automatic),Fiber optic,No,No
4238-JSSWH,No,0,0.4640922685740385,No,Medium Risk,102.05,0.0,35,Month-to-month,Bank transfer (automatic),Fiber optic,No,No
2972-YDYUW,No,0,0.14509049293727277,No,Low Risk,94.7,0.0,57,One year,Electronic check,Fiber optic,Yes,No
1104-FEJAM,No,0,0.2114237714216642,No,Low Risk,64.4,0.0,28,Month-to-month,Electronic check,DSL,No,No
2809-ILCYT,No,0,0.05943935759582217,No,Low Risk,26.8,0.0,25,One year,Mailed check,No,No internet service,No internet service
5499-ECUTN,No,0,0.07085711612279232,No,Low Risk,66.05,0.0,47,One year,Credit card (automatic),DSL,No,Yes
4981-FLTMF,No,0,0.07679171707766924,No,Low Risk,65.2,0.0,57,Month-to-month,Bank transfer (automatic),DSL,Yes,Yes
9121-PHQSR,No,0,0.6066590581894286,Yes,High Risk,85.05,85.05,16,Month-to-month,Credit card (automatic),Fiber optic,No,No
3113-IWHLC,No,0,0.2751664802134926,No,Low Risk,55.8,0.0,5,Month-to-month,Mailed check,DSL,No,Yes
3211-ILJTT,Yes,1,0.3918810028574202,No,Medium Risk,70.4,0.0,17,Month-to-month,Bank transfer (automatic),Fiber optic,No,No
4612-THJBS,Yes,1,0.23360857809021573,No,Low Risk,104.75,0.0,56,One year,Bank transfer (automatic),Fiber optic,No,No
4277-BWBML,No,0,0.018159855412516312,No,Low Risk,19.95,0.0,72,Two year,Bank transfer (automatic),No,No internet service,No internet service
4094-NSEDU,Yes,1,0.6429618441854871,Yes,High Risk,94.25,94.25,21,Month-to-month,Electronic check,Fiber optic,No,No
0234-TEVTT,No,0,0.07690352278074424,No,Low Risk,45.0,0.0,48,One year,Credit card (automatic),DSL,No,Yes
4304-TSPVK,No,0,0.07267108728141836,No,Low Risk,114.9,0.0,68,Two year,Bank transfer (automatic),Fiber optic,Yes,Yes
1552-AAGRX,No,0,0.31694796102605555,No,Medium Risk,106.4,0.0,30,Month-to-month,Bank transfer (automatic),Fiber optic,Yes,Yes
2637-FKFSY,No,0,0.4502040352271161,No,Medium Risk,46.1,0.0,3,Month-to-month,Mailed check,DSL,No,No
9796-MVYXX,No,0,0.05709047262210343,No,Low Risk,39.7,0.0,14,Two year,Mailed check,DSL,Yes,Yes
7874-ECPQJ,No,0,0.17400499943536835,No,Low Risk,20.05,0.0,4,Month-to-month,Bank transfer (automatic),No,No internet service,No internet service
0020-INWCK,No,0,0.07653462640788254,No,Low Risk,95.75,0.0,71,Two year,Credit card (automatic),Fiber optic,No,No
7089-RKVSZ,No,0,0.06533111456155279,No,Low Risk,24.4,0.0,8,One year,Mailed check,No,No internet service,No internet service
2683-JXWQQ,No,0,0.10718813820442015,No,Low Risk,33.6,0.0,61,Month-to-month,Bank transfer (automatic),DSL,No,Yes
9548-ZMVTX,No,0,0.03703702419862491,No,Low Risk,90.45,0.0,72,Two year,Bank transfer (automatic),Fiber optic,Yes,No
8739-XNIKG,No,0,0.7486338011121416,Yes,High Risk,84.0,84.0,5,Month-to-month,Electronic check,Fiber optic,No,No
9755-JHNMN,No,0,0.023161327656546913,No,Low Risk,67.4,0.0,49,Two year,Bank transfer (automatic),DSL,Yes,Yes
3981-QSVQI,No,0,0.12369953715314538,No,Low Risk,19.7,0.0,8,Month-to-month,Bank transfer (automatic),No,No internet service,No internet service
2789-HQBOU,No,0,0.6990256571036835,Yes,High Risk,80.35,80.35,3,Month-to-month,Electronic check,Fiber optic,No,No
9424-CMPOG,No,0,0.03311005800861855,No,Low Risk,19.6,0.0,9,Two year,Mailed check,No,No internet service,No internet service
5067-WJEUN,No,0,0.030498447547526418,No,Low Risk,54.2,0.0,67,Two year,Bank transfer (automatic),DSL,No,Yes
3450-WXOAT,No,0,0.15750728126593214,No,Low Risk,45.2,0.0,46,Month-to-month,Credit card (automatic),DSL,No,No
9251-WNSOD,No,0,0.0641070819662283,No,Low Risk,75.1,0.0,67,One year,Mailed check,DSL,No,Yes
6974-DAFLI,No,0,0.048089845321884914,No,Low Risk,19.7,0.0,55,One year,Electronic check,No,No internet service,No internet service
2616-UUTFK,No,0,0.16090014932377694,No,Low Risk,72.75,0.0,33,Month-to-month,Bank transfer (automatic),DSL,No,Yes
7064-JHXCE,No,0,0.020720675767412843,No,Low Risk,20.05,0.0,62,Two year,Credit card (automatic),No,No internet service,No internet service
5103-MHMHY,Yes,1,0.5107629667391707,Yes,Medium Risk,45.95,0.0,1,Month-to-month,Mailed check,DSL,No,No
7989-AWGEH,No,0,0.21022597543518806,No,Low Risk,39.2,0.0,49,Month-to-month,Electronic check,DSL,No,Yes
4373-VVHQL,No,0,0.647369152282393,Yes,High Risk,44.75,44.75,1,Month-to-month,Electronic check,DSL,No,No
4559-UWIHT,No,0,0.5909890350866527,Yes,Medium Risk,82.65,0.0,14,Month-to-month,Electronic check,Fiber optic,No,No
7268-IGMFD,No,0,0.3655231811894913,No,Medium Risk,93.9,0.0,18,Month-to-month,Bank transfer (automatic),Fiber optic,Yes,No
1846-XWOQN,Yes,1,0.8280611934643353,Yes,High Risk,70.15,70.15,1,Month-to-month,Electronic check,Fiber optic,No,No
0235-KGSLC,Yes,1,0.8002072979209308,Yes,High Risk,85.55,85.55,1,Month-to-month,Credit card (automatic),Fiber optic,No,No
6650-BWFRT,No,0,0.04458445993125252,No,Low Risk,117.15,0.0,72,Two year,Credit card (automatic),Fiber optic,Yes,Yes
9570-KYEUA,No,0,0.06377330926865801,No,Low Risk,99.25,0.0,64,Two year,Credit card (automatic),Fiber optic,Yes,Yes
6993-YGFJV,No,0,0.07412352329266998,No,Low Risk,112.55,0.0,69,Two year,Bank transfer (automatic),Fiber optic,Yes,Yes
2712-SYWAY,No,0,0.42677940085052096,No,Medium Risk,25.7,0.0,1,Month-to-month,Electronic check,No,No internet service,No internet service
0730-BGQGF,No,0,0.02607968312218924,No,Low Risk,90.3,0.0,71,Two year,Credit card (automatic),DSL,Yes,Yes
5498-IBWPI,No,0,0.053098543158506775,No,Low Risk,49.4,0.0,66,One year,Credit card (automatic),DSL,Yes,No
9101-NTIXF,No,0,0.1794584042671467,No,Low Risk,19.4,0.0,2,Month-to-month,Mailed check,No,No internet service,No internet service
0013-SMEOE,No,0,0.03994382279670044,No,Low Risk,109.7,0.0,71,Two year,Bank transfer (automatic),Fiber optic,Yes,Yes
9314-QDMDW,No,0,0.1783996444601319,No,Low Risk,61.25,0.0,11,One year,Electronic check,DSL,No,No
9308-ANMVE,No,0,0.14546592119907495,No,Low Risk,55.3,0.0,47,Month-to-month,Electronic check,DSL,No,Yes
2884-GBPFB,Yes,1,0.4088963634743037,No,Medium Risk,70.3,0.0,35,Month-to-month,Electronic check,Fiber optic,No,No
3757-NJYBX,Yes,1,0.4501907487569502,No,Medium Risk,106.35,0.0,32,Month-to-month,Bank transfer (automatic),Fiber optic,No,No
3413-DHLPB,No,0,0.3038565780626021,No,Medium Risk,103.75,0.0,60,Month-to-month,Bank transfer (automatic),Fiber optic,Yes,No
7649-PHJVR,No,0,0.055295591634267206,No,Low Risk,19.5,0.0,11,One year,Mailed check,No,No internet service,No internet service
6114-TCFID,No,0,0.04599261045121564,No,Low Risk,39.5,0.0,29,One year,Credit card (automatic),DSL,Yes,Yes
3787-TRIAL,No,0,0.33064952507176265,No,Medium Risk,26.05,0.0,21,Month-to-month,Electronic check,DSL,No,No
2573-GYRUU,No,0,0.3793158937264122,No,Medium Risk,91.05,0.0,48,Month-to-month,Credit card (automatic),Fiber optic,No,No
5156-UMKOW,No,0,0.41738150321919654,No,Medium Risk,29.65,0.0,3,Month-to-month,Mailed check,DSL,No,No
1247-QBVSH,No,0,0.12871206876338318,No,Low Risk,50.2,0.0,43,Month-to-month,Mailed check,DSL,No,No
6734-GMPVK,No,0,0.7559654340136158,Yes,High Risk,105.3,105.3,5,Month-to-month,Electronic check,Fiber optic,No,No
9822-OAOVB,No,0,0.7072468017463848,Yes,High Risk,55.45,55.45,1,Month-to-month,Electronic check,DSL,No,No
6161-ERDGD,No,0,0.07574217064930133,No,Low Risk,85.45,0.0,71,One year,Electronic check,DSL,Yes,Yes
1226-JZNKR,No,0,0.06982145651068325,No,Low Risk,19.8,0.0,8,One year,Electronic check,No,No internet service,No internet service
7318-EIVKO,No,0,0.4614132517743028,No,Medium Risk,59.25,0.0,8,Month-to-month,Electronic check,DSL,No,No
3771-PZOBW,No,0,0.4356779691510409,No,Medium Risk,90.7,0.0,20,Month-to-month,Credit card (automatic),Fiber optic,No,No
5136-KCKGI,Yes,1,0.22756789338672,No,Low Risk,103.7,0.0,33,One year,Mailed check,Fiber optic,No,Yes
8231-BSWXX,No,0,0.0812422665314264,No,Low Risk,79.05,0.0,71,One year,Credit card (automatic),Fiber optic,No,No
6486-LHTMA,No,0,0.27654906131037693,No,Low Risk,90.7,0.0,31,One year,Electronic check,Fiber optic,No,No
4083-BFNYK,No,0,0.15366877610807386,No,Low Risk,95.0,0.0,38,One year,Credit card (automatic),Fiber optic,No,Yes
3722-WPXTK,Yes,1,0.8550338314190217,Yes,High Risk,88.35,88.35,1,Month-to-month,Electronic check,Fiber optic,No,No
7389-KBFIT,No,0,0.5176725830973541,Yes,Medium Risk,30.25,0.0,2,Month-to-month,Mailed check,DSL,No,No
7176-WIONM,No,0,0.3666123299376936,No,Medium Risk,49.85,0.0,12,Month-to-month,Bank transfer (automatic),DSL,No,No
5141-ZUVBH,No,0,0.29935429228745986,No,Low Risk,93.0,0.0,9,Month-to-month,Bank transfer (automatic),Fiber optic,Yes,Yes
1089-HDMKP,No,0,0.26162060768764384,No,Low Risk,54.55,0.0,11,Month-to-month,Electronic check,DSL,Yes,No
7623-HKYRK,No,0,0.10294752311383841,No,Low Risk,19.7,0.0,6,Month-to-month,Mailed check,No,No internet service,No internet service
0310-SUCIN,No,0,0.044265189701102,No,Low Risk,84.8,0.0,71,One year,Bank transfer (automatic),DSL,Yes,Yes
5197-PYEPU,No,0,0.14792929600060456,No,Low Risk,94.45,0.0,42,One year,Credit card (automatic),Fiber optic,No,Yes
2929-ERCFZ,Yes,1,0.6812345267625676,Yes,High Risk,94.2,94.2,8,Month-to-month,Electronic check,Fiber optic,No,No
7548-SEPYI,Yes,1,0.7421292120059861,Yes,High Risk,96.25,96.25,5,Month-to-month,Electronic check,Fiber optic,No,No
8835-VSDSE,Yes,1,0.6703239316412379,Yes,High Risk,70.7,70.7,2,Month-to-month,Electronic check,Fiber optic,No,No
6619-RPLQZ,No,0,0.022063916656277653,No,Low Risk,20.85,0.0,45,Two year,Mailed check,No,No internet service,No internet service
3275-RHRNE,No,0,0.08987424019142638,No,Low Risk,60.0,0.0,28,One year,Credit card (automatic),DSL,Yes,No
3503-TYDAY,No,0,0.32429756163886037,No,Medium Risk,80.45,0.0,43,Month-to-month,Electronic check,Fiber optic,No,No
6901-GOGZG,No,0,0.04944051303227873,No,Low Risk,84.95,0.0,60,Two year,Electronic check,DSL,Yes,Yes
1623-NLDOT,Yes,1,0.05862049545044154,No,Low Risk,33.55,0.0,42,One year,Mailed check,DSL,Yes,No
7021-XSNYE,No,0,0.04979935042653517,No,Low Risk,49.65,0.0,7,Two year,Credit card (automatic),DSL,Yes,Yes
9621-OUPYD,No,0,0.0499870195558218,No,Low Risk,20.2,0.0,25,One year,Bank transfer (automatic),No,No internet service,No internet service
9898-KZQDZ,Yes,1,0.4605009829754732,No,Medium Risk,94.55,0.0,40,Month-to-month,Credit card (automatic),Fiber optic,No,No
8982-NHAVY,No,0,0.2924343650570227,No,Low Risk,100.5,0.0,27,One year,Bank transfer (automatic),Fiber optic,No,No
4307-KWMXE,No,0,0.23085469537621156,No,Low Risk,35.75,0.0,10,Month-to-month,Electronic check,DSL,Yes,No
0141-YEAYS,No,0,0.4059346658453062,No,Medium Risk,86.45,0.0,27,Month-to-month,Bank transfer (automatic),Fiber optic,No,No
2450-ZKEED,No,0,0.0878935882617885,No,Low Risk,53.8,0.0,11,One year,Bank transfer (automatic),DSL,Yes,No
3694-DELSO,No,0,0.28681659565558776,No,Low Risk,38.55,0.0,4,Month-to-month,Credit card (automatic),DSL,No,Yes
3893-JRNFS,No,0,0.1925477618103286,No,Low Risk,39.9,0.0,68,Month-to-month,Bank transfer (automatic),DSL,No,No
9603-OAIHC,No,0,0.8280611934643353,Yes,High Risk,70.05,70.05,1,Month-to-month,Electronic check,Fiber optic,No,No
1133-KXCGE,No,0,0.041281181191654276,No,Low Risk,20.1,0.0,18,One year,Mailed check,No,No internet service,No internet service
5236-PERKL,Yes,1,0.13022210226392172,No,Low Risk,112.95,0.0,57,Two year,Bank transfer (automatic),Fiber optic,No,Yes
0142-GVYSN,No,0,0.12096402223674221,No,Low Risk,20.3,0.0,26,Month-to-month,Electronic check,No,No internet service,No internet service
1049-FYSYG,No,0,0.23602428174535411,No,Low Risk,35.65,0.0,17,Month-to-month,Credit card (automatic),DSL,No,No
7854-FOKSF,Yes,1,0.6134418482496382,Yes,High Risk,35.9,35.9,1,Month-to-month,Electronic check,DSL,No,No
2519-FAKOD,Yes,1,0.4675511650393867,No,Medium Risk,99.25,0.0,38,Month-to-month,Bank transfer (automatic),Fiber optic,No,No
8406-LNMHF,No,0,0.06747920325299628,No,Low Risk,82.95,0.0,59,One year,Credit card (automatic),Fiber optic,No,Yes
1821-BUCWY,No,0,0.04315166842554851,No,Low Risk,55.65,0.0,30,Two year,Mailed check,DSL,No,Yes
8263-JQAIK,Yes,1,0.6353912706924336,Yes,High Risk,24.45,24.45,2,Month-to-month,Mailed check,DSL,No,No
0023-UYUPN,No,0,0.07137083191067514,No,Low Risk,25.2,0.0,50,One year,Electronic check,No,No internet service,No internet service
8314-DPQHL,No,0,0.08912795829473283,No,Low Risk,50.8,0.0,9,One year,Mailed check,DSL,Yes,Yes
1465-WCZVT,No,0,0.16616810074704944,No,Low Risk,19.65,0.0,3,Month-to-month,Mailed check,No,No internet service,No internet service
9481-SFCQY,No,0,0.27445759153134375,No,Low Risk,59.8,0.0,14,Month-to-month,Credit card (automatic),DSL,No,No
6360-SVNWV,No,0,0.2912132759828447,No,Low Risk,73.55,0.0,31,Month-to-month,Credit card (automatic),Fiber optic,No,Yes
0567-GGCAC,No,0,0.17967469072317546,No,Low Risk,61.4,0.0,7,Month-to-month,Electronic check,DSL,No,Yes
7089-IVVAZ,Yes,1,0.5358533260757345,Yes,Medium Risk,103.35,0.0,8,Month-to-month,Bank transfer (automatic),Fiber optic,Yes,Yes
8884-MRNSU,No,0,0.04619150503289482,No,Low Risk,19.9,0.0,17,One year,Bank transfer (automatic),No,No internet service,No internet service
2171-UDMFD,No,0,0.08230403539091238,No,Low Risk,19.45,0.0,32,Month-to-month,Credit card (automatic),No,No internet service,No internet service
9050-IKDZA,No,0,0.6486250658677833,Yes,High Risk,81.5,81.5,2,Month-to-month,Mailed check,Fiber optic,No,No
2205-YMZZJ,Yes,1,0.7410657991991583,Yes,High Risk,84.8,84.8,7,Month-to-month,Electronic check,Fiber optic,No,No
9802-CAQUT,No,0,0.05411590439503924,No,Low Risk,109.55,0.0,72,Two year,Credit card (automatic),Fiber optic,No,Yes
1254-IZEYF,Yes,1,0.6157747224722351,Yes,High Risk,99.95,99.95,31,Month-to-month,Electronic check,Fiber optic,No,No
0187-WZNAB,No,0,0.1916971853411909,No,Low Risk,74.4,0.0,27,Month-to-month,Mailed check,Fiber optic,No,Yes
9492-TOKRI,Yes,1,0.4063762838041241,No,Medium Risk,90.0,0.0,18,Month-to-month,Credit card (automatic),Fiber optic,No,No
1475-VWVDO,No,0,0.6069480389942182,Yes,High Risk,74.9,74.9,7,Month-to-month,Electronic check,Fiber optic,No,No
9221-OTIVJ,Yes,1,0.7577206074620099,Yes,High Risk,104.85,104.85,14,Month-to-month,Electronic check,Fiber optic,No,No
1357-MVDOZ,No,0,0.28704059700071727,No,Low Risk,59.65,0.0,11,Month-to-month,Bank transfer (automatic),DSL,No,No
7602-MVRMB,No,0,0.04568598397347148,No,Low Risk,110.45,0.0,72,Two year,Bank transfer (automatic),Fiber optic,Yes,Yes
3325-FUYCG,Yes,1,0.2628717046763883,No,Low Risk,106.1,0.0,28,One year,Electronic check,Fiber optic,No,Yes
5908-QMGOE,Yes,1,0.565491507676879,Yes,Medium Risk,74.2,0.0,15,Month-to-month,Credit card (automatic),Fiber optic,No,No
1197-BVMVG,No,0,0.737851335286519,Yes,High Risk,74.45,74.45,4,Month-to-month,Electronic check,Fiber optic,No,No
5406-KGRMX,No,0,0.02805536620003352,No,Low Risk,24.55,0.0,71,Two year,Electronic check,No,No internet service,No internet service
8481-YYXWG,Yes,1,0.6125933157605757,Yes,High Risk,89.35,89.35,5,Month-to-month,Electronic check,Fiber optic,Yes,No
5968-HYJRZ,No,0,0.025140281571952163,No,Low Risk,24.55,0.0,47,Two year,Mailed check,No,No internet service,No internet service
5198-EFNBM,No,0,0.1439796010976132,No,Low Risk,90.65,0.0,57,One year,Electronic check,Fiber optic,No,No
7516-GMHUV,No,0,0.13243003903321962,No,Low Risk,105.05,0.0,50,Two year,Credit card (automatic),Fiber optic,No,Yes
7140-ADSMJ,No,0,0.12369953715314538,No,Low Risk,20.45,0.0,8,Month-to-month,Credit card (automatic),No,No internet service,No internet service
2230-XTUWL,No,0,0.022063916656277653,No,Low Risk,19.55,0.0,48,Two year,Mailed check,No,No internet service,No internet service
7706-YLMQA,No,0,0.034904334577817976,No,Low Risk,19.7,0.0,70,One year,Bank transfer (automatic),No,No internet service,No internet service
2585-KTFRE,No,0,0.3638575844296755,No,Medium Risk,70.45,0.0,1,Month-to-month,Bank transfer (automatic),DSL,Yes,Yes
7994-UYIVZ,No,0,0.6213518798897287,Yes,High Risk,85.65,85.65,8,Month-to-month,Bank transfer (automatic),Fiber optic,No,No
2609-IAICY,Yes,1,0.8357203923793614,Yes,High Risk,77.15,77.15,1,Month-to-month,Electronic check,Fiber optic,No,No
1740-CSDJP,Yes,1,0.6445631258208608,Yes,High Risk,35.25,35.25,1,Month-to-month,Bank transfer (automatic),DSL,No,No
7717-BICXI,No,0,0.020720675767412843,No,Low Risk,20.55,0.0,60,Two year,Mailed check,No,No internet service,No internet service
6559-RAKOZ,No,0,0.25295503997320123,No,Low Risk,97.95,0.0,49,One year,Electronic check,Fiber optic,Yes,No
2636-OHFMN,Yes,1,0.5288245064222629,Yes,Medium Risk,48.55,0.0,4,Month-to-month,Electronic check,DSL,No,No
4716-MRVEN,No,0,0.03713218255245417,No,Low Risk,20.0,0.0,29,One year,Mailed check,No,No internet service,No internet service
2143-LJULT,No,0,0.02428168161540493,No,Low Risk,25.25,0.0,67,Two year,Credit card (automatic),No,No internet service,No internet service
1323-OOEPC,Yes,1,0.3918658548771143,No,Medium Risk,98.4,0.0,53,Month-to-month,Credit card (automatic),Fiber optic,No,No
3200-MNQTF,No,0,0.024276013957702843,No,Low Risk,70.9,0.0,67,Two year,Credit card (automatic),DSL,Yes,Yes
6164-HXUGH,No,0,0.10294752311383841,No,Low Risk,19.85,0.0,6,Month-to-month,Mailed check,No,No internet service,No internet service
5630-IXDXV,No,0,0.5278154234838514,Yes,Medium Risk,106.35,0.0,47,Month-to-month,Electronic check,Fiber optic,No,No
0320-DWVTU,No,0,0.06185768137751142,No,Low Risk,99.5,0.0,53,Two year,Mailed check,Fiber optic,Yes,Yes
9135-MGVPY,No,0,0.027570846073044285,No,Low Risk,84.7,0.0,69,Two year,Mailed check,DSL,Yes,Yes
1212-GLHMD,No,0,0.5260024772332006,Yes,Medium Risk,86.05,0.0,3,Month-to-month,Mailed check,Fiber optic,No,Yes
7878-JGDKK,No,0,0.3390191747671947,No,Medium Risk,44.55,0.0,4,Month-to-month,Mailed check,DSL,No,No
1088-AUUZZ,No,0,0.028859921706569872,No,Low Risk,75.85,0.0,56,Two year,Credit card (automatic),DSL,Yes,Yes
0397-GZBBC,Yes,1,0.34382249166732926,No,Medium Risk,93.85,0.0,59,Month-to-month,Bank transfer (automatic),Fiber optic,No,No
6614-YWYSC,No,0,0.026511636459827015,No,Low Risk,25.0,0.0,61,Two year,Bank transfer (automatic),No,No internet service,No internet service
9588-OZDMQ,No,0,0.5711556664909222,Yes,Medium Risk,45.0,0.0,2,Month-to-month,Electronic check,DSL,No,No
7641-EUYET,Yes,1,0.42112687307696284,No,Medium Risk,100.7,0.0,46,Month-to-month,Electronic check,Fiber optic,No,Yes
6476-EPYZR,No,0,0.09879272168175501,No,Low Risk,20.5,0.0,12,Month-to-month,Mailed check,No,No internet service,No internet service
9921-ZVRHG,Yes,1,0.633078840663025,Yes,High Risk,80.45,80.45,14,Month-to-month,Electronic check,Fiber optic,No,No
1174-FGIFN,No,0,0.20560267060650034,No,Low Risk,90.45,0.0,28,One year,Electronic check,Fiber optic,Yes,No
6620-HVDUJ,No,0,0.07452671933670522,No,Low Risk,60.45,0.0,24,Month-to-month,Bank transfer (automatic),DSL,Yes,Yes
4701-MLJPN,Yes,1,0.18035697204024598,No,Low Risk,55.25,0.0,31,Month-to-month,Electronic check,DSL,Yes,No
1032-MAELW,No,0,0.07267161650010287,No,Low Risk,78.45,0.0,68,One year,Electronic check,DSL,Yes,Yes
7641-TQFHN,No,0,0.10666557634824432,No,Low Risk,100.55,0.0,39,Two year,Mailed check,Fiber optic,Yes,No
1552-TKMXS,No,0,0.06772157046635292,No,Low Risk,20.35,0.0,42,Month-to-month,Credit card (automatic),No,No internet service,No internet service
9206-GVPEQ,Yes,1,0.2693260222992523,No,Low Risk,54.45,0.0,13,Month-to-month,Electronic check,DSL,Yes,Yes
8622-ZLFKO,No,0,0.6925204629314196,Yes,High Risk,90.75,90.75,6,Month-to-month,Electronic check,Fiber optic,No,No
1596-BBVTG,Yes,1,0.30680935430822764,No,Medium Risk,75.35,0.0,35,Month-to-month,Credit card (automatic),Fiber optic,No,No
6188-UXBBR,No,0,0.045701483445277184,No,Low Risk,20.25,0.0,38,One year,Credit card (automatic),No,No internet service,No internet service
2333-KWEWW,No,0,0.024710116960603334,No,Low Risk,20.05,0.0,18,Two year,Credit card (automatic),No,No internet service,No internet service
5702-SKUOB,No,0,0.14575567919699448,No,Low Risk,19.6,0.0,4,Month-to-month,Mailed check,No,No internet service,No internet service
1134-YWTYF,No,0,0.16531277224895252,No,Low Risk,53.8,0.0,27,Month-to-month,Electronic check,DSL,Yes,No
6061-GWWAV,No,0,0.056558194649439286,No,Low Risk,70.2,0.0,41,One year,Mailed check,DSL,No,Yes
0679-TDGAK,No,0,0.0758342056493835,No,Low Risk,75.5,0.0,50,One year,Electronic check,DSL,Yes,Yes
6585-WCEWR,No,0,0.024240722967174104,No,Low Risk,20.35,0.0,72,Two year,Electronic check,No,No internet service,No internet service
9067-YGSCA,No,0,0.04034262103235073,No,Low Risk,26.05,0.0,70,One year,Credit card (automatic),No,No internet service,No internet service
9067-SQTNS,No,0,0.03692758139743251,No,Low Risk,20.6,0.0,44,One year,Bank transfer (automatic),No,No internet service,No internet service
8433-WXGNA,Yes,1,0.54355503651123,Yes,Medium Risk,75.7,0.0,2,Month-to-month,Electronic check,Fiber optic,No,Yes
1776-SPBWV,No,0,0.04439119875938083,No,Low Risk,20.1,0.0,34,One year,Bank transfer (automatic),No,No internet service,No internet service
8735-SDUFN,No,0,0.02325211813512593,No,Low Risk,24.3,0.0,72,Two year,Bank transfer (automatic),No,No internet service,No internet service
9668-PUGNU,No,0,0.031574013263213095,No,Low Risk,24.5,0.0,71,Two year,Electronic check,No,No internet service,No internet service
9405-GPBBG,No,0,0.09388707619571746,No,Low Risk,110.5,0.0,64,Two year,Credit card (automatic),Fiber optic,Yes,No
1926-QUZNN,No,0,0.02129033284753065,No,Low Risk,25.25,0.0,72,Two year,Bank transfer (automatic),No,No internet service,No internet service
3707-GNWHM,Yes,1,0.784069283306234,Yes,High Risk,74.25,74.25,1,Month-to-month,Mailed check,Fiber optic,No,No
7016-NVRIC,No,0,0.12339059033793696,No,Low Risk,90.1,0.0,29,One year,Bank transfer (automatic),Fiber optic,No,Yes
5829-NVSQN,No,0,0.06453611673023894,No,Low Risk,68.75,0.0,23,One year,Bank transfer (automatic),DSL,Yes,Yes
9565-AXSMR,No,0,0.022063916656277653,No,Low Risk,19.2,0.0,52,Two year,Mailed check,No,No internet service,No internet service
8922-LIEGH,Yes,1,0.5419835686315128,Yes,Medium Risk,89.7,0.0,25,Month-to-month,Electronic check,Fiber optic,No,No
8869-LIHMK,No,0,0.07412352329266998,No,Low Risk,115.1,0.0,64,Two year,Bank transfer (automatic),Fiber optic,Yes,Yes
8245-UMPYT,Yes,1,0.7502957945927965,Yes,High Risk,96.4,96.4,16,Month-to-month,Electronic check,Fiber optic,No,No
5186-SAMNZ,Yes,1,0.8084188333063866,Yes,High Risk,69.5,69.5,1,Month-to-month,Bank transfer (automatic),Fiber optic,No,No
0447-RXSGD,No,0,0.5429132466790472,Yes,Medium Risk,99.65,0.0,24,Month-to-month,Bank transfer (automatic),Fiber optic,No,No
4927-WWOOZ,No,0,0.7761501977109874,Yes,High Risk,91.45,91.45,2,Month-to-month,Electronic check,Fiber optic,No,No
5788-YPOEG,No,0,0.029383477754124202,No,Low Risk,84.75,0.0,34,Two year,Mailed check,DSL,Yes,Yes
5373-SFODM,Yes,1,0.4333483666824466,No,Medium Risk,85.25,0.0,36,Month-to-month,Credit card (automatic),Fiber optic,No,No
0661-KBKPA,No,0,0.09371310571298717,No,Low Risk,78.75,0.0,53,One year,Mailed check,DSL,Yes,No
9081-WWXKP,No,0,0.022063916656277653,No,Low Risk,20.25,0.0,47,Two year,Credit card (automatic),No,No internet service,No internet service
0784-ZQJZX,No,0,0.018159855412516312,No,Low Risk,19.9,0.0,72,Two year,Credit card (automatic),No,No internet service,No internet service
3133-PZNSR,No,0,0.04549771810145708,No,Low Risk,97.75,0.0,72,Two year,Credit card (automatic),Fiber optic,Yes,Yes
5766-ZJYBB,Yes,1,0.29872100466145696,No,Low Risk,19.4,0.0,1,Month-to-month,Mailed check,No,No internet service,No internet service
8931-GJJIQ,Yes,1,0.6875254865095525,Yes,High Risk,83.3,83.3,9,Month-to-month,Electronic check,Fiber optic,No,No
4277-PVRAN,Yes,1,0.5595843371764148,Yes,Medium Risk,80.1,0.0,8,Month-to-month,Bank transfer (automatic),Fiber optic,No,No
0022-TCJCI,Yes,1,0.08053734397360086,No,Low Risk,62.7,0.0,45,One year,Credit card (automatic),DSL,No,Yes
0722-SVSFK,No,0,0.6923939150263728,Yes,High Risk,100.4,100.4,7,Month-to-month,Electronic check,Fiber optic,Yes,No
3612-YVGSJ,No,0,0.02129033284753065,No,Low Risk,24.45,0.0,71,Two year,Credit card (automatic),No,No internet service,No internet service
9825-YCXWZ,No,0,0.21773585880520893,No,Low Risk,101.1,0.0,41,One year,Bank transfer (automatic),Fiber optic,Yes,No
5397-NSKQG,No,0,0.04535803265058931,No,Low Risk,50.9,0.0,67,Two year,Credit card (automatic),DSL,No,Yes
8565-HBFNN,No,0,0.12127595728181655,No,Low Risk,107.2,0.0,69,One year,Credit card (automatic),Fiber optic,Yes,Yes
2000-DHJUY,No,0,0.03127727036254145,No,Low Risk,92.2,0.0,70,Two year,Bank transfer (automatic),DSL,Yes,Yes
0203-HHYIJ,Yes,1,0.04842483623932937,No,Low Risk,25.3,0.0,25,One year,Bank transfer (automatic),No,No internet service,No internet service
8670-ERCJH,No,0,0.04368352733544589,No,Low Risk,113.4,0.0,72,Two year,Bank transfer (automatic),Fiber optic,Yes,Yes
7758-UJWYS,No,0,0.07704060659426666,No,Low Risk,40.55,0.0,34,Two year,Electronic check,DSL,Yes,No
2050-ONYDQ,No,0,0.023127038226193948,No,Low Risk,26.0,0.0,65,Two year,Credit card (automatic),No,No internet service,No internet service
7055-JCGNI,No,0,0.07412352329266998,No,Low Risk,111.95,0.0,70,Two year,Credit card (automatic),Fiber optic,Yes,Yes
0739-UUAJR,No,0,0.04130211002471173,No,Low Risk,53.8,0.0,72,Two year,Credit card (automatic),DSL,No,Yes
4826-DXMUP,No,0,0.08849653211561481,No,Low Risk,72.1,0.0,35,One year,Mailed check,DSL,Yes,No
0952-KMEEH,Yes,1,0.50774827162132,Yes,Medium Risk,98.15,0.0,13,Month-to-month,Mailed check,Fiber optic,No,Yes
7285-KLOTR,No,0,0.1643680865442069,No,Low Risk,78.85,0.0,12,One year,Electronic check,DSL,No,Yes
0654-PQKDW,No,0,0.04571953637864804,No,Low Risk,70.75,0.0,62,One year,Bank transfer (automatic),DSL,Yes,Yes
7175-NTIXE,No,0,0.13154124149363067,No,Low Risk,76.15,0.0,25,Month-to-month,Credit card (automatic),DSL,Yes,Yes
7963-SHNDT,No,0,0.02658044813592202,No,Low Risk,39.1,0.0,52,Two year,Mailed check,DSL,Yes,Yes
9796-BPKIW,No,0,0.5582874798449273,Yes,Medium Risk,69.95,0.0,8,Month-to-month,Credit card (automatic),Fiber optic,No,No
0188-GWFLE,No,0,0.19124710041482818,No,Low Risk,20.05,0.0,2,Month-to-month,Mailed check,No,No internet service,No internet service
8129-GMVGI,No,0,0.021530871166499266,No,Low Risk,20.05,0.0,56,Two year,Mailed check,No,No internet service,No internet service
2882-DDZPG,No,0,0.09930474927834759,No,Low Risk,19.45,0.0,12,Month-to-month,Bank transfer (automatic),No,No internet service,No internet service
3547-LQRIK,No,0,0.059714532772205016,No,Low Risk,26.9,0.0,47,One year,Electronic check,No,No internet service,No internet service
9137-NOQKA,No,0,0.3183198900937237,No,Medium Risk,19.2,0.0,2,Month-to-month,Electronic check,No,No internet service,No internet service
5843-TTHGI,No,0,0.19479227434576415,No,Low Risk,50.0,0.0,18,Month-to-month,Mailed check,DSL,No,No
1849-RJYIG,No,0,0.28654411642196814,No,Low Risk,60.0,0.0,8,Month-to-month,Electronic check,DSL,No,Yes
8868-GAGIO,No,0,0.2262209717428564,No,Low Risk,84.55,0.0,45,Month-to-month,Mailed check,Fiber optic,No,Yes
4061-UKJWL,No,0,0.3773528888370504,No,Medium Risk,45.45,0.0,3,Month-to-month,Mailed check,DSL,No,No
5380-XPJNZ,No,0,0.03713218255245417,No,Low Risk,20.05,0.0,38,One year,Mailed check,No,No internet service,No internet service
8263-QMNTJ,No,0,0.06536820220674018,No,Low Risk,115.55,0.0,72,Two year,Electronic check,Fiber optic,Yes,Yes
8178-EYZUO,Yes,1,0.34027958487931037,No,Medium Risk,93.7,0.0,46,Month-to-month,Electronic check,Fiber optic,No,Yes
3230-JCNZS,No,0,0.06180926793312957,No,Low Risk,99.0,0.0,71,Two year,Credit card (automatic),Fiber optic,No,Yes
0277-ORXQS,No,0,0.04341396139324929,No,Low Risk,50.55,0.0,66,Two year,Bank transfer (automatic),DSL,Yes,No
5130-IEKQT,Yes,1,0.5139370778567257,Yes,Medium Risk,105.95,0.0,25,Month-to-month,Mailed check,Fiber optic,No,No
3230-WYKIR,Yes,1,0.1211328519589946,No,Low Risk,82.0,0.0,18,One year,Credit card (automatic),DSL,Yes,No
7996-BPXHY,No,0,0.04312243742272418,No,Low Risk,25.0,0.0,13,Two year,Bank transfer (automatic),No,No internet service,No internet service
3227-WLKLI,No,0,0.02995046707021609,No,Low Risk,91.55,0.0,65,Two year,Bank transfer (automatic),DSL,Yes,Yes
0407-BDJKB,Yes,1,0.3819451316885535,No,Medium Risk,95.75,0.0,60,Month-to-month,Electronic check,Fiber optic,No,No
2266-FUBDZ,No,0,0.031171919019891293,No,Low Risk,19.35,0.0,15,Two year,Mailed check,No,No internet service,No internet service
8237-ULIXL,No,0,0.02038926741407629,No,Low Risk,24.85,0.0,72,Two year,Credit card (automatic),No,No internet service,No internet service
9600-UDOPK,Yes,1,0.4696762789193138,No,Medium Risk,94.05,0.0,30,Month-to-month,Credit card (automatic),Fiber optic,No,No
8216-AZUUZ,No,0,0.15284391188150082,No,Low Risk,100.4,0.0,42,Two year,Electronic check,Fiber optic,Yes,No
9153-BTBVV,No,0,0.02038926741407629,No,Low Risk,25.0,0.0,71,Two year,Bank transfer (automatic),No,No internet service,No internet service
4074-SJFFA,Yes,1,0.6562439600229955,Yes,High Risk,54.75,54.75,1,Month-to-month,Mailed check,DSL,No,No
3269-ATYWD,Yes,1,0.48445681517120154,No,Medium Risk,95.65,0.0,39,Month-to-month,Bank transfer (automatic),Fiber optic,No,No
5186-PEIZU,No,0,0.06772157046635292,No,Low Risk,19.25,0.0,35,Month-to-month,Bank transfer (automatic),No,No internet service,No internet service
1074-AMIOH,No,0,0.3214823781337907,No,Medium Risk,108.25,0.0,53,Month-to-month,Bank transfer (automatic),Fiber optic,Yes,No
4910-GMJOT,Yes,1,0.8736868667133911,Yes,High Risk,94.6,94.6,1,Month-to-month,Electronic check,Fiber optic,No,No
0354-WYROK,Yes,1,0.515681320082608,Yes,Medium Risk,98.9,0.0,31,Month-to-month,Electronic check,Fiber optic,Yes,No
4361-FEBGN,No,0,0.022188061443804846,No,Low Risk,20.15,0.0,48,Two year,Credit card (automatic),No,No internet service,No internet service
7748-UMTRK,No,0,0.5733802895668265,Yes,Medium Risk,101.3,0.0,30,Month-to-month,Electronic check,Fiber optic,Yes,No
0380-ZCSBI,No,0,0.09930474927834759,No,Low Risk,20.0,0.0,10,Month-to-month,Credit card (automatic),No,No internet service,No internet service
7145-FEJWU,No,0,0.7325609271984764,Yes,High Risk,105.3,105.3,12,Month-to-month,Electronic check,Fiber optic,No,No
6463-MVYRY,No,0,0.034053340577602696,No,Low Risk,69.85,0.0,57,Two year,Bank transfer (automatic),DSL,Yes,Yes
3969-JQABI,No,0,0.112818401975916,No,Low Risk,65.25,0.0,58,Month-to-month,Credit card (automatic),DSL,No,Yes
9624-EGDEQ,No,0,0.022188061443804846,No,Low Risk,19.8,0.0,37,Two year,Mailed check,No,No internet service,No internet service
1051-EQPZR,No,0,0.0673602108474518,No,Low Risk,19.6,0.0,44,Month-to-month,Mailed check,No,No internet service,No internet service
5849-ASHZJ,No,0,0.03692758139743251,No,Low Risk,20.05,0.0,27,One year,Credit card (automatic),No,No internet service,No internet service
5780-INQIK,No,0,0.21437662896071183,No,Low Risk,49.4,0.0,8,Month-to-month,Electronic check,DSL,Yes,No
7576-OYWBN,Yes,1,0.737851335286519,Yes,High Risk,76.05,76.05,3,Month-to-month,Electronic check,Fiber optic,No,No
4526-ZJJTM,No,0,0.33528328204509716,No,Medium Risk,88.4,0.0,25,Month-to-month,Bank transfer (automatic),Fiber optic,No,No
8384-FZBJK,No,0,0.4780212837799293,No,Medium Risk,100.6,0.0,57,Month-to-month,Electronic check,Fiber optic,No,No
3750-RNQKR,No,0,0.09930474927834759,No,Low Risk,19.45,0.0,12,Month-to-month,Mailed check,No,No internet service,No internet service
0962-CQPWQ,No,0,0.020720675767412843,No,Low Risk,20.3,0.0,62,Two year,Bank transfer (automatic),No,No internet service,No internet service
3096-YXENJ,No,0,0.09388707619571746,No,Low Risk,107.65,0.0,65,Two year,Bank transfer (automatic),Fiber optic,Yes,No
1265-BCFEO,No,0,0.040642272609342056,No,Low Risk,80.45,0.0,71,Two year,Bank transfer (automatic),DSL,Yes,No
5837-LXSDN,No,0,0.09568893467827044,No,Low Risk,58.85,0.0,21,One year,Credit card (automatic),DSL,No,No
5945-AZYHT,No,0,0.19734108542125578,No,Low Risk,109.6,0.0,71,One year,Electronic check,Fiber optic,No,Yes
8325-QRPZR,No,0,0.6069480389942182,Yes,High Risk,75.15,75.15,7,Month-to-month,Electronic check,Fiber optic,No,No
6384-VMJHP,No,0,0.0211251989211842,No,Low Risk,73.0,0.0,72,Two year,Credit card (automatic),DSL,Yes,Yes
2262-SLNVK,No,0,0.7343580511959091,Yes,High Risk,70.1,70.1,1,Month-to-month,Electronic check,Fiber optic,No,No
7730-CLDSV,No,0,0.05945512000281054,No,Low Risk,98.65,0.0,72,Two year,Bank transfer (automatic),Fiber optic,Yes,No
1135-HIORI,No,0,0.22392644568623418,No,Low Risk,111.45,0.0,64,One year,Electronic check,Fiber optic,Yes,No
0164-APGRB,No,0,0.06536820220674018,No,Low Risk,114.9,0.0,72,Two year,Electronic check,Fiber optic,Yes,Yes
6481-ESCNL,No,0,0.44271665433480567,No,Medium Risk,100.55,0.0,29,Month-to-month,Bank transfer (automatic),Fiber optic,No,No
1790-NESIO,No,0,0.038633147714775135,No,Low Risk,20.4,0.0,13,Two year,Mailed check,No,No internet service,No internet service
1550-EENBN,No,0,0.4098672360107161,No,Medium Risk,104.35,0.0,31,Month-to-month,Electronic check,Fiber optic,No,Yes
5539-TMZLF,Yes,1,0.8338856621320575,Yes,High Risk,69.75,69.75,1,Month-to-month,Electronic check,Fiber optic,No,No
4323-SADQS,Yes,1,0.23135091670530583,No,Low Risk,34.5,0.0,7,Month-to-month,Electronic check,DSL,Yes,Yes
4446-BZKHU,Yes,1,0.46444715524447344,No,Medium Risk,105.55,0.0,61,Month-to-month,Electronic check,Fiber optic,No,No
5202-IVJNU,Yes,1,0.16769131151609293,No,Low Risk,30.1,0.0,39,Month-to-month,Credit card (automatic),DSL,No,No
5976-JCJRH,Yes,1,0.5814146644230876,Yes,Medium Risk,70.3,0.0,10,Month-to-month,Electronic check,Fiber optic,No,No
8198-RKSZG,No,0,0.21151233363278288,No,Low Risk,80.45,0.0,14,Month-to-month,Credit card (automatic),DSL,Yes,No
0137-OCGAB,Yes,1,0.7713671318307822,Yes,High Risk,80.2,80.2,1,Month-to-month,Mailed check,Fiber optic,No,No
3351-NQLDI,Yes,1,0.09698381814875134,No,Low Risk,94.35,0.0,67,One year,Credit card (automatic),Fiber optic,Yes,Yes
9297-EONCV,No,0,0.026776781786140343,No,Low Risk,91.35,0.0,72,Two year,Bank transfer (automatic),DSL,Yes,Yes
7593-JNWRU,Yes,1,0.3203624088515371,No,Medium Risk,44.6,0.0,6,Month-to-month,Bank transfer (automatic),DSL,No,No
4588-YBNIB,Yes,1,0.3643492574644425,No,Medium Risk,19.6,0.0,1,Month-to-month,Mailed check,No,No internet service,No internet service
1069-QJOEE,No,0,0.054836533676391665,No,Low Risk,19.9,0.0,25,One year,Electronic check,No,No internet service,No internet service
3336-JORSO,Yes,1,0.5371599883184911,Yes,Medium Risk,110.45,0.0,33,Month-to-month,Electronic check,Fiber optic,Yes,No
7799-DSEWS,No,0,0.18038961041381255,No,Low Risk,68.35,0.0,18,Month-to-month,Electronic check,DSL,Yes,Yes
8766-PAFNE,No,0,0.03248255109303026,No,Low Risk,79.1,0.0,71,Two year,Credit card (automatic),DSL,Yes,No
5315-CKEQK,No,0,0.16670062488483067,No,Low Risk,51.0,0.0,28,One year,Electronic check,DSL,No,No
3130-ICDUP,No,0,0.49105505587387754,No,Medium Risk,80.55,0.0,2,Month-to-month,Credit card (automatic),Fiber optic,No,Yes
0820-FNRNX,No,0,0.1671957191886669,No,Low Risk,66.7,0.0,17,Month-to-month,Mailed check,DSL,Yes,No
0880-FVFWF,No,0,0.25633274051683724,No,Low Risk,86.4,0.0,56,Month-to-month,Electronic check,Fiber optic,No,Yes
4611-ANLQC,No,0,0.08774353116510572,No,Low Risk,50.05,0.0,60,One year,Electronic check,DSL,No,Yes
4213-HKBJO,No,0,0.02528128834911229,No,Low Risk,25.7,0.0,33,Two year,Credit card (automatic),No,No internet service,No internet service
2792-LSHWX,No,0,0.550966876694195,Yes,Medium Risk,83.4,0.0,1,Month-to-month,Mailed check,Fiber optic,Yes,Yes
5028-GZLDO,Yes,1,0.5465388237541301,Yes,Medium Risk,70.7,0.0,2,Month-to-month,Credit card (automatic),Fiber optic,No,No
0014-BMAQU,No,0,0.03696780949919515,No,Low Risk,84.65,0.0,63,Two year,Credit card (automatic),Fiber optic,Yes,Yes
6861-XWTWQ,Yes,1,0.8095966637247521,Yes,High Risk,99.25,99.25,7,Month-to-month,Electronic check,Fiber optic,No,No
9018-PCIOK,No,0,0.049768155850239006,No,Low Risk,64.75,0.0,55,Two year,Mailed check,DSL,No,No
4837-QUSFT,No,0,0.11100833157066774,No,Low Risk,100.15,0.0,65,One year,Bank transfer (automatic),Fiber optic,Yes,Yes
6877-TJMBR,Yes,1,0.7728257535751002,Yes,High Risk,84.8,84.8,1,Month-to-month,Electronic check,Fiber optic,Yes,No
9953-ZMKSM,No,0,0.02325702251472386,No,Low Risk,25.25,0.0,63,Two year,Mailed check,No,No internet service,No internet service
0907-HQNTS,No,0,0.05231561141431551,No,Low Risk,113.0,0.0,70,Two year,Credit card (automatic),Fiber optic,Yes,Yes
7665-NKLAV,No,0,0.029232025156149418,No,Low Risk,40.65,0.0,36,Two year,Credit card (automatic),DSL,Yes,Yes
6769-DCQLI,Yes,1,0.1699111603174437,No,Low Risk,105.0,0.0,52,One year,Bank transfer (automatic),Fiber optic,Yes,No
2433-KMEAS,Yes,1,0.2599915321804764,No,Low Risk,54.45,0.0,22,Month-to-month,Electronic check,DSL,No,Yes
4391-LNRXK,No,0,0.3112339267207729,No,Medium Risk,94.95,0.0,22,Month-to-month,Bank transfer (automatic),Fiber optic,Yes,No
8250-ZNGGW,No,0,0.17471537793573982,No,Low Risk,59.9,0.0,5,Month-to-month,Credit card (automatic),DSL,Yes,Yes
2195-ZRVAX,Yes,1,0.363578686714584,No,Medium Risk,85.3,0.0,47,Month-to-month,Electronic check,Fiber optic,No,No
3550-SAHFP,Yes,1,0.509383462300358,Yes,Medium Risk,83.35,0.0,33,Month-to-month,Electronic check,Fiber optic,No,No
2011-TRQYE,Yes,1,0.21452485840246244,No,Low Risk,33.5,0.0,18,Month-to-month,Credit card (automatic),DSL,No,No
8562-GHPPI,No,0,0.2826017694481827,No,Low Risk,19.8,0.0,1,Month-to-month,Credit card (automatic),No,No internet service,No internet service
5893-PYOLZ,No,0,0.04042732270388998,No,Low Risk,81.8,0.0,56,Two year,Credit card (automatic),DSL,Yes,No
4986-MXSFP,No,0,0.22124700963647537,No,Low Risk,20.0,0.0,2,Month-to-month,Mailed check,No,No internet service,No internet service
6131-FOYAS,No,0,0.21127077739309272,No,Low Risk,59.6,0.0,35,Month-to-month,Electronic check,DSL,No,Yes
3027-YNWZU,No,0,0.02325702251472386,No,Low Risk,25.0,0.0,64,Two year,Credit card (automatic),No,No internet service,No internet service
5609-IMCGG,No,0,0.4140960569679919,No,Medium Risk,84.35,0.0,15,Month-to-month,Credit card (automatic),Fiber optic,No,Yes
4873-ILOLJ,Yes,1,0.5019992342417213,Yes,Medium Risk,90.35,0.0,24,Month-to-month,Electronic check,Fiber optic,No,No
4727-MCYZG,No,0,0.5801407283422007,Yes,Medium Risk,55.55,0.0,1,Month-to-month,Mailed check,DSL,No,No
9481-WHGWY,No,0,0.02952104201340374,No,Low Risk,75.35,0.0,70,Two year,Credit card (automatic),DSL,Yes,Yes
2725-KXXWT,Yes,1,0.8550338314190217,Yes,High Risk,90.75,90.75,1,Month-to-month,Electronic check,Fiber optic,No,No
9565-DJPIB,Yes,1,0.6079142503752442,Yes,High Risk,89.6,89.6,4,Month-to-month,Mailed check,Fiber optic,No,No
4328-VUFWD,No,0,0.08439887617547928,No,Low Risk,59.3,0.0,39,One year,Electronic check,DSL,Yes,No
3301-LSLWQ,No,0,0.23290426778258452,No,Low Risk,66.1,0.0,29,Month-to-month,Electronic check,DSL,No,Yes
7473-ZBDSN,No,0,0.031171919019891293,No,Low Risk,18.8,0.0,14,Two year,Mailed check,No,No internet service,No internet service
3166-PNEOF,No,0,0.033835615628949774,No,Low Risk,86.45,0.0,61,Two year,Credit card (automatic),DSL,Yes,Yes
5639-NTUPK,No,0,0.1753002408480543,No,Low Risk,52.1,0.0,13,Month-to-month,Credit card (automatic),DSL,No,Yes
8780-YRMTT,No,0,0.02612812873366203,No,Low Risk,47.4,0.0,66,Two year,Mailed check,DSL,Yes,Yes
8348-HFYIV,Yes,1,0.6712945119857573,Yes,High Risk,49.25,49.25,2,Month-to-month,Electronic check,DSL,No,No
5140-FOMCQ,No,0,0.17827040764514865,No,Low Risk,109.15,0.0,59,One year,Credit card (automatic),Fiber optic,No,Yes
6242-SGYTS,No,0,0.10773753213134833,No,Low Risk,94.95,0.0,62,One year,Credit card (automatic),Fiber optic,No,Yes
8166-ORCHU,No,0,0.14794462879229867,No,Low Risk,93.55,0.0,33,One year,Electronic check,Fiber optic,Yes,Yes
8414-OOEEL,No,0,0.036189651161704466,No,Low Risk,79.5,0.0,66,Two year,Credit card (automatic),DSL,Yes,No
8454-AATJP,No,0,0.04368352733544589,No,Low Risk,115.05,0.0,72,Two year,Credit card (automatic),Fiber optic,Yes,Yes
6849-WLEYG,Yes,1,0.29752040522897016,No,Low Risk,19.75,0.0,1,Month-to-month,Mailed check,No,No internet service,No internet service
4659-NZRUF,Yes,1,0.47454343923640613,No,Medium Risk,95.15,0.0,19,Month-to-month,Electronic check,Fiber optic,No,Yes
4531-AUZNK,No,0,0.11199454324729667,No,Low Risk,95.15,0.0,51,One year,Mailed check,Fiber optic,Yes,Yes
4191-XOVOM,No,0,0.3688275495855151,No,Medium Risk,105.4,0.0,63,Month-to-month,Electronic check,Fiber optic,Yes,No
2150-OEGBV,No,0,0.03713218255245417,No,Low Risk,20.1,0.0,27,One year,Bank transfer (automatic),No,No internet service,No internet service
8429-XIBUM,Yes,1,0.4794327167298349,No,Medium Risk,101.35,0.0,22,Month-to-month,Bank transfer (automatic),Fiber optic,No,Yes
1855-CFULU,No,0,0.17427343953831165,No,Low Risk,20.05,0.0,4,Month-to-month,Mailed check,No,No internet service,No internet service
4878-BUNFV,No,0,0.022063916656277653,No,Low Risk,20.7,0.0,42,Two year,Mailed check,No,No internet service,No internet service
1872-EBWSC,No,0,0.03713218255245417,No,Low Risk,20.35,0.0,29,One year,Mailed check,No,No internet service,No internet service
2608-BHKFN,Yes,1,0.6065023758185168,Yes,High Risk,70.05,70.05,4,Month-to-month,Credit card (automatic),Fiber optic,No,No
7026-YMSBE,No,0,0.03713218255245417,No,Low Risk,19.7,0.0,30,One year,Mailed check,No,No internet service,No internet service
7341-LXCAF,Yes,1,0.7119176124462673,Yes,High Risk,74.65,74.65,4,Month-to-month,Electronic check,Fiber optic,No,No
6997-UVGOX,No,0,0.023373449551191788,No,Low Risk,85.45,0.0,71,Two year,Bank transfer (automatic),DSL,Yes,Yes
9674-EHPPG,No,0,0.029875233523959113,No,Low Risk,40.4,0.0,46,Two year,Credit card (automatic),DSL,Yes,Yes
9462-MJUAW,Yes,1,0.3898217529945974,No,Medium Risk,50.4,0.0,4,Month-to-month,Mailed check,DSL,No,No
8128-YVJRG,Yes,1,0.467063376852687,No,Medium Risk,79.65,0.0,7,Month-to-month,Mailed check,Fiber optic,No,Yes
5440-VHLUL,No,0,0.16560350059329246,No,Low Risk,105.2,0.0,69,One year,Bank transfer (automatic),Fiber optic,Yes,No
5781-BKHOP,No,0,0.06576045544446808,No,Low Risk,100.65,0.0,72,Two year,Bank transfer (automatic),Fiber optic,No,Yes
4283-FUTGF,Yes,1,0.5754136189892308,Yes,Medium Risk,79.85,0.0,19,Month-to-month,Electronic check,Fiber optic,No,No
5213-TWWJU,No,0,0.30532740463296754,No,Medium Risk,91.0,0.0,28,Month-to-month,Electronic check,Fiber optic,Yes,No
1569-TTNYJ,Yes,1,0.6789704786787056,Yes,High Risk,78.75,78.75,5,Month-to-month,Electronic check,Fiber optic,No,No
8628-MFKAX,No,0,0.044481231375082655,No,Low Risk,116.75,0.0,72,Two year,Credit card (automatic),Fiber optic,Yes,Yes
2397-BRLOM,Yes,1,0.5969963726740138,Yes,Medium Risk,80.45,0.0,8,Month-to-month,Credit card (automatic),Fiber optic,No,No
7629-WIXZF,No,0,0.17124849754700644,No,Low Risk,59.1,0.0,7,One year,Electronic check,DSL,No,Yes
5445-GLVOT,No,0,0.21456689569061185,No,Low Risk,49.8,0.0,22,Month-to-month,Electronic check,DSL,No,Yes
3976-HXHCE,No,0,0.01826244383159915,No,Low Risk,19.3,0.0,72,Two year,Bank transfer (automatic),No,No internet service,No internet service
2466-NEJOJ,No,0,0.0993172638344018,No,Low Risk,19.65,0.0,8,Month-to-month,Credit card (automatic),No,No internet service,No internet service
0254-KCJGT,No,0,0.05865524012028028,No,Low Risk,81.4,0.0,52,One year,Credit card (automatic),DSL,Yes,Yes
5472-CVMDX,No,0,0.028849797958069932,No,Low Risk,38.9,0.0,68,Two year,Mailed check,DSL,Yes,Yes
6461-SZMCV,No,0,0.026225817068399517,No,Low Risk,87.95,0.0,71,Two year,Bank transfer (automatic),DSL,Yes,Yes
8150-QUDFX,No,0,0.1794584042671467,No,Low Risk,19.85,0.0,2,Month-to-month,Mailed check,No,No internet service,No internet service
9508-ILZDG,No,0,0.4658707763549059,No,Medium Risk,96.35,0.0,34,Month-to-month,Electronic check,Fiber optic,Yes,No
2346-DJQTB,No,0,0.2162969065532091,No,Low Risk,24.15,0.0,35,Month-to-month,Electronic check,DSL,No,No
1697-LYYYX,No,0,0.03471156649674788,No,Low Risk,19.1,0.0,61,One year,Credit card (automatic),No,No internet service,No internet service
1942-OQFRW,No,0,0.5514742599496962,Yes,Medium Risk,44.0,0.0,1,Month-to-month,Electronic check,DSL,No,No
4749-VFKVB,Yes,1,0.6175876460686649,Yes,High Risk,50.1,50.1,1,Month-to-month,Mailed check,DSL,No,No
9640-ZSLDC,No,0,0.07929004124942027,No,Low Risk,60.6,0.0,53,One year,Credit card (automatic),DSL,No,No
4231-LZUYM,No,0,0.02038926741407629,No,Low Risk,25.65,0.0,72,Two year,Bank transfer (automatic),No,No internet service,No internet service
7598-UAASY,Yes,1,0.5985195908806442,Yes,Medium Risk,76.4,0.0,2,Month-to-month,Electronic check,Fiber optic,No,No
7938-OUHIO,Yes,1,0.7377380097068378,Yes,High Risk,98.7,98.7,3,Month-to-month,Electronic check,Fiber optic,Yes,No
8510-AWCXC,Yes,1,0.697382733306001,Yes,High Risk,100.8,100.8,13,Month-to-month,Electronic check,Fiber optic,No,Yes
6128-AQBMT,No,0,0.35375174925888747,No,Medium Risk,53.95,0.0,41,Month-to-month,Electronic check,DSL,No,No
3594-BDSOA,No,0,0.04064838288920519,No,Low Risk,20.4,0.0,24,One year,Credit card (automatic),No,No internet service,No internet service
0431-APWVY,Yes,1,0.1721519388298788,No,Low Risk,90.1,0.0,28,One year,Bank transfer (automatic),Fiber optic,No,No
5133-VRSAB,No,0,0.19508369905882939,No,Low Risk,29.35,0.0,8,Month-to-month,Mailed check,DSL,No,Yes
5996-DAOQL,No,0,0.35666769182703767,No,Medium Risk,20.45,0.0,1,Month-to-month,Mailed check,No,No internet service,No internet service
6838-YAUVY,No,0,0.08253463475979685,No,Low Risk,95.1,0.0,54,Two year,Bank transfer (automatic),Fiber optic,Yes,No
0484-JPBRU,No,0,0.09892842489945576,No,Low Risk,25.25,0.0,41,Month-to-month,Bank transfer (automatic),No,No internet service,No internet service
7883-ROJOC,No,0,0.15185579228484516,No,Low Risk,44.9,0.0,19,Month-to-month,Mailed check,DSL,No,No
0244-LGNFY,No,0,0.02607968312218924,No,Low Risk,92.65,0.0,72,Two year,Bank transfer (automatic),DSL,Yes,Yes
7274-CGTOD,No,0,0.02612812873366203,No,Low Risk,43.7,0.0,62,Two year,Bank transfer (automatic),DSL,Yes,Yes
4295-YURET,No,0,0.0374612376537845,No,Low Risk,72.6,0.0,56,Two year,Credit card (automatic),DSL,Yes,Yes
3426-NIYYL,Yes,1,0.3089414592950475,No,Medium Risk,51.55,0.0,15,Month-to-month,Electronic check,DSL,No,No
8225-BTJAU,Yes,1,0.669744214417828,Yes,High Risk,79.25,79.25,10,Month-to-month,Electronic check,Fiber optic,No,No
4635-EJYPD,No,0,0.022063916656277653,No,Low Risk,18.95,0.0,32,Two year,Mailed check,No,No internet service,No internet service
1866-ZSLJM,No,0,0.0750221930391616,No,Low Risk,20.5,0.0,21,Month-to-month,Credit card (automatic),No,No internet service,No internet service
4636-TVXVG,No,0,0.03471156649674788,No,Low Risk,19.95,0.0,62,One year,Bank transfer (automatic),No,No internet service,No internet service
4236-UJPWO,No,0,0.5331038227615423,Yes,Medium Risk,24.5,0.0,2,Month-to-month,Electronic check,DSL,No,No
9392-XBGTD,No,0,0.022063916656277653,No,Low Risk,20.6,0.0,27,Two year,Mailed check,No,No internet service,No internet service
3387-VATUS,Yes,1,0.7562368307852361,Yes,High Risk,94.85,94.85,5,Month-to-month,Bank transfer (automatic),Fiber optic,No,No
6402-SSEJG,No,0,0.11568819533225963,No,Low Risk,61.05,0.0,25,One year,Electronic check,DSL,No,Yes
1143-NMNQJ,Yes,1,0.779429304086525,Yes,High Risk,85.7,85.7,2,Month-to-month,Electronic check,Fiber optic,No,No
1169-SAOCL,No,0,0.1955314359237525,No,Low Risk,106.65,0.0,49,One year,Bank transfer (automatic),Fiber optic,Yes,No
1110-KYLGQ,No,0,0.27691382144624194,No,Low Risk,108.25,0.0,63,Month-to-month,Credit card (automatic),Fiber optic,No,Yes
9929-PLVPA,No,0,0.14504271361941282,No,Low Risk,20.4,0.0,4,Month-to-month,Credit card (automatic),No,No internet service,No internet service
3518-PZXZQ,No,0,0.6571204483126537,Yes,High Risk,55.3,55.3,1,Month-to-month,Mailed check,DSL,No,No
2371-JUNGC,No,0,0.09930474927834759,No,Low Risk,20.25,0.0,11,Month-to-month,Mailed check,No,No internet service,No internet service
7693-QPEFS,No,0,0.3411179787646371,No,Medium Risk,72.95,0.0,52,Month-to-month,Bank transfer (automatic),Fiber optic,No,No
0924-BJCRC,No,0,0.30444523093928055,No,Medium Risk,89.45,0.0,60,Month-to-month,Electronic check,Fiber optic,No,No
5074-FBGHB,No,0,0.17349016269594492,No,Low Risk,104.65,0.0,64,One year,Credit card (automatic),Fiber optic,Yes,No
2351-BKRZW,No,0,0.04259596149428184,No,Low Risk,75.2,0.0,43,Two year,Bank transfer (automatic),DSL,No,Yes
4455-BFSPD,No,0,0.15621438533581392,No,Low Risk,101.15,0.0,61,One year,Bank transfer (automatic),Fiber optic,Yes,No
0415-MOSGF,Yes,1,0.512196654971884,Yes,Medium Risk,44.4,0.0,1,Month-to-month,Mailed check,DSL,No,No
1724-BQUHA,Yes,1,0.7564621887667785,Yes,High Risk,89.5,89.5,5,Month-to-month,Electronic check,Fiber optic,No,No
3948-KXDUF,No,0,0.024276013957702843,No,Low Risk,68.75,0.0,66,Two year,Bank transfer (automatic),DSL,Yes,Yes
2323-ARSVR,No,0,0.0940899448495731,No,Low Risk,111.05,0.0,67,Two year,Electronic check,Fiber optic,Yes,Yes
0815-MFZGM,No,0,0.11216470244831056,No,Low Risk,99.0,0.0,42,Two year,Credit card (automatic),Fiber optic,Yes,No
4826-XTSOH,Yes,1,0.8751019119212003,Yes,High Risk,86.05,86.05,1,Month-to-month,Electronic check,Fiber optic,No,No
5480-XTFFL,No,0,0.022063916656277653,No,Low Risk,21.0,0.0,31,Two year,Mailed check,No,No internet service,No internet service
8295-FHIVV,No,0,0.12809427176074242,No,Low Risk,19.4,0.0,7,Month-to-month,Mailed check,No,No internet service,No internet service
2495-INZWQ,Yes,1,0.5726860016057685,Yes,Medium Risk,44.55,0.0,4,Month-to-month,Electronic check,DSL,No,No
9086-YJYXS,No,0,0.11429391411673652,No,Low Risk,77.2,0.0,34,One year,Bank transfer (automatic),DSL,No,No
1179-INLAT,No,0,0.10730096455759981,No,Low Risk,19.45,0.0,3,One year,Mailed check,No,No internet service,No internet service
7909-FIOIY,No,0,0.22461579691039774,No,Low Risk,24.85,0.0,19,Month-to-month,Mailed check,DSL,No,No
4139-SUGLD,Yes,1,0.09274157683848737,No,Low Risk,35.4,0.0,31,Month-to-month,Bank transfer (automatic),DSL,Yes,Yes
6857-VWJDT,Yes,1,0.7930263324538586,Yes,High Risk,95.65,95.65,1,Month-to-month,Mailed check,Fiber optic,No,No
6351-SCJKT,No,0,0.23231883776437048,No,Low Risk,41.35,0.0,3,Month-to-month,Mailed check,DSL,Yes,Yes
5468-BPMMO,No,0,0.08889570097676655,No,Low Risk,19.6,0.0,46,Month-to-month,Electronic check,No,No internet service,No internet service
5624-BQSSA,Yes,1,0.29872100466145696,No,Low Risk,20.95,0.0,1,Month-to-month,Mailed check,No,No internet service,No internet service
0197-PNKNK,No,0,0.07545917467854135,No,Low Risk,84.45,0.0,69,One year,Bank transfer (automatic),Fiber optic,No,Yes
2439-QKJUL,No,0,0.14575567919699448,No,Low Risk,20.25,0.0,5,Month-to-month,Mailed check,No,No internet service,No internet service
1194-SPVSP,No,0,0.29872100466145696,No,Low Risk,19.65,0.0,1,Month-to-month,Bank transfer (automatic),No,No internet service,No internet service
9534-NSXEM,No,0,0.045701483445277184,No,Low Risk,20.65,0.0,26,One year,Credit card (automatic),No,No internet service,No internet service
2408-WITXK,Yes,1,0.507293892505294,Yes,Medium Risk,34.7,0.0,10,Month-to-month,Electronic check,DSL,No,No
8929-KSWIH,No,0,0.12187949850329607,No,Low Risk,99.3,0.0,25,Two year,Bank transfer (automatic),Fiber optic,Yes,No
2250-IVBWA,No,0,0.17565669982124046,No,Low Risk,81.05,0.0,64,Month-to-month,Electronic check,Fiber optic,No,Yes
1810-MVMAI,No,0,0.10714943032498339,No,Low Risk,67.6,0.0,30,Month-to-month,Electronic check,DSL,Yes,Yes
9506-UXUSK,No,0,0.5453054669759834,Yes,Medium Risk,70.15,0.0,13,Month-to-month,Electronic check,Fiber optic,No,No
1229-RCALF,No,0,0.19237032518875471,No,Low Risk,115.0,0.0,64,One year,Electronic check,Fiber optic,Yes,Yes
3572-UOLYZ,No,0,0.23463439077304618,No,Low Risk,84.8,0.0,46,Month-to-month,Bank transfer (automatic),Fiber optic,Yes,No
1429-UYJSV,No,0,0.055295591634267206,No,Low Risk,19.7,0.0,12,One year,Mailed check,No,No internet service,No internet service
5577-OTWWW,Yes,1,0.0938679944595526,No,Low Risk,19.75,0.0,15,Month-to-month,Bank transfer (automatic),No,No internet service,No internet service
6100-QQHEB,Yes,1,0.654877835779873,Yes,High Risk,92.55,92.55,17,Month-to-month,Electronic check,Fiber optic,No,No
6366-XIVKZ,No,0,0.18965486290487374,No,Low Risk,63.15,0.0,13,Month-to-month,Mailed check,DSL,No,Yes
3470-OBUET,No,0,0.027414109042597126,No,Low Risk,74.0,0.0,67,Two year,Credit card (automatic),DSL,Yes,Yes
2770-NSVDG,No,0,0.23924080256687985,No,Low Risk,29.1,0.0,24,Month-to-month,Electronic check,DSL,No,No
9375-MHRRS,No,0,0.19599279828873828,No,Low Risk,50.05,0.0,6,Month-to-month,Mailed check,DSL,Yes,No
2634-HCZGT,Yes,1,0.10363447040861658,No,Low Risk,60.05,0.0,53,One year,Electronic check,DSL,Yes,Yes
7503-QQRVF,Yes,1,0.4592179962238047,No,Medium Risk,74.3,0.0,16,Month-to-month,Credit card (automatic),Fiber optic,No,No
4860-YZGZM,No,0,0.12386045913501274,No,Low Risk,20.0,0.0,10,Month-to-month,Electronic check,No,No internet service,No internet service
6599-GZWCM,No,0,0.18429299824053305,No,Low Risk,74.65,0.0,13,One year,Mailed check,Fiber optic,No,No
2691-NZETQ,Yes,1,0.7072832845396814,Yes,High Risk,85.35,85.35,9,Month-to-month,Electronic check,Fiber optic,No,No
4404-HIBDJ,Yes,1,0.047768911782952984,No,Low Risk,74.3,0.0,25,One year,Mailed check,DSL,Yes,Yes
5533-NHFRF,No,0,0.3595630470175944,No,Medium Risk,44.4,0.0,7,Month-to-month,Electronic check,DSL,Yes,No
7037-MTYVW,No,0,0.04355951775303173,No,Low Risk,85.4,0.0,38,Two year,Bank transfer (automatic),DSL,Yes,Yes
4760-THGOT,No,0,0.3833920589523593,No,Medium Risk,94.1,0.0,43,Month-to-month,Electronic check,Fiber optic,No,Yes
7295-JOMMD,Yes,1,0.6904332905172476,Yes,High Risk,98.1,98.1,4,Month-to-month,Bank transfer (automatic),Fiber optic,Yes,No
4016-BJKTZ,No,0,0.18492063014405594,No,Low Risk,108.9,0.0,25,Two year,Electronic check,Fiber optic,Yes,No
6584-VQMYT,No,0,0.047205447583827456,No,Low Risk,56.2,0.0,27,One year,Mailed check,DSL,No,Yes
9838-BFCQT,No,0,0.020274978401497466,No,Low Risk,26.1,0.0,72,Two year,Mailed check,No,No internet service,No internet service
2790-XUYMV,No,0,0.061128314597393596,No,Low Risk,85.45,0.0,71,One year,Credit card (automatic),Fiber optic,No,Yes
0581-MDMPW,No,0,0.4266954736287895,No,Medium Risk,88.95,0.0,24,Month-to-month,Credit card (automatic),Fiber optic,No,No
5013-SBUIH,Yes,1,0.1281169240261574,No,Low Risk,109.65,0.0,50,Two year,Electronic check,Fiber optic,Yes,Yes
1023-BQXZE,No,0,0.04631382553834367,No,Low Risk,74.35,0.0,57,Two year,Bank transfer (automatic),DSL,No,Yes
9163-GHAYE,No,0,0.22809330310460524,No,Low Risk,48.85,0.0,15,Month-to-month,Electronic check,DSL,No,No
3904-UKFRE,No,0,0.5977619168231008,Yes,Medium Risk,80.1,0.0,4,Month-to-month,Electronic check,Fiber optic,No,Yes
5353-WILCI,No,0,0.11695189330622902,No,Low Risk,56.05,0.0,28,Month-to-month,Electronic check,DSL,No,Yes
0709-TVGUR,Yes,1,0.6833222064448283,Yes,High Risk,74.55,74.55,9,Month-to-month,Electronic check,Fiber optic,No,No
0058-EVZWM,No,0,0.22997710026275034,No,Low Risk,89.8,0.0,55,Month-to-month,Bank transfer (automatic),Fiber optic,No,Yes
6023-YEBUP,Yes,1,0.8280957651334222,Yes,High Risk,100.95,100.95,3,Month-to-month,Electronic check,Fiber optic,No,No
7209-JCUDS,Yes,1,0.6878125682673004,Yes,High Risk,94.9,94.9,10,Month-to-month,Electronic check,Fiber optic,No,No
7009-PCARS,No,0,0.03604867929473934,No,Low Risk,19.1,0.0,55,One year,Bank transfer (automatic),No,No internet service,No internet service
0519-DRGTI,No,0,0.07462499583902941,No,Low Risk,20.35,0.0,20,Month-to-month,Mailed check,No,No internet service,No internet service
1017-FBQMM,No,0,0.16143710617378126,No,Low Risk,106.05,0.0,62,One year,Credit card (automatic),Fiber optic,Yes,No
3001-CBHLQ,Yes,1,0.5510554212290382,Yes,Medium Risk,104.9,0.0,32,Month-to-month,Electronic check,Fiber optic,Yes,No
1985-MBRYP,No,0,0.02740674878396731,No,Low Risk,19.65,0.0,43,Two year,Bank transfer (automatic),No,No internet service,No internet service
6158-DWPZT,Yes,1,0.1929672506775039,No,Low Risk,24.1,0.0,9,One year,Bank transfer (automatic),DSL,No,No
9372-TXXPS,No,0,0.021752762989245517,No,Low Risk,59.85,0.0,60,Two year,Bank transfer (automatic),DSL,Yes,Yes
3259-QMXUN,No,0,0.07018120282048633,No,Low Risk,86.1,0.0,58,Two year,Electronic check,DSL,No,Yes
1015-JPFYW,No,0,0.05742691762955648,No,Low Risk,19.45,0.0,7,One year,Mailed check,No,No internet service,No internet service
6645-MXQJT,No,0,0.5822218896421529,Yes,Medium Risk,97.1,0.0,2,Month-to-month,Electronic check,Fiber optic,No,Yes
4360-QRAVE,No,0,0.23100629038479098,No,Low Risk,36.65,0.0,37,Month-to-month,Electronic check,DSL,No,No
8433-WPJTV,No,0,0.16882486897462212,No,Low Risk,103.9,0.0,65,One year,Bank transfer (automatic),Fiber optic,Yes,No
5804-JMYIO,No,0,0.022063916656277653,No,Low Risk,19.75,0.0,39,Two year,Mailed check,No,No internet service,No internet service
3763-GCZHZ,Yes,1,0.22926465020405154,No,Low Risk,104.05,0.0,66,One year,Electronic check,Fiber optic,Yes,No
6484-LATFU,No,0,0.02325702251472386,No,Low Risk,24.55,0.0,68,Two year,Mailed check,No,No internet service,No internet service
7599-NTMDP,No,0,0.027300370108678945,No,Low Risk,48.7,0.0,62,Two year,Bank transfer (automatic),DSL,Yes,Yes
0772-GYEQQ,Yes,1,0.5904596954399565,Yes,Medium Risk,88.35,0.0,3,Month-to-month,Mailed check,Fiber optic,Yes,No
0536-ACXIP,No,0,0.08399464795705332,No,Low Risk,109.55,0.0,72,Two year,Electronic check,Fiber optic,No,Yes
0936-NQLJU,No,0,0.022188061443804846,No,Low Risk,20.65,0.0,41,Two year,Credit card (automatic),No,No internet service,No internet service
4831-EOBFE,Yes,1,0.28022468358786273,No,Low Risk,94.65,0.0,29,Month-to-month,Credit card (automatic),Fiber optic,No,Yes
1575-KRZZE,No,0,0.21615658796378373,No,Low Risk,55.2,0.0,4,Month-to-month,Electronic check,DSL,No,Yes
3251-YMVWZ,No,0,0.043787331559957704,No,Low Risk,24.05,0.0,53,One year,Bank transfer (automatic),No,No internet service,No internet service
4102-OQUPX,Yes,1,0.8469943135896922,Yes,High Risk,74.4,74.4,1,Month-to-month,Electronic check,Fiber optic,No,No
9170-GYZJC,Yes,1,0.09566220864735955,No,Low Risk,79.9,0.0,41,Month-to-month,Credit card (automatic),DSL,Yes,Yes
4884-LEVMQ,No,0,0.02740674878396731,No,Low Risk,20.45,0.0,39,Two year,Bank transfer (automatic),No,No internet service,No internet service
8857-CUPFQ,No,0,0.020837423718393398,No,Low Risk,19.25,0.0,63,Two year,Mailed check,No,No internet service,No internet service
7610-TVOPG,No,0,0.19429758824872648,No,Low Risk,26.35,0.0,15,Month-to-month,Electronic check,No,No internet service,No internet service
3638-DIMPH,No,0,0.13661524814625528,No,Low Risk,43.8,0.0,13,One year,Electronic check,DSL,No,No
1845-ZLLIG,No,0,0.5429459107545518,Yes,Medium Risk,50.15,0.0,1,Month-to-month,Mailed check,DSL,No,No
8559-WNQZS,No,0,0.10797150540864477,No,Low Risk,20.45,0.0,1,Two year,Mailed check,No,No internet service,No internet service
3999-QGRJH,Yes,1,0.6221389714343472,Yes,High Risk,69.7,69.7,8,Month-to-month,Electronic check,Fiber optic,No,No
1699-UOTXU,No,0,0.039356122070530845,No,Low Risk,61.4,0.0,60,Two year,Electronic check,DSL,No,Yes
2454-RPBRZ,Yes,1,0.7233330754351832,Yes,High Risk,98.1,98.1,12,Month-to-month,Electronic check,Fiber optic,No,No
0635-WKOLD,No,0,0.06734944346000037,No,Low Risk,70.75,0.0,40,One year,Credit card (automatic),DSL,Yes,No
5993-JSUWV,No,0,0.03141214264947864,No,Low Risk,61.15,0.0,66,Two year,Bank transfer (automatic),DSL,No,Yes
4518-FZBSX,No,0,0.03692758139743251,No,Low Risk,20.25,0.0,42,One year,Mailed check,No,No internet service,No internet service
5387-ASZNZ,No,0,0.04786576213192867,No,Low Risk,63.85,0.0,66,One year,Credit card (automatic),DSL,Yes,Yes
6988-CJEYV,No,0,0.4344628399541429,No,Medium Risk,98.7,0.0,49,Month-to-month,Electronic check,Fiber optic,No,No
2002-MZHWP,Yes,1,0.29872100466145696,No,Low Risk,20.5,0.0,1,Month-to-month,Mailed check,No,No internet service,No internet service
3097-FQTVJ,No,0,0.022188061443804846,No,Low Risk,20.0,0.0,41,Two year,Mailed check,No,No internet service,No internet service
5465-BUBFA,No,0,0.022063916656277653,No,Low Risk,19.3,0.0,41,Two year,Bank transfer (automatic),No,No internet service,No internet service
7299-GNVPL,No,0,0.15852125111175963,No,Low Risk,84.4,0.0,23,Month-to-month,Mailed check,Fiber optic,Yes,Yes
9743-DQKQW,No,0,0.5149221379462037,Yes,Medium Risk,25.1,0.0,3,Month-to-month,Electronic check,DSL,No,No
1215-VFYVK,No,0,0.2155690398613068,No,Low Risk,48.25,0.0,4,Month-to-month,Mailed check,DSL,Yes,Yes
9371-BITHB,No,0,0.022063916656277653,No,Low Risk,19.85,0.0,52,Two year,Mailed check,No,No internet service,No internet service
2265-CYWIV,Yes,1,0.7476184905710773,Yes,High Risk,99.6,99.6,4,Month-to-month,Electronic check,Fiber optic,No,Yes
9093-FPDLG,No,0,0.5186974396437048,Yes,Medium Risk,94.2,0.0,11,Month-to-month,Electronic check,Fiber optic,Yes,No
0541-FITGH,No,0,0.35484850578855465,No,Medium Risk,62.15,0.0,2,Month-to-month,Mailed check,DSL,No,Yes
6985-HAYWX,No,0,0.27624789733413013,No,Low Risk,79.3,0.0,26,Month-to-month,Bank transfer (automatic),Fiber optic,No,No
7508-KBIMB,No,0,0.0708554021365014,No,Low Risk,56.25,0.0,24,One year,Credit card (automatic),DSL,No,Yes
6838-HVLXG,No,0,0.09930474927834759,No,Low Risk,20.3,0.0,12,Month-to-month,Mailed check,No,No internet service,No internet service
2277-DJJDL,No,0,0.3857050368166188,No,Medium Risk,99.0,0.0,60,Month-to-month,Electronic check,Fiber optic,Yes,No
1897-OKVMW,No,0,0.029852797919000078,No,Low Risk,90.6,0.0,64,Two year,Mailed check,DSL,Yes,Yes
5485-ITNPC,No,0,0.027570846073044285,No,Low Risk,85.9,0.0,66,Two year,Bank transfer (automatic),DSL,Yes,Yes
0233-FTHAV,No,0,0.10312526992819913,No,Low Risk,79.2,0.0,60,One year,Bank transfer (automatic),Fiber optic,No,No
4644-PIZRT,No,0,0.11374237746242394,No,Low Risk,70.35,0.0,17,One year,Bank transfer (automatic),DSL,No,Yes
8922-NPKBJ,No,0,0.022063916656277653,No,Low Risk,19.35,0.0,42,Two year,Mailed check,No,No internet service,No internet service
2740-TVLFN,No,0,0.6784734910141745,Yes,High Risk,50.15,50.15,1,Month-to-month,Electronic check,DSL,No,No
7771-CFQRQ,No,0,0.03363103803453889,No,Low Risk,63.8,0.0,47,Two year,Bank transfer (automatic),DSL,Yes,No
9512-PHSMG,No,0,0.12306381547305874,No,Low Risk,20.55,0.0,10,Month-to-month,Mailed check,No,No internet service,No internet service
6963-EZQEE,No,0,0.03127727036254145,No,Low Risk,88.55,0.0,70,Two year,Credit card (automatic),DSL,Yes,Yes
2452-KDRRH,No,0,0.37188033028344164,No,Medium Risk,101.4,0.0,67,Month-to-month,Credit card (automatic),Fiber optic,No,No
2004-OCQXK,Yes,1,0.8365008288606641,Yes,High Risk,81.95,81.95,1,Month-to-month,Electronic check,Fiber optic,No,No
5027-QPKTE,Yes,1,0.6024437531119409,Yes,High Risk,69.35,69.35,7,Month-to-month,Electronic check,Fiber optic,No,No
4146-SVFUD,No,0,0.512196654971884,Yes,Medium Risk,44.6,0.0,1,Month-to-month,Mailed check,DSL,No,No
1564-HJUVY,No,0,0.30390218527085194,No,Medium Risk,63.75,0.0,4,Month-to-month,Bank transfer (automatic),DSL,Yes,No
3617-XLSGQ,No,0,0.08937918037642034,No,Low Risk,109.25,0.0,66,Two year,Bank transfer (automatic),Fiber optic,No,Yes
7517-LDMPS,No,0,0.5726339586027254,Yes,Medium Risk,84.6,0.0,12,Month-to-month,Electronic check,Fiber optic,No,No
7244-KXYZN,No,0,0.04064838288920519,No,Low Risk,20.45,0.0,24,One year,Credit card (automatic),No,No internet service,No internet service
5226-NOZFC,No,0,0.4336012272505105,No,Medium Risk,85.75,0.0,26,Month-to-month,Electronic check,Fiber optic,No,No
2672-HUYVI,Yes,1,0.7032257605136801,Yes,High Risk,91.1,91.1,6,Month-to-month,Electronic check,Fiber optic,No,No
1400-WIVLL,No,0,0.13991031302084017,No,Low Risk,107.95,0.0,57,Two year,Electronic check,Fiber optic,Yes,No
7508-MYBOG,Yes,1,0.6714619243213973,Yes,High Risk,86.1,86.1,14,Month-to-month,Electronic check,Fiber optic,No,No
8148-NLEGT,No,0,0.03452973481054116,No,Low Risk,22.95,0.0,42,Two year,Electronic check,No,No internet service,No internet service
0148-DCDOS,Yes,1,0.47896061377735605,No,Medium Risk,94.7,0.0,25,Month-to-month,Bank transfer (automatic),Fiber optic,No,No
8347-GDTMP,No,0,0.020837423718393398,No,Low Risk,19.45,0.0,64,Two year,Credit card (automatic),No,No internet service,No internet service
9992-RRAMN,Yes,1,0.5644441505120481,Yes,Medium Risk,85.1,0.0,22,Month-to-month,Electronic check,Fiber optic,No,No
6746-WAUWT,No,0,0.05075750634191885,No,Low Risk,19.7,0.0,19,One year,Credit card (automatic),No,No internet service,No internet service
0310-MVLET,Yes,1,0.4412183483253475,No,Medium Risk,99.15,0.0,61,Month-to-month,Electronic check,Fiber optic,No,No
0428-IKYCP,No,0,0.3826469438063933,No,Medium Risk,87.0,0.0,22,Month-to-month,Bank transfer (automatic),Fiber optic,No,No
4550-VBOFE,Yes,1,0.4485141428710381,No,Medium Risk,102.95,0.0,70,Month-to-month,Electronic check,Fiber optic,No,No
2187-PKZAY,No,0,0.5159673951768062,Yes,Medium Risk,79.95,0.0,12,Month-to-month,Bank transfer (automatic),Fiber optic,No,No
4003-OCTMP,No,0,0.08353170108094524,No,Low Risk,64.0,0.0,31,One year,Electronic check,DSL,Yes,Yes
6652-YFFJO,No,0,0.38773242259848145,No,Medium Risk,64.9,0.0,11,Month-to-month,Electronic check,DSL,No,No
7225-IILWY,No,0,0.023127038226193948,No,Low Risk,25.75,0.0,68,Two year,Mailed check,No,No internet service,No internet service
5248-RPYWW,No,0,0.026444179197019392,No,Low Risk,90.15,0.0,72,Two year,Bank transfer (automatic),DSL,Yes,Yes
7923-IYJWY,No,0,0.0739571957250095,No,Low Risk,116.1,0.0,67,Two year,Credit card (automatic),Fiber optic,Yes,Yes
3170-GWYKC,No,0,0.22536827072300686,No,Low Risk,104.95,0.0,60,Month-to-month,Bank transfer (automatic),Fiber optic,Yes,Yes
5696-QURRL,Yes,1,0.5919531673413575,Yes,Medium Risk,45.05,0.0,1,Month-to-month,Mailed check,DSL,No,No
7409-KIUTL,Yes,1,0.8236807571427062,Yes,High Risk,71.0,71.0,1,Month-to-month,Electronic check,Fiber optic,No,No
9830-ECLEN,No,0,0.0649270354043968,No,Low Risk,50.0,0.0,58,One year,Mailed check,DSL,No,Yes
1732-VHUBQ,Yes,1,0.26840164679046635,No,Low Risk,70.55,0.0,47,Month-to-month,Bank transfer (automatic),Fiber optic,No,No
0495-RVCBF,Yes,1,0.8365008288606641,Yes,High Risk,79.7,79.7,1,Month-to-month,Electronic check,Fiber optic,No,No
2668-TZSPS,No,0,0.29872100466145696,No,Low Risk,20.45,0.0,1,Month-to-month,Mailed check,No,No internet service,No internet service
7854-EDSSA,Yes,1,0.1757142568305432,No,Low Risk,59.0,0.0,22,Month-to-month,Electronic check,DSL,No,Yes
8869-TORSS,Yes,1,0.04733596743129682,No,Low Risk,60.35,0.0,48,One year,Credit card (automatic),DSL,Yes,Yes
7446-SFAOA,No,0,0.045701483445277184,No,Low Risk,19.85,0.0,37,One year,Bank transfer (automatic),No,No internet service,No internet service
9522-ZSINC,No,0,0.09150695925940686,No,Low Risk,19.95,0.0,13,One year,Electronic check,No,No internet service,No internet service
8234-GSZYK,No,0,0.02528128834911229,No,Low Risk,26.45,0.0,43,Two year,Bank transfer (automatic),No,No internet service,No internet service
6505-OZNPG,No,0,0.057787632158465496,No,Low Risk,63.4,0.0,6,Two year,Mailed check,DSL,Yes,Yes
6164-HAQTX,No,0,0.02413063544920598,No,Low Risk,53.95,0.0,71,Two year,Bank transfer (automatic),DSL,Yes,Yes
0679-IDSTG,Yes,1,0.829623082653419,Yes,High Risk,69.25,69.25,1,Month-to-month,Electronic check,Fiber optic,No,No
7765-LWVVH,No,0,0.08463870075207669,No,Low Risk,95.1,0.0,72,Two year,Electronic check,Fiber optic,No,Yes
1658-TJVOA,No,0,0.5028769885966428,Yes,Medium Risk,74.1,0.0,6,Month-to-month,Electronic check,Fiber optic,No,Yes
0953-LGOVU,No,0,0.17349184409498536,No,Low Risk,35.5,0.0,12,Month-to-month,Mailed check,DSL,Yes,No
2115-BFTIW,Yes,1,0.26942390650351095,No,Low Risk,70.95,0.0,25,Month-to-month,Mailed check,Fiber optic,No,No
4692-NNQRU,No,0,0.1418227483488824,No,Low Risk,79.2,0.0,21,One year,Electronic check,Fiber optic,Yes,No
7742-MYPGI,No,0,0.23486829605876292,No,Low Risk,48.8,0.0,6,Month-to-month,Mailed check,DSL,Yes,No
0611-DFXKO,Yes,1,0.4126478524262954,No,Medium Risk,89.0,0.0,20,Month-to-month,Mailed check,Fiber optic,No,No
7780-OTDSO,Yes,1,0.6109727279002162,Yes,High Risk,99.4,99.4,18,Month-to-month,Electronic check,Fiber optic,No,Yes
9619-GSATL,No,0,0.06623747450044992,No,Low Risk,55.45,0.0,43,One year,Electronic check,DSL,Yes,No
5622-UEJFI,No,0,0.03029645459302573,No,Low Risk,25.4,0.0,35,Two year,Credit card (automatic),No,No internet service,No internet service
9747-DDZOS,Yes,1,0.7024547306130401,Yes,High Risk,73.5,73.5,1,Month-to-month,Bank transfer (automatic),Fiber optic,No,No
0674-DGMAQ,No,0,0.5218229843873048,Yes,Medium Risk,93.5,0.0,32,Month-to-month,Electronic check,Fiber optic,No,No
6203-HBZPA,No,0,0.03240419990186567,No,Low Risk,63.9,0.0,52,Two year,Credit card (automatic),DSL,Yes,Yes
0484-FFVBJ,No,0,0.11265527390410547,No,Low Risk,64.85,0.0,32,One year,Bank transfer (automatic),DSL,No,No
0301-FIDRB,No,0,0.025521445337405805,No,Low Risk,63.8,0.0,72,Two year,Bank transfer (automatic),DSL,Yes,Yes
4139-JPIAM,No,0,0.11759668084260919,No,Low Risk,44.45,0.0,51,Month-to-month,Credit card (automatic),DSL,Yes,Yes
2181-TIDSV,No,0,0.02111885409148618,No,Low Risk,19.95,0.0,68,Two year,Bank transfer (automatic),No,No internet service,No internet service
2761-XECQW,No,0,0.3845118620863703,No,Medium Risk,43.35,0.0,8,Month-to-month,Mailed check,DSL,No,No
1936-CZAKF,No,0,0.059928001523989645,No,Low Risk,49.65,0.0,49,Two year,Credit card (automatic),DSL,No,No
9453-PATOS,No,0,0.023504785458039565,No,Low Risk,85.1,0.0,72,Two year,Mailed check,DSL,Yes,Yes
0564-JJHGS,Yes,1,0.7437740397816546,Yes,High Risk,95.5,95.5,9,Month-to-month,Electronic check,Fiber optic,No,No
3348-CFRNX,Yes,1,0.3069514217299834,No,Medium Risk,92.35,0.0,28,Month-to-month,Mailed check,Fiber optic,No,Yes
4402-FTBXC,No,0,0.19334834906983203,No,Low Risk,89.8,0.0,54,Month-to-month,Mailed check,Fiber optic,No,Yes
1428-GTBJJ,Yes,1,0.5095310351457715,Yes,Medium Risk,74.55,0.0,11,Month-to-month,Electronic check,Fiber optic,No,No
2931-XIQBR,No,0,0.16280440290077358,No,Low Risk,103.05,0.0,50,One year,Mailed check,Fiber optic,Yes,No
0106-UGRDO,No,0,0.07658649753250045,No,Low Risk,116.0,0.0,69,Two year,Electronic check,Fiber optic,Yes,Yes
5542-TBBWB,No,0,0.804979670889202,Yes,High Risk,69.9,69.9,1,Month-to-month,Electronic check,Fiber optic,No,No
1930-QPBVZ,No,0,0.04301424429729045,No,Low Risk,95.1,0.0,68,Two year,Bank transfer (automatic),Fiber optic,Yes,Yes
2606-PKWJB,No,0,0.04501850055718659,No,Low Risk,40.25,0.0,40,One year,Mailed check,DSL,Yes,Yes
5322-ZSMZY,No,0,0.025140281571952163,No,Low Risk,25.75,0.0,31,Two year,Mailed check,No,No internet service,No internet service
8059-UDZFY,No,0,0.5067618254517162,Yes,Medium Risk,105.35,0.0,33,Month-to-month,Bank transfer (automatic),Fiber optic,No,No
7740-BTPUX,No,0,0.16059400836624382,No,Low Risk,113.6,0.0,55,Two year,Electronic check,Fiber optic,Yes,No
5220-AGAAX,No,0,0.02357034535425262,No,Low Risk,24.0,0.0,68,Two year,Bank transfer (automatic),No,No internet service,No internet service
0208-BPQEJ,No,0,0.09879272168175501,No,Low Risk,19.4,0.0,12,Month-to-month,Bank transfer (automatic),No,No internet service,No internet service
9435-JMLSX,No,0,0.023999994324004983,No,Low Risk,86.1,0.0,71,Two year,Bank transfer (automatic),DSL,Yes,Yes
3352-ALMCK,No,0,0.47342647981021024,No,Medium Risk,102.65,0.0,40,Month-to-month,Mailed check,Fiber optic,No,No
5312-IRCFR,No,0,0.14774834352098876,No,Low Risk,92.85,0.0,64,One year,Electronic check,Fiber optic,No,No
5294-IMHHT,No,0,0.1361045867295362,No,Low Risk,97.75,0.0,53,One year,Bank transfer (automatic),Fiber optic,Yes,No
8802-UNOJF,Yes,1,0.43935972511586996,No,Medium Risk,83.8,0.0,12,Month-to-month,Mailed check,Fiber optic,Yes,No
6313-GIDIT,Yes,1,0.3253009806224352,No,Medium Risk,54.45,0.0,53,Month-to-month,Electronic check,DSL,No,No
6176-YJWAS,No,0,0.06359946070138153,No,Low Risk,97.95,0.0,72,Two year,Credit card (automatic),Fiber optic,No,Yes
5310-NOOVA,No,0,0.02957714951594456,No,Low Risk,19.95,0.0,46,Two year,Electronic check,No,No internet service,No internet service
4526-EXKKN,No,0,0.03120429301189386,No,Low Risk,24.6,0.0,40,Two year,Mailed check,No,No internet service,No internet service
5311-IHLEI,No,0,0.16384173157808496,No,Low Risk,50.95,0.0,12,Month-to-month,Bank transfer (automatic),DSL,Yes,Yes
3987-KQDDU,No,0,0.37346312008014076,No,Medium Risk,75.6,0.0,9,Month-to-month,Electronic check,Fiber optic,No,Yes
3404-JNXAX,No,0,0.31481993355151505,No,Medium Risk,80.75,0.0,51,Month-to-month,Electronic check,Fiber optic,Yes,No
5131-PONJI,No,0,0.2587481921026473,No,Low Risk,90.4,0.0,49,Month-to-month,Credit card (automatic),Fiber optic,No,No
2845-AFFTX,Yes,1,0.6004246203234568,Yes,High Risk,99.8,99.8,41,Month-to-month,Electronic check,Fiber optic,No,No
3489-VSFRD,No,0,0.04460114101467016,No,Low Risk,60.25,0.0,56,One year,Credit card (automatic),DSL,Yes,Yes
3345-JHUEO,No,0,0.20992034089727402,No,Low Risk,20.2,0.0,4,Month-to-month,Electronic check,No,No internet service,No internet service
5815-HGGHV,No,0,0.06551539419661723,No,Low Risk,64.15,0.0,20,One year,Mailed check,DSL,Yes,Yes
5260-UMPWX,No,0,0.08230403539091238,No,Low Risk,20.25,0.0,26,Month-to-month,Credit card (automatic),No,No internet service,No internet service
2249-YPRNG,Yes,1,0.5394007859360003,Yes,Medium Risk,105.85,0.0,20,Month-to-month,Bank transfer (automatic),Fiber optic,No,No
7410-YTJIK,Yes,1,0.5067333016345539,Yes,Medium Risk,75.45,0.0,7,Month-to-month,Mailed check,Fiber optic,No,No
4626-GYCZP,Yes,1,0.7555782684274706,Yes,High Risk,93.85,93.85,7,Month-to-month,Electronic check,Fiber optic,No,No
5649-RXQTV,No,0,0.4353443158167404,No,Medium Risk,99.0,0.0,51,Month-to-month,Electronic check,Fiber optic,No,No
2674-MIAHT,No,0,0.6426706064326054,Yes,High Risk,80.3,80.3,4,Month-to-month,Mailed check,Fiber optic,No,No
2576-HXMPA,No,0,0.2826017694481827,No,Low Risk,19.55,0.0,1,Month-to-month,Credit card (automatic),No,No internet service,No internet service
7587-AOVVU,No,0,0.3523707053847799,No,Medium Risk,100.75,0.0,27,Month-to-month,Electronic check,Fiber optic,Yes,Yes
5590-BYNII,Yes,1,0.6109727279002162,Yes,High Risk,100.75,100.75,22,Month-to-month,Electronic check,Fiber optic,No,Yes
6898-MDLZW,No,0,0.18192273649728347,No,Low Risk,53.75,0.0,12,Month-to-month,Mailed check,DSL,Yes,No
3237-AJGEH,Yes,1,0.41049485154578785,No,Medium Risk,31.0,0.0,3,Month-to-month,Mailed check,DSL,Yes,No
4707-YNOQA,No,0,0.052276734938770546,No,Low Risk,25.6,0.0,34,One year,Credit card (automatic),No,No internet service,No internet service
9357-UJRUN,No,0,0.09950980003498829,No,Low Risk,58.35,0.0,24,One year,Electronic check,DSL,Yes,Yes
1591-NFNLQ,Yes,1,0.26878016157137385,No,Low Risk,80.0,0.0,51,Month-to-month,Credit card (automatic),Fiber optic,No,No
8648-PFRMP,No,0,0.48340382546681854,No,Medium Risk,46.35,0.0,14,Month-to-month,Electronic check,DSL,No,No
7663-CUXZB,No,0,0.10810294966426824,No,Low Risk,113.75,0.0,59,Two year,Electronic check,Fiber optic,Yes,Yes
0258-NOKBL,No,0,0.590634067258788,Yes,Medium Risk,90.4,0.0,3,Month-to-month,Electronic check,Fiber optic,No,No
1163-VIPRI,No,0,0.10256413215621309,No,Low Risk,109.3,0.0,65,Two year,Electronic check,Fiber optic,Yes,Yes
2815-CPTUL,Yes,1,0.6512519056172204,Yes,High Risk,70.25,70.25,5,Month-to-month,Mailed check,Fiber optic,No,No
9348-ROUAI,No,0,0.031110089914542824,No,Low Risk,90.3,0.0,59,Two year,Credit card (automatic),DSL,Yes,Yes
9443-JUBUO,No,0,0.025521445337405805,No,Low Risk,65.25,0.0,72,Two year,Credit card (automatic),DSL,Yes,Yes
0596-BQCEQ,Yes,1,0.3950923574018921,No,Medium Risk,100.15,0.0,62,Month-to-month,Electronic check,Fiber optic,No,No
1481-ZUWZA,Yes,1,0.32971060637496696,No,Medium Risk,94.5,0.0,28,Month-to-month,Credit card (automatic),Fiber optic,No,Yes
3043-TYBNO,No,0,0.3179080396280804,No,Medium Risk,60.65,0.0,3,Month-to-month,Mailed check,DSL,Yes,No
4830-FAXFM,No,0,0.10735841288912154,No,Low Risk,24.1,0.0,19,Month-to-month,Credit card (automatic),No,No internet service,No internet service
5906-BFOZT,No,0,0.3643492574644425,No,Medium Risk,19.5,0.0,1,Month-to-month,Mailed check,No,No internet service,No internet service
2960-NKRSO,No,0,0.3442369890873198,No,Medium Risk,85.95,0.0,24,Month-to-month,Electronic check,Fiber optic,Yes,No
8996-ZROXE,No,0,0.09897782235650943,No,Low Risk,53.5,0.0,57,One year,Electronic check,DSL,Yes,No
5598-IKHQQ,No,0,0.02038926741407629,No,Low Risk,25.45,0.0,72,Two year,Credit card (automatic),No,No internet service,No internet service
0397-ZXWQF,No,0,0.020837423718393398,No,Low Risk,20.5,0.0,67,Two year,Bank transfer (automatic),No,No internet service,No internet service
5266-PFRQK,No,0,0.03930765540212812,No,Low Risk,20.85,0.0,52,One year,Credit card (automatic),No,No internet service,No internet service
4674-HGNUA,No,0,0.02607968312218924,No,Low Risk,89.9,0.0,71,Two year,Credit card (automatic),DSL,Yes,Yes
6765-MBQNU,No,0,0.043787331559957704,No,Low Risk,26.0,0.0,26,One year,Mailed check,No,No internet service,No internet service
9786-IJYDL,No,0,0.10569559221366985,No,Low Risk,113.2,0.0,35,Two year,Mailed check,Fiber optic,Yes,Yes
1303-SRDOK,No,0,0.06018796645156579,No,Low Risk,69.05,0.0,55,Two year,Credit card (automatic),Fiber optic,No,No
3769-MHZNV,No,0,0.022063916656277653,No,Low Risk,20.1,0.0,33,Two year,Mailed check,No,No internet service,No internet service
6295-OSINB,No,0,0.08399464795705332,No,Low Risk,109.65,0.0,72,Two year,Electronic check,Fiber optic,No,Yes
3308-MHOOC,No,0,0.34743858065439176,No,Medium Risk,19.2,0.0,1,Month-to-month,Mailed check,No,No internet service,No internet service
2309-OSFEU,Yes,1,0.37775434517996126,No,Medium Risk,33.9,0.0,10,Month-to-month,Mailed check,DSL,No,No
2207-QPJED,No,0,0.3076972329848573,No,Medium Risk,90.0,0.0,37,Month-to-month,Electronic check,Fiber optic,Yes,No
4177-JPDFU,No,0,0.17673140242110644,No,Low Risk,34.0,0.0,12,Month-to-month,Mailed check,DSL,Yes,No
2239-CFOUJ,No,0,0.16980109278491037,No,Low Risk,20.4,0.0,1,One year,Mailed check,No,No internet service,No internet service
8046-DNVTL,No,0,0.0267929551928594,No,Low Risk,38.6,0.0,62,Two year,Credit card (automatic),DSL,Yes,Yes
2209-XADXF,No,0,0.5408627825360997,Yes,Medium Risk,25.25,0.0,1,Month-to-month,Bank transfer (automatic),DSL,No,No
6620-JDYNW,No,0,0.17083357920231912,No,Low Risk,60.6,0.0,18,Month-to-month,Mailed check,DSL,No,Yes
1891-FZYSA,Yes,1,0.3327586141447338,No,Medium Risk,89.95,0.0,69,Month-to-month,Electronic check,Fiber optic,No,No
4770-UEZOX,No,0,0.6378533097561684,Yes,High Risk,74.75,74.75,2,Month-to-month,Electronic check,Fiber optic,No,No
1038-RQOST,No,0,0.07462499583902941,No,Low Risk,20.6,0.0,19,Month-to-month,Mailed check,No,No internet service,No internet service
7613-LLQFO,Yes,1,0.6759810032719002,Yes,High Risk,84.45,84.45,12,Month-to-month,Electronic check,Fiber optic,No,No
4568-TTZRT,No,0,0.09930474927834759,No,Low Risk,20.4,0.0,9,Month-to-month,Mailed check,No,No internet service,No internet service
9513-DXHDA,No,0,0.0788326908309828,No,Low Risk,81.7,0.0,27,One year,Electronic check,DSL,Yes,Yes
2640-PMGFL,Yes,1,0.39640135947809185,No,Medium Risk,79.5,0.0,27,Month-to-month,Electronic check,Fiber optic,Yes,No
3801-HMYNL,Yes,1,0.7703350816458033,Yes,High Risk,89.15,89.15,1,Month-to-month,Mailed check,Fiber optic,No,No
0516-QREYC,No,0,0.11354821568290412,No,Low Risk,20.3,0.0,24,Month-to-month,Mailed check,No,No internet service,No internet service
9685-WKZGT,Yes,1,0.6507229489525074,Yes,High Risk,74.95,74.95,14,Month-to-month,Electronic check,Fiber optic,No,No
6022-UGGSO,Yes,1,0.4292481057845467,No,Medium Risk,74.4,0.0,32,Month-to-month,Electronic check,Fiber optic,No,No
8084-OIVBS,No,0,0.055295591634267206,No,Low Risk,20.0,0.0,11,One year,Mailed check,No,No internet service,No internet service
8896-BQTTI,No,0,0.36298139471924806,No,Medium Risk,25.0,0.0,1,Month-to-month,Mailed check,No,No internet service,No internet service
3865-QBWSJ,No,0,0.3091419462954544,No,Medium Risk,80.45,0.0,38,Month-to-month,Mailed check,Fiber optic,No,Yes
3352-RICWQ,No,0,0.03311005800861855,No,Low Risk,19.75,0.0,9,Two year,Mailed check,No,No internet service,No internet service
2160-GPFXD,No,0,0.027337715625748722,No,Low Risk,65.65,0.0,54,Two year,Credit card (automatic),DSL,Yes,Yes
2065-MMKGR,No,0,0.1352061038590221,No,Low Risk,71.0,0.0,29,One year,Credit card (automatic),DSL,No,No
5857-TYBCJ,No,0,0.4546925470449082,No,Medium Risk,89.2,0.0,44,Month-to-month,Electronic check,Fiber optic,No,No
1498-NHTLT,No,0,0.03986149358163584,No,Low Risk,86.75,0.0,59,Two year,Electronic check,DSL,Yes,Yes
4484-CGXFK,Yes,1,0.5493592931801141,Yes,Medium Risk,55.3,0.0,3,Month-to-month,Electronic check,DSL,No,No
1402-PTHGN,No,0,0.04973080829984119,No,Low Risk,61.5,0.0,18,One year,Mailed check,DSL,Yes,Yes
4176-RELJR,No,0,0.026511636459827015,No,Low Risk,25.1,0.0,67,Two year,Credit card (automatic),No,No internet service,No internet service
6214-EDAKZ,Yes,1,0.15132764565692014,No,Low Risk,55.15,0.0,22,Month-to-month,Electronic check,DSL,Yes,No
5199-FPUSP,No,0,0.05147481046530551,No,Low Risk,34.05,0.0,33,One year,Credit card (automatic),DSL,Yes,Yes
6377-KSLXC,No,0,0.14575567919699448,No,Low Risk,19.95,0.0,5,Month-to-month,Mailed check,No,No internet service,No internet service
1796-JANOW,No,0,0.1794584042671467,No,Low Risk,19.95,0.0,2,Month-to-month,Mailed check,No,No internet service,No internet service
0238-WHBIQ,No,0,0.02607968312218924,No,Low Risk,89.7,0.0,72,Two year,Credit card (automatic),DSL,Yes,Yes
8735-NBLWT,No,0,0.09879272168175501,No,Low Risk,20.4,0.0,9,Month-to-month,Mailed check,No,No internet service,No internet service
6651-RLGGM,No,0,0.023127038226193948,No,Low Risk,26.3,0.0,67,Two year,Mailed check,No,No internet service,No internet service
6127-ISGTU,Yes,1,0.6714619243213973,Yes,High Risk,84.95,84.95,16,Month-to-month,Electronic check,Fiber optic,No,No
1614-JBEBI,No,0,0.1349565186928787,No,Low Risk,20.7,0.0,8,Month-to-month,Mailed check,No,No internet service,No internet service
8740-XLHDR,Yes,1,0.21445414844598443,No,Low Risk,43.25,0.0,5,Month-to-month,Mailed check,DSL,Yes,Yes
1208-DNHLN,Yes,1,0.11326629362829839,No,Low Risk,48.35,0.0,23,One year,Credit card (automatic),DSL,No,No
1761-AEZZR,Yes,1,0.8370318457513362,Yes,High Risk,79.55,79.55,1,Month-to-month,Electronic check,Fiber optic,No,No
3923-CSIHK,Yes,1,0.36454885418788324,No,Medium Risk,71.05,0.0,50,Month-to-month,Electronic check,Fiber optic,No,No
5696-EXCYS,No,0,0.027861293021585364,No,Low Risk,19.45,0.0,17,Two year,Credit card (automatic),No,No internet service,No internet service
5795-KTGUD,No,0,0.09499120922776622,No,Low Risk,110.8,0.0,68,Two year,Bank transfer (automatic),Fiber optic,No,Yes
7120-RFMVS,Yes,1,0.808399064910605,Yes,High Risk,84.5,84.5,1,Month-to-month,Electronic check,Fiber optic,No,No
7924-GJZFI,No,0,0.4678222059105849,No,Medium Risk,69.3,0.0,25,Month-to-month,Electronic check,Fiber optic,No,No
4702-HDRKD,No,0,0.05594187834290341,No,Low Risk,49.35,0.0,67,One year,Bank transfer (automatic),DSL,Yes,Yes
8512-WIWYV,No,0,0.03713218255245417,No,Low Risk,20.35,0.0,32,One year,Credit card (automatic),No,No internet service,No internet service
5897-ZYEKH,No,0,0.2147107997366999,No,Low Risk,105.6,0.0,67,One year,Electronic check,Fiber optic,No,Yes
5456-ITGIC,No,0,0.0284829901265832,No,Low Risk,64.45,0.0,72,Two year,Credit card (automatic),DSL,Yes,Yes
7317-GGVPB,Yes,1,0.08035513592899396,No,Low Risk,108.6,0.0,71,Two year,Credit card (automatic),Fiber optic,Yes,No
1406-PUQVY,No,0,0.5931965635438842,Yes,Medium Risk,49.9,0.0,1,Month-to-month,Electronic check,DSL,No,No
1322-AGOQM,Yes,1,0.15181276762937124,No,Low Risk,30.3,0.0,46,Month-to-month,Bank transfer (automatic),DSL,No,No
3677-IYRBF,Yes,1,0.6817889161826944,Yes,High Risk,30.4,30.4,2,Month-to-month,Electronic check,DSL,No,No
5692-FPTAH,Yes,1,0.5919531673413575,Yes,Medium Risk,45.4,0.0,1,Month-to-month,Mailed check,DSL,No,No
9114-AAFQH,No,0,0.11763763872052048,No,Low Risk,65.65,0.0,48,One year,Electronic check,DSL,No,No
8715-KKTFG,No,0,0.17349016269594492,No,Low Risk,103.3,0.0,61,One year,Bank transfer (automatic),Fiber optic,Yes,No
1550-LOAHA,Yes,1,0.2725831605136876,No,Low Risk,84.15,0.0,32,Month-to-month,Bank transfer (automatic),Fiber optic,No,No
1728-BQDMA,No,0,0.47193797387130487,No,Medium Risk,44.45,0.0,2,Month-to-month,Electronic check,DSL,No,No
0268-QKIWO,Yes,1,0.1849335203954354,No,Low Risk,19.75,0.0,3,Month-to-month,Electronic check,No,No internet service,No internet service
0876-WDUUZ,Yes,1,0.5911666970236606,Yes,Medium Risk,85.4,0.0,5,Month-to-month,Credit card (automatic),Fiber optic,Yes,No
5117-ZSMHQ,No,0,0.02607968312218924,No,Low Risk,89.9,0.0,71,Two year,Bank transfer (automatic),DSL,Yes,Yes
5151-HQRDG,No,0,0.1516231540263124,No,Low Risk,55.05,0.0,37,Month-to-month,Mailed check,DSL,No,Yes
0960-HUWBM,No,0,0.09608419208142865,No,Low Risk,104.1,0.0,65,Two year,Bank transfer (automatic),Fiber optic,Yes,No
6465-GSRCL,No,0,0.16143710617378126,No,Low Risk,106.6,0.0,67,One year,Bank transfer (automatic),Fiber optic,Yes,No
0617-FHSGK,Yes,1,0.26341779984966035,No,Low Risk,75.2,0.0,49,Month-to-month,Credit card (automatic),Fiber optic,No,No
0263-FJTQO,No,0,0.03422942749439042,No,Low Risk,70.5,0.0,50,Two year,Credit card (automatic),DSL,Yes,Yes
7319-ZNRTR,No,0,0.054836533676391665,No,Low Risk,19.6,0.0,25,One year,Electronic check,No,No internet service,No internet service
2858-MOFSQ,Yes,1,0.13217722179246047,No,Low Risk,55.85,0.0,17,One year,Mailed check,DSL,No,No
7503-EPSZW,No,0,0.02357034535425262,No,Low Risk,24.05,0.0,64,Two year,Mailed check,No,No internet service,No internet service
7089-XXAYG,No,0,0.13660657734160106,No,Low Risk,38.1,0.0,25,One year,Credit card (automatic),DSL,No,No
8118-LSUEL,Yes,1,0.6690362451729494,Yes,High Risk,106.4,106.4,23,Month-to-month,Electronic check,Fiber optic,No,No
8070-AAWZP,No,0,0.176590214632525,No,Low Risk,34.25,0.0,24,Month-to-month,Mailed check,DSL,Yes,No
1666-JXLKU,No,0,0.5756955905904309,Yes,Medium Risk,100.05,0.0,37,Month-to-month,Electronic check,Fiber optic,No,No
7855-DIWPO,No,0,0.4554278388044218,No,Medium Risk,68.65,0.0,21,Month-to-month,Electronic check,Fiber optic,No,No
5133-POWUA,No,0,0.5919531673413575,Yes,Medium Risk,45.8,0.0,1,Month-to-month,Mailed check,DSL,No,No
5652-MSDEY,No,0,0.5599140332431739,Yes,Medium Risk,75.75,0.0,10,Month-to-month,Mailed check,Fiber optic,No,No
7005-CCBKV,Yes,1,0.6399818872610159,Yes,High Risk,84.4,84.4,6,Month-to-month,Electronic check,Fiber optic,No,No
1810-BOHSY,No,0,0.14557258687221925,No,Low Risk,96.4,0.0,51,One year,Credit card (automatic),Fiber optic,No,Yes
1784-BXEFA,No,0,0.12306381547305874,No,Low Risk,20.55,0.0,10,Month-to-month,Mailed check,No,No internet service,No internet service
7351-MHQVU,No,0,0.13470986438647425,No,Low Risk,50.95,0.0,6,Month-to-month,Credit card (automatic),DSL,Yes,Yes
9224-VTYID,No,0,0.03434791585059977,No,Low Risk,90.5,0.0,47,Two year,Mailed check,DSL,Yes,Yes
9500-IWPXQ,No,0,0.07267161650010287,No,Low Risk,79.4,0.0,61,One year,Electronic check,DSL,Yes,Yes
5762-TJXGK,No,0,0.05142570346619927,No,Low Risk,58.75,0.0,52,Two year,Bank transfer (automatic),DSL,No,Yes
4504-YOULA,No,0,0.13323738245337846,No,Low Risk,59.45,0.0,35,Month-to-month,Credit card (automatic),DSL,No,Yes
5569-IDSEY,No,0,0.1700282281722676,No,Low Risk,105.7,0.0,71,One year,Bank transfer (automatic),Fiber optic,No,No
4250-FDVOU,Yes,1,0.17967469072317546,No,Low Risk,56.25,0.0,6,Month-to-month,Electronic check,DSL,No,Yes
7284-ZZLOH,No,0,0.035367792041630194,No,Low Risk,53.3,0.0,45,Two year,Credit card (automatic),DSL,No,Yes
5277-ZLOOR,Yes,1,0.7940815694657106,Yes,High Risk,85.55,85.55,2,Month-to-month,Electronic check,Fiber optic,No,No
2141-RRYGO,Yes,1,0.41591998008668296,No,Medium Risk,68.65,0.0,4,Month-to-month,Bank transfer (automatic),DSL,No,No
1777-JYQPJ,No,0,0.49414874305969575,No,Medium Risk,24.3,0.0,2,Month-to-month,Mailed check,DSL,No,No
6376-GAHQE,Yes,1,0.5961880660250821,Yes,Medium Risk,77.85,0.0,4,Month-to-month,Electronic check,Fiber optic,No,No
3401-URHDA,No,0,0.05191201980655058,No,Low Risk,59.9,0.0,51,One year,Credit card (automatic),DSL,Yes,Yes
1599-EAHXY,No,0,0.04012106721898893,No,Low Risk,23.95,0.0,60,One year,Credit card (automatic),No,No internet service,No internet service
8631-XVRZL,No,0,0.06776162124440625,No,Low Risk,20.15,0.0,9,One year,Mailed check,No,No internet service,No internet service
5052-PNLOS,Yes,1,0.7730106702782188,Yes,High Risk,105.35,105.35,3,Month-to-month,Bank transfer (automatic),Fiber optic,No,No
3853-LYGAM,No,0,0.45969787461757283,No,Medium Risk,95.65,0.0,17,Month-to-month,Bank transfer (automatic),Fiber optic,Yes,No
6979-ZNSFF,Yes,1,0.7072832845396814,Yes,High Risk,87.05,87.05,8,Month-to-month,Electronic check,Fiber optic,No,No
5751-USDBL,No,0,0.0320842136898401,No,Low Risk,81.0,0.0,46,Two year,Mailed check,DSL,Yes,Yes
5680-LQOGP,No,0,0.027570846073044285,No,Low Risk,82.45,0.0,68,Two year,Credit card (automatic),DSL,Yes,Yes
2386-LAHRK,Yes,1,0.6571204483126537,Yes,High Risk,53.5,53.5,1,Month-to-month,Mailed check,DSL,No,No
8189-DUKMV,No,0,0.07612574092107081,No,Low Risk,20.5,0.0,4,One year,Bank transfer (automatic),No,No internet service,No internet service
6032-IGALN,Yes,1,0.6194149583063613,Yes,High Risk,25.1,25.1,1,Month-to-month,Mailed check,DSL,No,No
9931-DCEZH,No,0,0.05815622520912367,No,Low Risk,54.4,0.0,28,One year,Credit card (automatic),DSL,Yes,No
1898-JSNDC,No,0,0.09310478106570066,No,Low Risk,58.6,0.0,39,One year,Credit card (automatic),DSL,No,No
0315-LVCRK,No,0,0.5191085553504559,Yes,Medium Risk,84.8,0.0,11,Month-to-month,Electronic check,Fiber optic,No,No
3911-RSNHI,No,0,0.036129291971985764,No,Low Risk,61.4,0.0,71,Two year,Credit card (automatic),DSL,Yes,No
2410-CIYFZ,No,0,0.17861505164249633,No,Low Risk,20.4,0.0,2,Month-to-month,Mailed check,No,No internet service,No internet service
4248-HCETZ,Yes,1,0.36030288135399363,No,Medium Risk,79.65,0.0,30,Month-to-month,Mailed check,Fiber optic,No,No
5505-OVWQW,No,0,0.046444958610100985,No,Low Risk,20.15,0.0,17,One year,Mailed check,No,No internet service,No internet service
7271-AJDTL,No,0,0.30070805867266254,No,Medium Risk,94.45,0.0,55,Month-to-month,Credit card (automatic),Fiber optic,No,No
1867-TJHTS,No,0,0.20594931344619066,No,Low Risk,79.8,0.0,58,Month-to-month,Bank transfer (automatic),Fiber optic,No,Yes
0516-WJVXC,Yes,1,0.185614551218902,No,Low Risk,54.2,0.0,5,Month-to-month,Electronic check,DSL,Yes,Yes
9174-FKWZE,Yes,1,0.572650975728523,Yes,Medium Risk,19.45,0.0,1,Month-to-month,Electronic check,No,No internet service,No internet service
6860-YRJZP,No,0,0.6833222064448283,Yes,High Risk,74.05,74.05,9,Month-to-month,Electronic check,Fiber optic,No,No
4429-WYGFR,No,0,0.10456043818017627,No,Low Risk,49.15,0.0,26,Month-to-month,Bank transfer (automatic),DSL,Yes,No
2817-LVCPP,No,0,0.022188061443804846,No,Low Risk,19.4,0.0,50,Two year,Credit card (automatic),No,No internet service,No internet service
5038-ETMLM,No,0,0.04458445993125252,No,Low Risk,113.65,0.0,72,Two year,Bank transfer (automatic),Fiber optic,Yes,Yes
5056-FIMPT,No,0,0.16083090853841428,No,Low Risk,106.0,0.0,43,One year,Credit card (automatic),Fiber optic,Yes,Yes
4521-WFJAI,No,0,0.026370774372571806,No,Low Risk,25.95,0.0,56,Two year,Bank transfer (automatic),No,No internet service,No internet service
6569-KTMDU,No,0,0.23110055902288848,No,Low Risk,19.1,0.0,1,Month-to-month,Mailed check,No,No internet service,No internet service
8809-RIHDD,Yes,1,0.14276632794206043,No,Low Risk,103.4,0.0,72,Two year,Electronic check,Fiber optic,No,No
8809-XKHMD,No,0,0.0525679873398739,No,Low Risk,100.55,0.0,72,Two year,Bank transfer (automatic),Fiber optic,Yes,Yes
0396-YCHWO,No,0,0.5281888346989307,Yes,Medium Risk,95.4,0.0,36,Month-to-month,Electronic check,Fiber optic,No,No
0867-LDTTC,No,0,0.307419803871858,No,Medium Risk,75.15,0.0,5,Month-to-month,Bank transfer (automatic),DSL,Yes,No
4822-NGOCH,Yes,1,0.6065861483229494,Yes,High Risk,84.45,84.45,13,Month-to-month,Electronic check,Fiber optic,No,No
9391-DXGGG,No,0,0.11737483164678242,No,Low Risk,89.15,0.0,44,One year,Credit card (automatic),Fiber optic,No,No
9844-FELAJ,No,0,0.21296349475302218,No,Low Risk,107.9,0.0,70,One year,Electronic check,Fiber optic,Yes,No
2122-SZZZD,No,0,0.03713218255245417,No,Low Risk,19.5,0.0,44,One year,Credit card (automatic),No,No internet service,No internet service
5307-DZCVC,Yes,1,0.4582534483724135,No,Medium Risk,85.95,0.0,32,Month-to-month,Credit card (automatic),Fiber optic,No,No
3148-AOIQT,No,0,0.02428168161540493,No,Low Risk,24.95,0.0,69,Two year,Credit card (automatic),No,No internet service,No internet service
8679-JOEVF,Yes,1,0.2524796154623227,No,Low Risk,59.4,0.0,16,Month-to-month,Electronic check,DSL,Yes,No
8395-ETZKQ,No,0,0.03950431054508645,No,Low Risk,19.5,0.0,68,One year,Bank transfer (automatic),No,No internet service,No internet service
6692-YQHXC,No,0,0.43234016922203083,No,Medium Risk,69.95,0.0,16,Month-to-month,Credit card (automatic),Fiber optic,No,No
3889-VWBID,No,0,0.026853645382540287,No,Low Risk,82.85,0.0,68,Two year,Bank transfer (automatic),DSL,Yes,Yes
5222-JCXZT,No,0,0.14575567919699448,No,Low Risk,19.0,0.0,4,Month-to-month,Mailed check,No,No internet service,No internet service
9754-CLVZW,No,0,0.08155434615588741,No,Low Risk,38.85,0.0,26,Month-to-month,Credit card (automatic),DSL,Yes,Yes
1432-FPAXX,Yes,1,0.2660305280507838,No,Low Risk,30.6,0.0,29,Month-to-month,Electronic check,DSL,No,No
2739-CCZMB,No,0,0.14504271361941282,No,Low Risk,20.35,0.0,5,Month-to-month,Credit card (automatic),No,No internet service,No internet service
7080-TNUWP,No,0,0.13454142070252273,No,Low Risk,95.0,0.0,70,One year,Bank transfer (automatic),Fiber optic,No,No
0496-AHOOK,No,0,0.061198369141485104,No,Low Risk,74.4,0.0,24,One year,Bank transfer (automatic),DSL,Yes,Yes
8336-TAVKX,No,0,0.025584159184191012,No,Low Risk,78.45,0.0,72,Two year,Bank transfer (automatic),DSL,Yes,Yes
2468-SJFLM,No,0,0.6693758930081031,Yes,High Risk,74.3,74.3,1,Month-to-month,Mailed check,Fiber optic,Yes,No
3181-VTHOE,No,0,0.06568897359374158,No,Low Risk,51.05,0.0,70,One year,Bank transfer (automatic),DSL,Yes,No
7168-HDQHG,No,0,0.0673602108474518,No,Low Risk,19.2,0.0,36,Month-to-month,Bank transfer (automatic),No,No internet service,No internet service
4803-AXVYP,Yes,1,0.5388695310440109,Yes,Medium Risk,99.55,0.0,38,Month-to-month,Electronic check,Fiber optic,Yes,No
3884-HCSWG,Yes,1,0.5104141724418481,Yes,Medium Risk,70.0,0.0,17,Month-to-month,Electronic check,Fiber optic,No,No
4567-AKPIA,No,0,0.22130991407158926,No,Low Risk,109.1,0.0,41,One year,Bank transfer (automatic),Fiber optic,Yes,No
5077-DXTCG,Yes,1,0.647369152282393,Yes,High Risk,45.3,45.3,1,Month-to-month,Electronic check,DSL,No,No
1142-WACZW,Yes,1,0.35522243191575237,No,Medium Risk,29.85,0.0,2,Month-to-month,Bank transfer (automatic),DSL,Yes,No
7901-HXJVA,No,0,0.46100827094221364,No,Medium Risk,76.45,0.0,14,Month-to-month,Electronic check,Fiber optic,No,No
5649-ANRML,Yes,1,0.6417311623014049,Yes,High Risk,95.1,95.1,2,Month-to-month,Credit card (automatic),Fiber optic,Yes,No
4892-VLANZ,Yes,1,0.29872100466145696,No,Low Risk,19.8,0.0,1,Month-to-month,Mailed check,No,No internet service,No internet service
5924-IFQTT,No,0,0.2957866474220396,No,Low Risk,72.8,0.0,13,Month-to-month,Electronic check,DSL,Yes,No
7968-QUXNS,No,0,0.10347861186483555,No,Low Risk,18.95,0.0,6,Month-to-month,Mailed check,No,No internet service,No internet service
2919-HBCJO,Yes,1,0.5770715945095489,Yes,Medium Risk,76.65,0.0,4,Month-to-month,Bank transfer (automatic),Fiber optic,No,No
4236-XPXAV,Yes,1,0.6800860053082506,Yes,High Risk,99.15,99.15,5,Month-to-month,Mailed check,Fiber optic,Yes,No
8903-WMRNW,No,0,0.5305406042947356,Yes,Medium Risk,101.75,0.0,15,Month-to-month,Electronic check,Fiber optic,No,Yes
2452-SNHFZ,No,0,0.16921562787464933,No,Low Risk,75.45,0.0,47,Month-to-month,Credit card (automatic),Fiber optic,No,Yes
3629-WEAAM,No,0,0.18983510016446395,No,Low Risk,64.1,0.0,8,Month-to-month,Mailed check,DSL,Yes,No
6029-CSMJE,No,0,0.26270351948029025,No,Low Risk,25.65,0.0,17,Month-to-month,Mailed check,DSL,No,No
7993-NQLJE,No,0,0.2836651217136461,No,Low Risk,75.1,0.0,15,Month-to-month,Mailed check,Fiber optic,No,Yes
9909-DFRJA,No,0,0.14327338171881143,No,Low Risk,95.85,0.0,26,One year,Bank transfer (automatic),Fiber optic,Yes,Yes
9099-FTUHS,No,0,0.17572362719739426,No,Low Risk,54.4,0.0,23,Month-to-month,Electronic check,DSL,No,Yes
0581-BXBUB,No,0,0.5607276887375033,Yes,Medium Risk,72.75,0.0,4,Month-to-month,Electronic check,Fiber optic,No,No
4962-CHQPW,No,0,0.03692758139743251,No,Low Risk,19.85,0.0,29,One year,Mailed check,No,No internet service,No internet service
9467-ROOLM,No,0,0.07391205402699334,No,Low Risk,19.05,0.0,25,Month-to-month,Mailed check,No,No internet service,No internet service
3030-YZADT,Yes,1,0.2389554882451817,No,Low Risk,44.95,0.0,9,Month-to-month,Mailed check,DSL,No,No
7410-KTVFV,Yes,1,0.19479227434576415,No,Low Risk,49.55,0.0,18,Month-to-month,Mailed check,DSL,No,No
5150-ITWWB,No,0,0.7986252457979277,Yes,High Risk,94.85,94.85,3,Month-to-month,Electronic check,Fiber optic,No,No
2253-KPMNB,No,0,0.024486077376683478,No,Low Risk,46.25,0.0,69,Two year,Bank transfer (automatic),DSL,Yes,Yes
1345-ZUKID,No,0,0.05212881019529155,No,Low Risk,19.35,0.0,14,One year,Mailed check,No,No internet service,No internet service
6429-SHBCB,No,0,0.22188831074354703,No,Low Risk,69.6,0.0,19,Month-to-month,Mailed check,DSL,No,No
9281-OFDMF,No,0,0.3969942165034349,No,Medium Risk,90.7,0.0,39,Month-to-month,Electronic check,Fiber optic,No,No
2603-HVKCG,No,0,0.5153042455066781,Yes,Medium Risk,101.4,0.0,31,Month-to-month,Electronic check,Fiber optic,No,No
1834-WULEG,No,0,0.040425220626350046,No,Low Risk,20.25,0.0,24,One year,Mailed check,No,No internet service,No internet service
9097-ZUBYC,No,0,0.15919491743629233,No,Low Risk,48.8,0.0,14,Month-to-month,Bank transfer (automatic),DSL,Yes,No
5148-ORICT,No,0,0.024540987507026678,No,Low Risk,74.35,0.0,64,Two year,Mailed check,DSL,Yes,Yes
4893-GYUJU,No,0,0.04047424559058299,No,Low Risk,19.35,0.0,50,One year,Mailed check,No,No internet service,No internet service
4578-PHJYZ,No,0,0.0842669058787654,No,Low Risk,68.75,0.0,52,One year,Electronic check,DSL,Yes,No
7272-QDCKA,No,0,0.2913408944928156,No,Low Risk,100.2,0.0,28,One year,Electronic check,Fiber optic,No,No
8908-SLFCJ,No,0,0.030503492969983042,No,Low Risk,20.85,0.0,21,Two year,Credit card (automatic),No,No internet service,No internet service
8393-DLHGA,Yes,1,0.505939919588179,Yes,Medium Risk,95.9,0.0,25,Month-to-month,Electronic check,Fiber optic,No,No
9766-HGEDE,No,0,0.046444958610100985,No,Low Risk,19.35,0.0,17,One year,Mailed check,No,No internet service,No internet service
6968-MHOMU,No,0,0.12317208526697127,No,Low Risk,45.0,0.0,58,One year,Credit card (automatic),DSL,No,No
7395-IGJOS,Yes,1,0.4306038858278476,No,Medium Risk,81.5,0.0,17,Month-to-month,Bank transfer (automatic),Fiber optic,No,No
5044-XDPYX,No,0,0.02528128834911229,No,Low Risk,25.5,0.0,51,Two year,Mailed check,No,No internet service,No internet service
1814-WFGVS,No,0,0.026544491528841533,No,Low Risk,48.9,0.0,72,Two year,Mailed check,DSL,Yes,Yes
2834-SPCJV,Yes,1,0.24354058790433614,No,Low Risk,84.1,0.0,52,Month-to-month,Electronic check,Fiber optic,No,Yes
3721-WKIIL,No,0,0.02740674878396731,No,Low Risk,19.6,0.0,27,Two year,Mailed check,No,No internet service,No internet service
6734-CKRSM,No,0,0.16696462984100963,No,Low Risk,20.0,0.0,3,Month-to-month,Mailed check,No,No internet service,No internet service
1265-ZFOSD,No,0,0.027588171458213337,No,Low Risk,81.3,0.0,64,Two year,Mailed check,DSL,Yes,Yes
6568-POCUI,No,0,0.07977939446982169,No,Low Risk,95.2,0.0,45,Two year,Credit card (automatic),Fiber optic,Yes,No
7890-VYYWG,Yes,1,0.6169807052051137,Yes,High Risk,36.45,36.45,3,Month-to-month,Mailed check,DSL,No,No
5197-LQXXH,No,0,0.03620436047827767,No,Low Risk,83.3,0.0,71,Two year,Credit card (automatic),DSL,Yes,No
9907-SWKKF,Yes,1,0.7026838977509217,Yes,High Risk,25.05,25.05,1,Month-to-month,Mailed check,DSL,No,No
3457-PQBYH,No,0,0.021530871166499266,No,Low Risk,20.3,0.0,58,Two year,Credit card (automatic),No,No internet service,No internet service
7682-AZNDK,No,0,0.3880336741577766,No,Medium Risk,89.85,0.0,34,Month-to-month,Electronic check,Fiber optic,No,No
0587-DMGBH,Yes,1,0.26168794811997254,No,Low Risk,49.85,0.0,8,Month-to-month,Electronic check,DSL,No,Yes
5384-ZTTWP,No,0,0.09338109311971494,No,Low Risk,19.8,0.0,15,Month-to-month,Mailed check,No,No internet service,No internet service
3745-HRPHI,No,0,0.04341396139324929,No,Low Risk,54.65,0.0,66,Two year,Bank transfer (automatic),DSL,Yes,No
7636-OWBPG,No,0,0.3268394505744297,No,Medium Risk,29.35,0.0,12,Month-to-month,Credit card (automatic),DSL,No,No
1231-YNDEK,No,0,0.023635067914458224,No,Low Risk,19.15,0.0,58,Two year,Bank transfer (automatic),No,No internet service,No internet service
1407-DIGZV,No,0,0.05359236057183639,No,Low Risk,19.1,0.0,3,Two year,Mailed check,No,No internet service,No internet service
6397-JNZZG,Yes,1,0.22694316279366555,No,Low Risk,55.55,0.0,43,Month-to-month,Credit card (automatic),DSL,No,No
0570-BFQHT,No,0,0.4749473878736639,No,Medium Risk,80.55,0.0,9,Month-to-month,Electronic check,Fiber optic,No,No
4393-OBCRR,No,0,0.08824951375892887,No,Low Risk,20.25,0.0,3,One year,Mailed check,No,No internet service,No internet service
3523-QRQLL,Yes,1,0.11013051391135575,No,Low Risk,69.5,0.0,22,One year,Bank transfer (automatic),DSL,No,No
8564-LDKFL,No,0,0.2639687258136228,No,Low Risk,106.0,0.0,40,One year,Bank transfer (automatic),Fiber optic,No,No
3696-DFHHB,No,0,0.02325702251472386,No,Low Risk,25.5,0.0,68,Two year,Bank transfer (automatic),No,No internet service,No internet service
0895-DQHEW,Yes,1,0.5278154234838514,Yes,Medium Risk,104.3,0.0,54,Month-to-month,Electronic check,Fiber optic,No,No
4717-GHADL,No,0,0.047678503696750724,No,Low Risk,79.6,0.0,50,Two year,Mailed check,DSL,Yes,No
5501-TVMGM,No,0,0.7072468017463848,Yes,High Risk,55.25,55.25,1,Month-to-month,Electronic check,DSL,No,No
5879-HMFFH,No,0,0.026225817068399517,No,Low Risk,88.05,0.0,72,Two year,Bank transfer (automatic),DSL,Yes,Yes
6772-WFQRD,No,0,0.04439119875938083,No,Low Risk,20.4,0.0,40,One year,Bank transfer (automatic),No,No internet service,No internet service
3810-DVDQQ,No,0,0.04330474759663763,No,Low Risk,117.6,0.0,72,Two year,Bank transfer (automatic),Fiber optic,Yes,Yes
6972-SNKKW,No,0,0.10347861186483555,No,Low Risk,20.0,0.0,6,Month-to-month,Mailed check,No,No internet service,No internet service
3694-GLTJM,No,0,0.17842673298966455,No,Low Risk,19.65,0.0,5,Month-to-month,Credit card (automatic),No,No internet service,No internet service
8550-XSXUQ,No,0,0.09693379193406901,No,Low Risk,70.55,0.0,48,One year,Credit card (automatic),DSL,No,No
8149-RSOUN,Yes,1,0.8736868667133911,Yes,High Risk,93.85,93.85,1,Month-to-month,Electronic check,Fiber optic,No,No
9055-MOJJJ,No,0,0.045866662352236985,No,Low Risk,65.8,0.0,64,One year,Mailed check,DSL,Yes,Yes
4359-INNWN,No,0,0.046444958610100985,No,Low Risk,20.05,0.0,17,One year,Credit card (automatic),No,No internet service,No internet service
0585-EGDDA,No,0,0.3621140702408809,No,Medium Risk,80.0,0.0,40,Month-to-month,Electronic check,Fiber optic,No,No
4032-RMHCI,No,0,0.06503500346842055,No,Low Risk,35.4,0.0,41,One year,Credit card (automatic),DSL,No,Yes
0549-CYCQN,No,0,0.13295150621963292,No,Low Risk,79.6,0.0,51,One year,Bank transfer (automatic),Fiber optic,No,No
3481-JHUZH,No,0,0.40652978490734537,No,Medium Risk,80.25,0.0,41,Month-to-month,Electronic check,Fiber optic,No,No
7250-EQKIY,Yes,1,0.5607506663101295,Yes,Medium Risk,50.45,0.0,1,Month-to-month,Mailed check,DSL,No,No
3594-IVHJZ,No,0,0.22124700963647537,No,Low Risk,20.45,0.0,2,Month-to-month,Mailed check,No,No internet service,No internet service
6869-FGJJC,No,0,0.07335987357201049,No,Low Risk,79.6,0.0,68,One year,Credit card (automatic),Fiber optic,No,No
3896-ZVNET,No,0,0.027860423372036695,No,Low Risk,24.7,0.0,24,Two year,Mailed check,No,No internet service,No internet service
8205-VSLRB,No,0,0.030368662358054573,No,Low Risk,77.3,0.0,70,Two year,Credit card (automatic),DSL,Yes,Yes
5960-MVTUK,No,0,0.45649444098048314,No,Medium Risk,29.75,0.0,3,Month-to-month,Electronic check,DSL,Yes,No
6817-WTYHE,No,0,0.4319769873120534,No,Medium Risk,44.9,0.0,2,Month-to-month,Bank transfer (automatic),DSL,No,No
3082-VQXNH,No,0,0.40861933494490954,No,Medium Risk,29.8,0.0,3,Month-to-month,Credit card (automatic),DSL,No,No
4013-UBXWQ,Yes,1,0.40062914152678647,No,Medium Risk,74.65,0.0,7,Month-to-month,Electronic check,DSL,Yes,No
4931-TRZWN,No,0,0.2873550697264531,No,Low Risk,71.95,0.0,13,Month-to-month,Electronic check,DSL,No,Yes
0750-EKNGL,No,0,0.10347861186483555,No,Low Risk,20.75,0.0,7,Month-to-month,Mailed check,No,No internet service,No internet service
7669-LCRSD,No,0,0.28704059700071727,No,Low Risk,56.3,0.0,12,Month-to-month,Mailed check,DSL,No,No
3567-PQTSO,No,0,0.301928228183153,No,Medium Risk,105.25,0.0,53,One year,Electronic check,Fiber optic,No,No
5519-NPHVG,Yes,1,0.7098489689860442,Yes,High Risk,94.2,94.2,12,Month-to-month,Electronic check,Fiber optic,No,No
8043-PNYSD,No,0,0.020720675767412843,No,Low Risk,19.55,0.0,63,Two year,Mailed check,No,No internet service,No internet service
9938-EKRGF,No,0,0.13469797763724486,No,Low Risk,84.45,0.0,15,Month-to-month,Mailed check,DSL,Yes,Yes
2703-AMTUL,No,0,0.047205447583827456,No,Low Risk,53.65,0.0,36,One year,Mailed check,DSL,No,Yes
0928-JMXNP,No,0,0.5428169512591646,Yes,Medium Risk,29.9,0.0,4,Month-to-month,Electronic check,DSL,No,No
8173-RXAYP,No,0,0.024189086290159246,No,Low Risk,19.7,0.0,24,Two year,Mailed check,No,No internet service,No internet service
4825-XJGDM,No,0,0.04335611759828905,No,Low Risk,43.7,0.0,61,One year,Credit card (automatic),DSL,Yes,Yes
5402-HTOTQ,No,0,0.27240290848961274,No,Low Risk,55.3,0.0,16,Month-to-month,Electronic check,DSL,No,No
6734-JDTTV,No,0,0.02111885409148618,No,Low Risk,19.85,0.0,65,Two year,Credit card (automatic),No,No internet service,No internet service
7850-THJMU,No,0,0.022063916656277653,No,Low Risk,19.65,0.0,26,Two year,Credit card (automatic),No,No internet service,No internet service
3890-RTCMS,No,0,0.19028012909672323,No,Low Risk,49.45,0.0,16,Month-to-month,Mailed check,DSL,Yes,No
8849-GYOKR,Yes,1,0.17633716946404854,No,Low Risk,106.55,0.0,54,One year,Bank transfer (automatic),Fiber optic,No,Yes
3148-BLQJT,Yes,1,0.29872100466145696,No,Low Risk,20.1,0.0,1,Month-to-month,Mailed check,No,No internet service,No internet service
3717-FDJFU,No,0,0.04598964792189165,No,Low Risk,20.45,0.0,5,Two year,Mailed check,No,No internet service,No internet service
3665-JATSN,No,0,0.3455073622564877,No,Medium Risk,39.7,0.0,19,Month-to-month,Electronic check,DSL,No,No
7966-YOTQW,No,0,0.24161830982076882,No,Low Risk,54.5,0.0,10,Month-to-month,Credit card (automatic),DSL,No,Yes
0461-CVKMU,Yes,1,0.2711506774985588,No,Low Risk,83.8,0.0,23,Month-to-month,Electronic check,Fiber optic,Yes,No
8806-EAGWC,Yes,1,0.423741592132011,No,Medium Risk,55.15,0.0,3,Month-to-month,Mailed check,DSL,No,No
8853-TZDGH,No,0,0.0569565157432186,No,Low Risk,111.6,0.0,72,Two year,Bank transfer (automatic),Fiber optic,Yes,No
7779-LGOVN,Yes,1,0.7356652149054671,Yes,High Risk,86.65,86.65,10,Month-to-month,Electronic check,Fiber optic,No,No
4324-BZCKL,No,0,0.2591562816451413,No,Low Risk,55.55,0.0,10,Month-to-month,Mailed check,DSL,No,No
6924-TDGMT,No,0,0.06776162124440625,No,Low Risk,20.55,0.0,11,One year,Mailed check,No,No internet service,No internet service
9710-ZUSHQ,Yes,1,0.43309893171706154,No,Medium Risk,106.75,0.0,37,Month-to-month,Bank transfer (automatic),Fiber optic,No,Yes
1536-YHDOE,No,0,0.07825660846414276,No,Low Risk,62.1,0.0,17,One year,Mailed check,DSL,Yes,Yes
8123-QBNAZ,No,0,0.3994964312465713,No,Medium Risk,104.5,0.0,36,Month-to-month,Credit card (automatic),Fiber optic,No,Yes
3629-ZNKXA,No,0,0.6821178787875561,Yes,High Risk,101.8,101.8,17,Month-to-month,Electronic check,Fiber optic,No,No
4827-LTQRJ,No,0,0.1332858304578706,No,Low Risk,110.6,0.0,66,One year,Credit card (automatic),Fiber optic,Yes,Yes
7711-YIJWC,No,0,0.04940644020673706,No,Low Risk,84.9,0.0,61,One year,Bank transfer (automatic),DSL,Yes,Yes
5482-VXSXJ,No,0,0.38738516870884093,No,Medium Risk,93.2,0.0,22,Month-to-month,Mailed check,Fiber optic,No,No
7365-BVCJH,No,0,0.6801605387709504,Yes,High Risk,24.4,24.4,1,Month-to-month,Electronic check,DSL,No,No
9620-ENEJV,No,0,0.45939632272582753,No,Medium Risk,70.55,0.0,6,Month-to-month,Credit card (automatic),Fiber optic,No,No
4183-WCSEP,Yes,1,0.32870326575685666,No,Medium Risk,78.45,0.0,31,Month-to-month,Electronic check,Fiber optic,Yes,No
2378-YIZKA,No,0,0.026765796388742245,No,Low Risk,85.0,0.0,68,Two year,Credit card (automatic),DSL,Yes,Yes
5498-TXHLF,Yes,1,0.4179996287899858,No,Medium Risk,87.45,0.0,34,Month-to-month,Electronic check,Fiber optic,No,No
0689-DSXGL,No,0,0.17352106300222406,No,Low Risk,85.8,0.0,52,Month-to-month,Bank transfer (automatic),Fiber optic,Yes,No
6818-DJXAA,No,0,0.5565217814310287,Yes,Medium Risk,91.1,0.0,10,Month-to-month,Electronic check,Fiber optic,Yes,No
9722-UJOJR,Yes,1,0.38970795569343547,No,Medium Risk,70.75,0.0,29,Month-to-month,Electronic check,Fiber optic,No,No
0464-WJTKO,No,0,0.018159855412516312,No,Low Risk,20.1,0.0,72,Two year,Bank transfer (automatic),No,No internet service,No internet service
8902-ZEOVF,No,0,0.03692758139743251,No,Low Risk,20.05,0.0,47,One year,Mailed check,No,No internet service,No internet service
6778-EICRF,No,0,0.09369928044078792,No,Low Risk,74.8,0.0,24,One year,Mailed check,DSL,No,Yes
2662-NNTDK,No,0,0.04034262103235073,No,Low Risk,24.8,0.0,65,One year,Credit card (automatic),No,No internet service,No internet service
4132-KALRO,No,0,0.7370627417680998,Yes,High Risk,100.85,100.85,4,Month-to-month,Mailed check,Fiber optic,Yes,No
3902-FOIGH,Yes,1,0.7577206074620099,Yes,High Risk,101.35,101.35,12,Month-to-month,Electronic check,Fiber optic,No,No
6772-KSATR,Yes,1,0.7783429143953972,Yes,High Risk,81.7,81.7,1,Month-to-month,Electronic check,Fiber optic,No,Yes
7112-OPOTK,Yes,1,0.32145374524102366,No,Medium Risk,68.25,0.0,33,Month-to-month,Electronic check,Fiber optic,No,No
2874-YXVVA,No,0,0.4608346291262307,No,Medium Risk,105.1,0.0,34,Month-to-month,Electronic check,Fiber optic,Yes,No
1245-HARPS,No,0,0.031345668258446514,No,Low Risk,20.4,0.0,14,Two year,Mailed check,No,No internet service,No internet service
4210-QFJMF,Yes,1,0.6990256571036835,Yes,High Risk,79.15,79.15,4,Month-to-month,Electronic check,Fiber optic,No,No
4323-ELYYB,No,0,0.051846025864619436,No,Low Risk,20.0,0.0,13,One year,Mailed check,No,No internet service,No internet service
4293-ETKAP,No,0,0.04031851491869811,No,Low Risk,79.4,0.0,65,Two year,Bank transfer (automatic),DSL,Yes,No
6064-PUPMC,No,0,0.04509658396492512,No,Low Risk,57.2,0.0,23,One year,Credit card (automatic),DSL,Yes,Yes
6504-VBLFL,No,0,0.04086457221657973,No,Low Risk,58.6,0.0,55,Two year,Electronic check,DSL,No,Yes
6322-PJJDJ,No,0,0.13264454670418224,No,Low Risk,94.8,0.0,49,Two year,Electronic check,Fiber optic,No,No
0330-BGYZE,No,0,0.18301777566465366,No,Low Risk,102.5,0.0,60,One year,Bank transfer (automatic),Fiber optic,No,No
1085-LDWAM,No,0,0.0353688900784569,No,Low Risk,20.35,0.0,69,One year,Credit card (automatic),No,No internet service,No internet service
7586-ZATGZ,No,0,0.47078114716180686,No,Medium Risk,84.9,0.0,40,Month-to-month,Electronic check,Fiber optic,No,No
7197-VOJMM,No,0,0.02409391711218261,No,Low Risk,69.2,0.0,67,Two year,Credit card (automatic),DSL,Yes,Yes
3318-OSATS,Yes,1,0.5697064018584007,Yes,Medium Risk,95.45,0.0,35,Month-to-month,Electronic check,Fiber optic,No,No
5828-AVIPD,Yes,1,0.39918211822425875,No,Medium Risk,100.95,0.0,19,One year,Electronic check,Fiber optic,Yes,No
1843-TLSGD,No,0,0.031171919019891293,No,Low Risk,20.85,0.0,13,Two year,Mailed check,No,No internet service,No internet service
9626-VFRGG,No,0,0.3379688125691093,No,Medium Risk,88.5,0.0,41,Month-to-month,Bank transfer (automatic),Fiber optic,No,No
7075-BNDVQ,No,0,0.2725331278992354,No,Low Risk,35.0,0.0,4,Month-to-month,Mailed check,DSL,No,Yes
9143-CANJF,No,0,0.10913927954223658,No,Low Risk,55.15,0.0,24,Month-to-month,Electronic check,DSL,Yes,Yes
7284-BUYEC,No,0,0.470482875169325,No,Medium Risk,50.95,0.0,5,Month-to-month,Credit card (automatic),DSL,No,No
2041-JIJCI,No,0,0.5013489026689798,Yes,Medium Risk,64.0,0.0,5,Month-to-month,Electronic check,DSL,No,No
1086-LXKFY,Yes,1,0.7598399460578013,Yes,High Risk,69.1,69.1,1,Month-to-month,Mailed check,Fiber optic,No,No
4900-MSOMT,No,0,0.024046375440418582,No,Low Risk,80.2,0.0,72,Two year,Bank transfer (automatic),DSL,Yes,Yes
2229-VWQJH,No,0,0.18910558855317056,No,Low Risk,49.3,0.0,24,Month-to-month,Credit card (automatic),DSL,No,No
9194-GFVOI,No,0,0.037240486415675525,No,Low Risk,84.35,0.0,42,Two year,Credit card (automatic),DSL,Yes,Yes
1336-EZFZY,No,0,0.14575567919699448,No,Low Risk,20.05,0.0,4,Month-to-month,Mailed check,No,No internet service,No internet service
4282-MSACW,No,0,0.16674490465646338,No,Low Risk,117.2,0.0,68,One year,Credit card (automatic),Fiber optic,Yes,Yes
1403-LKLIK,No,0,0.03692758139743251,No,Low Risk,20.1,0.0,33,One year,Mailed check,No,No internet service,No internet service
2636-ALXXZ,Yes,1,0.8338856621320575,Yes,High Risk,69.6,69.6,1,Month-to-month,Electronic check,Fiber optic,No,No
7774-OJSXI,Yes,1,0.3848629069751857,No,Medium Risk,103.45,0.0,31,One year,Electronic check,Fiber optic,No,No
7786-WBJYI,Yes,1,0.5534104043109888,Yes,Medium Risk,77.95,0.0,4,Month-to-month,Bank transfer (automatic),Fiber optic,No,No
0136-IFMYD,No,0,0.1271217153246959,No,Low Risk,109.95,0.0,69,Two year,Electronic check,Fiber optic,Yes,No
5144-TVGLP,No,0,0.47002464812202616,No,Medium Risk,94.75,0.0,38,Month-to-month,Electronic check,Fiber optic,No,No
9643-AVVWI,No,0,0.5538743661258232,Yes,Medium Risk,80.0,0.0,3,Month-to-month,Electronic check,Fiber optic,Yes,No
0253-ZTEOB,No,0,0.05954062993120256,No,Low Risk,79.65,0.0,48,Two year,Electronic check,DSL,Yes,No
2706-QZIHY,No,0,0.03606306418630536,No,Low Risk,25.2,0.0,15,Two year,Mailed check,No,No internet service,No internet service
6061-PQHMK,No,0,0.04064838288920519,No,Low Risk,19.9,0.0,25,One year,Credit card (automatic),No,No internet service,No internet service
9885-CSMWE,Yes,1,0.7843078404888439,Yes,High Risk,78.45,78.45,1,Month-to-month,Electronic check,Fiber optic,No,No
6137-MFAJN,No,0,0.20470568560574084,No,Low Risk,44.8,0.0,48,Month-to-month,Electronic check,DSL,No,Yes
9122-UMROB,No,0,0.29872100466145696,No,Low Risk,20.3,0.0,1,Month-to-month,Mailed check,No,No internet service,No internet service
4232-JGKIY,No,0,0.26032607542605474,No,Low Risk,19.2,0.0,1,Month-to-month,Electronic check,No,No internet service,No internet service
2402-TAIRZ,No,0,0.12738506909221364,No,Low Risk,80.05,0.0,37,One year,Electronic check,Fiber optic,No,No
9659-ZTWSM,No,0,0.16526854023278287,No,Low Risk,107.35,0.0,66,One year,Bank transfer (automatic),Fiber optic,Yes,No
9139-TWBAS,No,0,0.06610418523326896,No,Low Risk,47.85,0.0,26,One year,Bank transfer (automatic),DSL,No,Yes
6685-GBWJZ,No,0,0.04170182581058868,No,Low Risk,70.8,0.0,63,One year,Credit card (automatic),DSL,Yes,Yes
5016-ETTFF,Yes,1,0.28270896926772293,No,Low Risk,29.5,0.0,10,Month-to-month,Mailed check,DSL,No,No
3866-MDTUB,Yes,1,0.4209524087960125,No,Medium Risk,70.75,0.0,2,Month-to-month,Electronic check,DSL,No,Yes
2195-VVRJF,No,0,0.19120681511191095,No,Low Risk,59.1,0.0,18,Month-to-month,Credit card (automatic),DSL,No,Yes
3913-RDSJZ,No,0,0.02325702251472386,No,Low Risk,25.55,0.0,64,Two year,Mailed check,No,No internet service,No internet service
8058-JMEQO,Yes,1,0.7356652149054671,Yes,High Risk,84.45,84.45,9,Month-to-month,Electronic check,Fiber optic,No,No
4203-QGNZA,No,0,0.0673602108474518,No,Low Risk,20.25,0.0,28,Month-to-month,Mailed check,No,No internet service,No internet service
5043-TRZWM,No,0,0.7343580511959091,Yes,High Risk,75.55,75.55,1,Month-to-month,Electronic check,Fiber optic,No,No
0697-ZMSWS,Yes,1,0.7611859999299737,Yes,High Risk,85.65,85.65,4,Month-to-month,Electronic check,Fiber optic,No,No
7657-DYEPJ,Yes,1,0.08473633978430094,No,Low Risk,70.15,0.0,38,One year,Credit card (automatic),DSL,Yes,No
9494-BDNNC,No,0,0.168003765510584,No,Low Risk,95.3,0.0,66,One year,Electronic check,Fiber optic,No,No
1640-PLFMP,No,0,0.804979670889202,Yes,High Risk,70.25,70.25,1,Month-to-month,Electronic check,Fiber optic,No,No
5366-OBVMR,No,0,0.1473194845383418,No,Low Risk,50.3,0.0,18,Month-to-month,Mailed check,DSL,Yes,No
8276-MQBYC,Yes,1,0.5394528386703191,Yes,Medium Risk,97.8,0.0,51,Month-to-month,Electronic check,Fiber optic,No,No
7644-OMVMY,No,0,0.07520187007787078,No,Low Risk,19.85,0.0,0,Two year,Mailed check,No,No internet service,No internet service
7593-XFKDI,Yes,1,0.512196654971884,Yes,Medium Risk,46.3,0.0,1,Month-to-month,Mailed check,DSL,No,No
4573-JKNAE,No,0,0.03311005800861855,No,Low Risk,19.35,0.0,12,Two year,Bank transfer (automatic),No,No internet service,No internet service
0337-CNPZE,Yes,1,0.5740146475229408,Yes,Medium Risk,106.3,0.0,41,Month-to-month,Electronic check,Fiber optic,No,No
9817-APLHW,No,0,0.1491627997157183,No,Low Risk,25.0,0.0,12,Month-to-month,Electronic check,No,No internet service,No internet service
8380-MQINP,No,0,0.021530871166499266,No,Low Risk,20.3,0.0,55,Two year,Mailed check,No,No internet service,No internet service
0840-DFEZH,No,0,0.6650993552555221,Yes,High Risk,75.35,75.35,7,Month-to-month,Electronic check,Fiber optic,No,No
1513-XNPPH,Yes,1,0.5434493177259132,Yes,Medium Risk,89.4,0.0,12,Month-to-month,Electronic check,Fiber optic,Yes,No
8690-ZVLCL,No,0,0.02995046707021609,No,Low Risk,88.0,0.0,68,Two year,Credit card (automatic),DSL,Yes,Yes
6015-VVHHE,Yes,1,0.7411498761432086,Yes,High Risk,83.15,83.15,5,Month-to-month,Credit card (automatic),Fiber optic,No,No
1125-SNVCK,No,0,0.1752619847234005,No,Low Risk,43.8,0.0,49,Month-to-month,Mailed check,DSL,No,No
0384-LPITE,No,0,0.08003128667498766,No,Low Risk,62.05,0.0,40,One year,Credit card (automatic),DSL,No,Yes
4616-EWBNJ,No,0,0.04995293816042431,No,Low Risk,20.1,0.0,16,One year,Bank transfer (automatic),No,No internet service,No internet service
6347-DCUIK,Yes,1,0.5599140332431739,Yes,Medium Risk,74.15,0.0,10,Month-to-month,Mailed check,Fiber optic,No,No
1335-HQMKX,No,0,0.22006667931680815,No,Low Risk,101.35,0.0,72,One year,Electronic check,Fiber optic,No,No
2545-EBUPK,No,0,0.7705167862918748,Yes,High Risk,84.05,84.05,2,Month-to-month,Electronic check,Fiber optic,No,No
6923-AQONU,No,0,0.024189086290159246,No,Low Risk,20.9,0.0,23,Two year,Mailed check,No,No internet service,No internet service
2172-EJXVF,No,0,0.22356562463391685,No,Low Risk,105.9,0.0,71,One year,Electronic check,Fiber optic,No,No
0897-FEGMU,Yes,1,0.7597457006459517,Yes,High Risk,99.5,99.5,11,Month-to-month,Electronic check,Fiber optic,No,No
7663-RGWBC,Yes,1,0.5919531673413575,Yes,Medium Risk,44.15,0.0,1,Month-to-month,Mailed check,DSL,No,No
1120-BMWUB,Yes,1,0.16650171766384006,No,Low Risk,53.9,0.0,16,Month-to-month,Mailed check,DSL,Yes,No
9124-LHCJQ,Yes,1,0.8276660096838212,Yes,High Risk,85.45,85.45,1,Month-to-month,Mailed check,Fiber optic,No,No
4536-PLEQY,No,0,0.49159714995966985,No,Medium Risk,85.05,0.0,12,Month-to-month,Credit card (automatic),Fiber optic,No,No
7029-IJEJK,No,0,0.06113742684204982,No,Low Risk,44.1,0.0,54,One year,Bank transfer (automatic),DSL,Yes,Yes
8871-JLMHM,No,0,0.04269711717927737,No,Low Risk,90.2,0.0,68,Two year,Credit card (automatic),Fiber optic,Yes,No
2235-ZGKPT,Yes,1,0.3884578259468574,No,Medium Risk,50.85,0.0,4,Month-to-month,Mailed check,DSL,No,No
3891-PUQOD,Yes,1,0.6166719704963545,Yes,High Risk,59.2,59.2,1,Month-to-month,Electronic check,DSL,No,No
5447-VYTKW,No,0,0.07529966187511603,No,Low Risk,53.45,0.0,27,Month-to-month,Mailed check,DSL,Yes,Yes
3623-FQBOX,No,0,0.09357514076029,No,Low Risk,19.95,0.0,21,Month-to-month,Mailed check,No,No internet service,No internet service
0689-NKYLF,Yes,1,0.6032038476821389,Yes,High Risk,83.2,83.2,13,Month-to-month,Electronic check,Fiber optic,No,No
8659-HDIYE,No,0,0.12962108713680973,No,Low Risk,74.65,0.0,64,Month-to-month,Credit card (automatic),DSL,Yes,No
3658-KIBGF,Yes,1,0.5415434424947992,Yes,Medium Risk,54.9,0.0,1,Month-to-month,Electronic check,DSL,No,Yes
3474-BAFSJ,No,0,0.04557117864605664,No,Low Risk,57.5,0.0,57,Two year,Bank transfer (automatic),DSL,Yes,No
5519-YLDGW,Yes,1,0.6109727279002162,Yes,High Risk,103.9,103.9,21,Month-to-month,Electronic check,Fiber optic,No,Yes
3865-ZFZIB,No,0,0.024710116960603334,No,Low Risk,19.65,0.0,19,Two year,Mailed check,No,No internet service,No internet service
1855-AGAWH,No,0,0.2918142882008028,No,Low Risk,93.8,0.0,31,One year,Electronic check,Fiber optic,No,No
7109-CQYUZ,No,0,0.03537272848173804,No,Low Risk,89.25,0.0,52,Two year,Mailed check,DSL,Yes,Yes
1370-GGAWX,No,0,0.22013089255874113,No,Low Risk,94.15,0.0,46,One year,Electronic check,Fiber optic,No,No
4680-KUTAJ,No,0,0.330071757767675,No,Medium Risk,55.6,0.0,11,Month-to-month,Electronic check,DSL,No,Yes
5307-UVGNB,No,0,0.13886928422901673,No,Low Risk,48.7,0.0,53,Month-to-month,Bank transfer (automatic),DSL,No,Yes
4946-EDSEW,Yes,1,0.11981398980668936,No,Low Risk,19.25,0.0,11,Month-to-month,Mailed check,No,No internet service,No internet service
2883-ILGWO,No,0,0.37633866434142366,No,Medium Risk,104.9,0.0,57,Month-to-month,Bank transfer (automatic),Fiber optic,Yes,No
2516-VQRRV,Yes,1,0.7207382619539963,Yes,High Risk,75.45,75.45,2,Month-to-month,Mailed check,Fiber optic,No,No
7580-UGXNC,Yes,1,0.3139792755545615,No,Medium Risk,54.85,0.0,2,Month-to-month,Mailed check,DSL,No,Yes
3642-BYHDO,No,0,0.018159855412516312,No,Low Risk,19.9,0.0,71,Two year,Bank transfer (automatic),No,No internet service,No internet service
9629-NHXFW,No,0,0.34743858065439176,No,Medium Risk,19.4,0.0,1,Month-to-month,Mailed check,No,No internet service,No internet service
2696-RZVZW,No,0,0.02325702251472386,No,Low Risk,25.05,0.0,68,Two year,Credit card (automatic),No,No internet service,No internet service
5766-FTRTS,No,0,0.023504785458039565,No,Low Risk,84.45,0.0,72,Two year,Mailed check,DSL,Yes,Yes
0396-HUJBP,No,0,0.1794584042671467,No,Low Risk,19.3,0.0,2,Month-to-month,Mailed check,No,No internet service,No internet service
5178-LMXOP,Yes,1,0.8829064880518586,Yes,High Risk,95.1,95.1,1,Month-to-month,Electronic check,Fiber optic,No,No
8879-ZKJOF,No,0,0.07082153872254451,No,Low Risk,79.85,0.0,41,One year,Bank transfer (automatic),DSL,Yes,Yes
6285-FTQBF,No,0,0.020274978401497466,No,Low Risk,25.55,0.0,72,Two year,Credit card (automatic),No,No internet service,No internet service
8185-UPYBR,Yes,1,0.6758674986235669,Yes,High Risk,75.5,75.5,6,Month-to-month,Electronic check,Fiber optic,No,No
4585-HETAI,Yes,1,0.6465273540172709,Yes,High Risk,73.75,73.75,4,Month-to-month,Electronic check,Fiber optic,No,No
7526-BEZQB,Yes,1,0.7347079839118107,Yes,High Risk,96.05,96.05,12,Month-to-month,Electronic check,Fiber optic,No,No
1474-JUWSM,No,0,0.088051852122177,No,Low Risk,68.4,0.0,58,One year,Electronic check,DSL,Yes,Yes
3530-CRZSB,No,0,0.10347861186483555,No,Low Risk,20.65,0.0,7,Month-to-month,Mailed check,No,No internet service,No internet service
8498-XXGWA,No,0,0.09923553275784903,No,Low Risk,55.15,0.0,65,Month-to-month,Mailed check,DSL,No,Yes
9617-INGJY,No,0,0.7653546055196001,Yes,High Risk,70.6,70.6,1,Month-to-month,Mailed check,Fiber optic,No,No
0621-TSSMU,No,0,0.03624859408634325,No,Low Risk,19.95,0.0,56,One year,Credit card (automatic),No,No internet service,No internet service
7234-KMNRQ,No,0,0.14575567919699448,No,Low Risk,19.0,0.0,4,Month-to-month,Mailed check,No,No internet service,No internet service
7636-PEPNS,No,0,0.07624599220365898,No,Low Risk,44.1,0.0,58,One year,Mailed check,DSL,No,No
4683-WYDOU,No,0,0.09876259367800168,No,Low Risk,107.6,0.0,62,Two year,Bank transfer (automatic),Fiber optic,Yes,No
9052-DHNKM,No,0,0.07915601640952385,No,Low Risk,61.55,0.0,26,One year,Electronic check,DSL,No,Yes
6794-HKIAJ,No,0,0.15929993871371728,No,Low Risk,90.7,0.0,62,Month-to-month,Bank transfer (automatic),Fiber optic,No,Yes
5578-NKCXI,No,0,0.13066663914044246,No,Low Risk,99.25,0.0,58,One year,Credit card (automatic),Fiber optic,No,Yes
1642-HMARX,No,0,0.04538773506956146,No,Low Risk,91.7,0.0,68,Two year,Electronic check,DSL,Yes,Yes
3096-WPXBT,No,0,0.1308785174152706,No,Low Risk,100.7,0.0,61,One year,Credit card (automatic),Fiber optic,No,Yes
8434-PNQZX,No,0,0.06024214140424905,No,Low Risk,78.45,0.0,42,Two year,Credit card (automatic),DSL,Yes,No
5950-AAAGJ,No,0,0.36362278157940925,No,Medium Risk,84.3,0.0,18,Month-to-month,Bank transfer (automatic),Fiber optic,No,No
4299-OPXEJ,No,0,0.023635067914458224,No,Low Risk,19.55,0.0,56,Two year,Bank transfer (automatic),No,No internet service,No internet service
4951-UKAAQ,Yes,1,0.7274652833705763,Yes,High Risk,88.95,88.95,4,Month-to-month,Electronic check,Fiber optic,No,No
9618-LFJRU,No,0,0.14575567919699448,No,Low Risk,20.45,0.0,4,Month-to-month,Credit card (automatic),No,No internet service,No internet service
6693-DJWTY,No,0,0.047205447583827456,No,Low Risk,55.6,0.0,35,One year,Credit card (automatic),DSL,No,Yes
0744-GKNGE,No,0,0.14308166624044016,No,Low Risk,86.8,0.0,64,Month-to-month,Bank transfer (automatic),Fiber optic,Yes,Yes
6447-EGDIV,No,0,0.03713218255245417,No,Low Risk,20.95,0.0,31,One year,Mailed check,No,No internet service,No internet service
1167-OYZJF,No,0,0.02431129779061629,No,Low Risk,20.05,0.0,67,Two year,Bank transfer (automatic),No,No internet service,No internet service
2108-YKQTY,Yes,1,0.3036232540693233,No,Medium Risk,50.7,0.0,4,Month-to-month,Credit card (automatic),DSL,No,No
4806-DXQCE,No,0,0.10114307182034499,No,Low Risk,113.65,0.0,70,Two year,Electronic check,Fiber optic,Yes,Yes
4918-QLLIW,Yes,1,0.39952162718297035,No,Medium Risk,53.4,0.0,3,Month-to-month,Credit card (automatic),DSL,No,No
7056-IMHCC,Yes,1,0.5412619980762272,Yes,Medium Risk,101.9,0.0,53,Month-to-month,Electronic check,Fiber optic,No,No
4854-SSLTN,No,0,0.05868751369096522,No,Low Risk,59.5,0.0,2,Two year,Mailed check,DSL,Yes,Yes
5294-DMSFH,No,0,0.3858711801026547,No,Medium Risk,87.8,0.0,29,Month-to-month,Credit card (automatic),Fiber optic,No,No
4837-PZTIC,No,0,0.029875233523959113,No,Low Risk,41.9,0.0,47,Two year,Mailed check,DSL,Yes,Yes
1625-JAIIY,Yes,1,0.16141836697260745,No,Low Risk,83.0,0.0,68,One year,Electronic check,Fiber optic,No,No
0603-OLQDC,No,0,0.22012352469396645,No,Low Risk,69.85,0.0,12,Month-to-month,Mailed check,DSL,No,Yes
3272-VUHPV,No,0,0.1524491568678765,No,Low Risk,56.3,0.0,8,Month-to-month,Bank transfer (automatic),DSL,Yes,No
4176-FXYBO,No,0,0.39545000796231206,No,Medium Risk,109.55,0.0,54,Month-to-month,Electronic check,Fiber optic,No,Yes
1063-DHQJF,No,0,0.04310672802901235,No,Low Risk,92.15,0.0,69,Two year,Mailed check,Fiber optic,Yes,No
8663-UPDGF,No,0,0.15432237732894843,No,Low Risk,69.5,0.0,26,Month-to-month,Bank transfer (automatic),DSL,No,Yes
6719-FGEDO,No,0,0.04325913612684639,No,Low Risk,97.0,0.0,72,Two year,Bank transfer (automatic),Fiber optic,Yes,Yes
1837-YQUCE,No,0,0.0342090494423566,No,Low Risk,58.35,0.0,70,Two year,Bank transfer (automatic),DSL,Yes,Yes
2947-DOMLJ,Yes,1,0.4555390993206848,No,Medium Risk,50.6,0.0,1,Month-to-month,Mailed check,DSL,No,Yes
4112-LUEIZ,Yes,1,0.6741223653461754,Yes,High Risk,89.5,89.5,10,Month-to-month,Electronic check,Fiber optic,No,No
0369-ZGOVK,No,0,0.12365065552490016,No,Low Risk,70.4,0.0,28,One year,Bank transfer (automatic),Fiber optic,No,No
4510-HIMLV,Yes,1,0.804979670889202,Yes,High Risk,69.8,69.8,1,Month-to-month,Electronic check,Fiber optic,No,No
9919-KNPOO,No,0,0.6191957375440463,Yes,High Risk,94.3,94.3,21,Month-to-month,Electronic check,Fiber optic,No,No
8749-JMNKX,Yes,1,0.3171792812220322,No,Medium Risk,93.8,0.0,51,Month-to-month,Bank transfer (automatic),Fiber optic,No,Yes
7872-BAAZR,No,0,0.03692758139743251,No,Low Risk,19.55,0.0,53,One year,Bank transfer (automatic),No,No internet service,No internet service
9391-LMANN,No,0,0.13742047969180116,No,Low Risk,95.95,0.0,53,One year,Electronic check,Fiber optic,No,Yes
2430-USGXP,Yes,1,0.658753425471631,Yes,High Risk,101.05,101.05,24,Month-to-month,Electronic check,Fiber optic,No,No
8174-TBVCF,No,0,0.04243119804159393,No,Low Risk,94.8,0.0,70,Two year,Credit card (automatic),DSL,Yes,Yes
1698-XFZCI,No,0,0.22573789970193248,No,Low Risk,107.75,0.0,61,One year,Electronic check,Fiber optic,No,Yes
1877-HKBQX,No,0,0.07942305946392224,No,Low Risk,54.6,0.0,11,One year,Mailed check,DSL,Yes,Yes
4450-DLLMH,No,0,0.6243405825089126,Yes,High Risk,71.3,71.3,2,Month-to-month,Credit card (automatic),Fiber optic,No,No
0428-AXXLJ,No,0,0.0499870195558218,No,Low Risk,19.5,0.0,25,One year,Bank transfer (automatic),No,No internet service,No internet service
2746-DIJLO,No,0,0.0976048468651034,No,Low Risk,56.3,0.0,41,One year,Credit card (automatic),DSL,No,No
5955-ERIHD,Yes,1,0.6191957375440463,Yes,High Risk,94.7,94.7,18,Month-to-month,Electronic check,Fiber optic,No,No
0917-EZOLA,Yes,1,0.10255891601855062,No,Low Risk,104.15,0.0,72,Two year,Bank transfer (automatic),Fiber optic,No,No
3508-VLHCZ,No,0,0.025994298435742698,No,Low Risk,90.55,0.0,71,Two year,Credit card (automatic),DSL,Yes,Yes
4086-ATNFV,No,0,0.05879835013848589,No,Low Risk,60.8,0.0,34,One year,Mailed check,DSL,No,Yes
0468-YRPXN,No,0,0.4057533400987254,No,Medium Risk,98.8,0.0,29,Month-to-month,Credit card (automatic),Fiber optic,Yes,No
5996-NRVXR,No,0,0.14234918333350982,No,Low Risk,98.15,0.0,40,One year,Credit card (automatic),Fiber optic,Yes,Yes
3739-YBWAB,No,0,0.06641211009281148,No,Low Risk,35.35,0.0,36,One year,Mailed check,DSL,No,Yes
7047-FWEYA,No,0,0.26701577458449766,No,Low Risk,103.15,0.0,46,One year,Electronic check,Fiber optic,Yes,No
2000-MPKCA,No,0,0.25389009155107867,No,Low Risk,107.75,0.0,58,One year,Electronic check,Fiber optic,No,Yes
9762-YAQAA,No,0,0.11145674681749779,No,Low Risk,81.4,0.0,39,One year,Credit card (automatic),Fiber optic,No,No
5949-EBSQK,Yes,1,0.2828980458363149,No,Low Risk,61.45,0.0,4,Month-to-month,Credit card (automatic),DSL,Yes,No
5473-KHBPS,No,0,0.16111929097481442,No,Low Risk,95.7,0.0,52,One year,Credit card (automatic),Fiber optic,No,No
0100-DUVFC,No,0,0.25453937841496116,No,Low Risk,104.8,0.0,70,One year,Electronic check,Fiber optic,No,No
5397-TUPSH,No,0,0.09423928965858636,No,Low Risk,70.95,0.0,65,One year,Bank transfer (automatic),Fiber optic,No,No
8950-MTZNV,No,0,0.5919531673413575,Yes,Medium Risk,44.95,0.0,1,Month-to-month,Mailed check,DSL,No,No
0326-VDYXE,No,0,0.2586574695672917,No,Low Risk,97.65,0.0,70,One year,Electronic check,Fiber optic,No,No
6773-LQTVT,No,0,0.22534232135368448,No,Low Risk,35.65,0.0,29,Month-to-month,Mailed check,DSL,No,No
7274-RTAPZ,Yes,1,0.8550338314190217,Yes,High Risk,90.55,90.55,1,Month-to-month,Electronic check,Fiber optic,No,No
0436-TWFFZ,No,0,0.034540779928224616,No,Low Risk,85.25,0.0,67,Two year,Mailed check,DSL,Yes,Yes
8566-YPRGL,No,0,0.3643492574644425,No,Medium Risk,19.5,0.0,1,Month-to-month,Mailed check,No,No internet service,No internet service
0311-UNPFF,Yes,1,0.39311443377515226,No,Medium Risk,88.8,0.0,26,Month-to-month,Bank transfer (automatic),Fiber optic,No,No
6609-MXJHJ,No,0,0.03029645459302573,No,Low Risk,25.1,0.0,30,Two year,Mailed check,No,No internet service,No internet service
2669-OIDSD,No,0,0.3263840014353708,No,Medium Risk,100.05,0.0,48,Month-to-month,Credit card (automatic),Fiber optic,Yes,No
8400-WZICQ,No,0,0.11598907312900424,No,Low Risk,55.7,0.0,55,Month-to-month,Electronic check,DSL,No,Yes
3834-XUIFC,Yes,1,0.6416113354769208,Yes,High Risk,85.2,85.2,7,Month-to-month,Mailed check,Fiber optic,No,No
9576-SYUHJ,No,0,0.3782036496600824,No,Medium Risk,91.15,0.0,37,Month-to-month,Electronic check,Fiber optic,No,Yes
0410-IPFTY,No,0,0.3361266981380083,No,Medium Risk,83.85,0.0,31,Month-to-month,Bank transfer (automatic),Fiber optic,No,No
2831-EBWRN,No,0,0.45882397404307607,No,Medium Risk,45.9,0.0,4,Month-to-month,Electronic check,DSL,No,No
9430-NKQLY,No,0,0.02066477272694156,No,Low Risk,25.1,0.0,72,Two year,Credit card (automatic),No,No internet service,No internet service
8414-MYSHR,Yes,1,0.7564621887667785,Yes,High Risk,91.4,91.4,5,Month-to-month,Electronic check,Fiber optic,No,No
0247-SLUJI,No,0,0.29752040522897016,No,Low Risk,19.7,0.0,1,Month-to-month,Mailed check,No,No internet service,No internet service
9402-ORRAH,No,0,0.6641006113937337,Yes,High Risk,91.5,91.5,15,Month-to-month,Electronic check,Fiber optic,No,No
6483-OATDN,No,0,0.1987865401993501,No,Low Risk,51.3,0.0,8,Month-to-month,Credit card (automatic),DSL,No,Yes
1293-HHSHJ,No,0,0.03713218255245417,No,Low Risk,21.1,0.0,35,One year,Mailed check,No,No internet service,No internet service
4840-ORQXB,No,0,0.4594843777265855,No,Medium Risk,104.75,0.0,56,Month-to-month,Electronic check,Fiber optic,No,No
7599-FKVXZ,Yes,1,0.4251138200629047,No,Medium Risk,106.15,0.0,42,Month-to-month,Bank transfer (automatic),Fiber optic,Yes,No
3982-DQLUS,No,0,0.23155633524739644,No,Low Risk,85.75,0.0,65,Month-to-month,Electronic check,Fiber optic,No,Yes
8610-ZIKJJ,No,0,0.10777969164502038,No,Low Risk,20.3,0.0,2,One year,Mailed check,No,No internet service,No internet service
3756-VNWDH,No,0,0.2099488847082476,No,Low Risk,100.75,0.0,65,One year,Electronic check,Fiber optic,No,Yes
7801-KICAO,No,0,0.5229043268825195,Yes,Medium Risk,74.15,0.0,18,Month-to-month,Electronic check,Fiber optic,No,No
7673-LPRNY,No,0,0.17427819777804157,No,Low Risk,78.55,0.0,23,One year,Electronic check,DSL,No,Yes
8229-TNIQA,Yes,1,0.4093349399375932,No,Medium Risk,45.3,0.0,4,Month-to-month,Mailed check,DSL,No,No
6060-QBMGV,No,0,0.020837423718393398,No,Low Risk,19.85,0.0,70,Two year,Credit card (automatic),No,No internet service,No internet service
7339-POGZN,No,0,0.4275030083682004,No,Medium Risk,50.7,0.0,4,Month-to-month,Electronic check,DSL,No,No
2828-SLQPF,No,0,0.19479227434576415,No,Low Risk,45.0,0.0,19,Month-to-month,Bank transfer (automatic),DSL,No,No
4465-VDKIQ,No,0,0.3493142931649378,No,Medium Risk,77.8,0.0,18,Month-to-month,Electronic check,Fiber optic,No,No
2921-XWDJH,No,0,0.3668550893661843,No,Medium Risk,83.45,0.0,38,Month-to-month,Electronic check,Fiber optic,No,Yes
6221-AVQYL,Yes,1,0.6711188420833181,Yes,High Risk,73.25,73.25,2,Month-to-month,Credit card (automatic),Fiber optic,No,No
2558-BUOZZ,No,0,0.11772197325802472,No,Low Risk,94.8,0.0,47,One year,Bank transfer (automatic),Fiber optic,No,Yes
9257-AZMTZ,No,0,0.022063916656277653,No,Low Risk,20.1,0.0,52,Two year,Bank transfer (automatic),No,No internet service,No internet service
0003-MKNFE,No,0,0.30099946070797173,No,Medium Risk,59.9,0.0,9,Month-to-month,Mailed check,DSL,No,No
0975-UYDTX,No,0,0.07797015750489998,No,Low Risk,90.1,0.0,26,One year,Credit card (automatic),DSL,Yes,Yes
7743-EXURX,Yes,1,0.363153505274663,No,Medium Risk,51.05,0.0,8,Month-to-month,Electronic check,DSL,No,No
4682-BLBUC,No,0,0.09666559865788801,No,Low Risk,70.95,0.0,44,One year,Electronic check,DSL,Yes,No
0975-VOOVL,No,0,0.4228452512410311,No,Medium Risk,29.2,0.0,3,Month-to-month,Mailed check,DSL,No,No
5968-VXZLG,No,0,0.5212198416755857,Yes,Medium Risk,46.6,0.0,2,Month-to-month,Bank transfer (automatic),DSL,No,No
5569-KGJHX,Yes,1,0.6209422308114494,Yes,High Risk,85.35,85.35,9,Month-to-month,Bank transfer (automatic),Fiber optic,No,No
4988-IQIGL,Yes,1,0.8469943135896922,Yes,High Risk,75.35,75.35,1,Month-to-month,Electronic check,Fiber optic,No,No
5201-FRKKS,No,0,0.20765011895300373,No,Low Risk,74.3,0.0,25,Month-to-month,Bank transfer (automatic),Fiber optic,No,Yes
9799-CAYJJ,No,0,0.7034718517378408,Yes,High Risk,69.3,69.3,2,Month-to-month,Electronic check,Fiber optic,No,No
7730-IUTDZ,Yes,1,0.29372210539670807,No,Low Risk,75.2,0.0,43,Month-to-month,Electronic check,Fiber optic,No,Yes
0426-TIRNE,Yes,1,0.29872100466145696,No,Low Risk,20.9,0.0,1,Month-to-month,Mailed check,No,No internet service,No internet service
5443-SCMKX,No,0,0.2048129548366424,No,Low Risk,94.3,0.0,58,One year,Electronic check,Fiber optic,No,No
8295-KMENE,No,0,0.032139588876461705,No,Low Risk,76.45,0.0,59,Two year,Mailed check,DSL,Yes,Yes
6738-ISCBM,No,0,0.14339293927202582,No,Low Risk,54.0,0.0,44,One year,Electronic check,DSL,No,Yes
9821-BESNZ,No,0,0.22926465020405154,No,Low Risk,104.25,0.0,66,One year,Electronic check,Fiber optic,Yes,No
3678-MNGZX,No,0,0.020720675767412843,No,Low Risk,19.95,0.0,68,Two year,Bank transfer (automatic),No,No internet service,No internet service
1335-NTIUC,No,0,0.4324416961602942,No,Medium Risk,24.95,0.0,9,Month-to-month,Electronic check,DSL,No,No
2916-BQZLN,No,0,0.4387464618676775,No,Medium Risk,84.75,0.0,19,Month-to-month,Electronic check,Fiber optic,No,Yes
4558-CGYCZ,No,0,0.14575567919699448,No,Low Risk,19.75,0.0,4,Month-to-month,Mailed check,No,No internet service,No internet service
2368-GAKKQ,No,0,0.05243602364385809,No,Low Risk,113.65,0.0,70,Two year,Bank transfer (automatic),Fiber optic,Yes,Yes
8710-YGLWG,No,0,0.5919531673413575,Yes,Medium Risk,44.9,0.0,1,Month-to-month,Mailed check,DSL,No,No
3199-XGZCY,No,0,0.6454339158123362,Yes,High Risk,75.25,75.25,8,Month-to-month,Electronic check,Fiber optic,No,No
3785-KTYSH,No,0,0.02528128834911229,No,Low Risk,24.6,0.0,53,Two year,Mailed check,No,No internet service,No internet service
6814-ZPWFQ,No,0,0.055669184080696,No,Low Risk,25.0,0.0,51,One year,Bank transfer (automatic),No,No internet service,No internet service
4063-EIKNQ,No,0,0.09879272168175501,No,Low Risk,20.95,0.0,11,Month-to-month,Bank transfer (automatic),No,No internet service,No internet service
6993-YCOBK,No,0,0.10960288788359636,No,Low Risk,110.6,0.0,60,Two year,Electronic check,Fiber optic,Yes,Yes
5206-HPJKM,No,0,0.14161738415417402,No,Low Risk,55.5,0.0,17,Month-to-month,Credit card (automatic),DSL,No,Yes
7587-RZNME,Yes,1,0.5068996853178107,Yes,Medium Risk,43.3,0.0,3,Month-to-month,Electronic check,DSL,No,No
0748-RDGGM,Yes,1,0.1202807729520427,No,Low Risk,109.5,0.0,70,One year,Bank transfer (automatic),Fiber optic,Yes,Yes
8393-JMVMB,No,0,0.29872100466145696,No,Low Risk,19.45,0.0,1,Month-to-month,Mailed check,No,No internet service,No internet service
5019-GQVCR,No,0,0.5012862391732039,Yes,Medium Risk,84.85,0.0,43,Month-to-month,Electronic check,Fiber optic,No,No
6036-TTFYU,No,0,0.09011555062601638,No,Low Risk,19.6,0.0,16,Month-to-month,Mailed check,No,No internet service,No internet service
2550-AEVRU,No,0,0.06384583625453615,No,Low Risk,53.45,0.0,57,One year,Electronic check,DSL,No,Yes
0969-RGKCU,No,0,0.03692758139743251,No,Low Risk,19.8,0.0,37,One year,Credit card (automatic),No,No internet service,No internet service
0378-CJKPV,No,0,0.04368352733544589,No,Low Risk,112.1,0.0,72,Two year,Credit card (automatic),Fiber optic,Yes,Yes
4706-AXVKM,Yes,1,0.6411315528845882,Yes,High Risk,84.8,84.8,11,Month-to-month,Credit card (automatic),Fiber optic,No,No
5889-JTMUL,Yes,1,0.4458546014004752,No,Medium Risk,95.05,0.0,50,Month-to-month,Electronic check,Fiber optic,No,No
9026-RNUJS,Yes,1,0.40304389403602364,No,Medium Risk,50.35,0.0,5,Month-to-month,Electronic check,DSL,No,No
3746-EUBYR,Yes,1,0.784069283306234,Yes,High Risk,74.6,74.6,1,Month-to-month,Bank transfer (automatic),Fiber optic,No,No
2332-EFBJY,Yes,1,0.11194932642730071,No,Low Risk,19.7,0.0,16,Month-to-month,Mailed check,No,No internet service,No internet service
2880-FPNAE,No,0,0.7073874590786425,Yes,High Risk,74.2,74.2,2,Month-to-month,Electronic check,Fiber optic,No,No
1703-MGIAB,No,0,0.21877938330541438,No,Low Risk,69.0,0.0,17,Month-to-month,Mailed check,DSL,Yes,No
4311-QTTAI,No,0,0.04995293816042431,No,Low Risk,19.35,0.0,16,One year,Credit card (automatic),No,No internet service,No internet service
9474-PHLYD,Yes,1,0.35850939934680964,No,Medium Risk,59.45,0.0,15,Month-to-month,Electronic check,DSL,No,No
4318-RAJVY,No,0,0.06776162124440625,No,Low Risk,19.8,0.0,10,One year,Mailed check,No,No internet service,No internet service
2165-VOEGB,Yes,1,0.13717765940183566,No,Low Risk,105.2,0.0,46,One year,Bank transfer (automatic),Fiber optic,Yes,Yes
3612-YUNGG,No,0,0.09132749784990922,No,Low Risk,109.2,0.0,64,Two year,Credit card (automatic),Fiber optic,Yes,No
2254-DLXRI,No,0,0.7713671318307822,Yes,High Risk,79.15,79.15,1,Month-to-month,Mailed check,Fiber optic,No,No
5062-CJJKH,No,0,0.06569207313640917,No,Low Risk,53.65,0.0,25,One year,Mailed check,DSL,No,No
9028-LIHRP,No,0,0.047306462924844084,No,Low Risk,100.2,0.0,71,Two year,Credit card (automatic),Fiber optic,Yes,Yes
2219-MVUSO,Yes,1,0.2978699273522017,No,Low Risk,45.15,0.0,8,Month-to-month,Mailed check,DSL,No,No
1053-MXTTK,No,0,0.05529132435931591,No,Low Risk,108.65,0.0,72,Two year,Bank transfer (automatic),Fiber optic,Yes,Yes
1530-ZTDOZ,No,0,0.1394846439493618,No,Low Risk,40.65,0.0,49,Month-to-month,Bank transfer (automatic),DSL,No,Yes
1301-LOPVR,No,0,0.06111685673707301,No,Low Risk,55.35,0.0,29,One year,Credit card (automatic),DSL,Yes,Yes
0853-TWRVK,No,0,0.05580286507788648,No,Low Risk,105.6,0.0,72,Two year,Bank transfer (automatic),Fiber optic,Yes,Yes
8914-RBTSB,Yes,1,0.41558801620769964,No,Medium Risk,93.8,0.0,31,Month-to-month,Electronic check,Fiber optic,No,No
6212-ATMLK,No,0,0.49791834426472026,No,Medium Risk,95.7,0.0,50,Month-to-month,Electronic check,Fiber optic,No,No
8200-LGKSR,No,0,0.04042030912258063,No,Low Risk,83.2,0.0,71,Two year,Electronic check,DSL,Yes,Yes
1568-BEKZM,No,0,0.03125841422453192,No,Low Risk,90.05,0.0,70,Two year,Credit card (automatic),DSL,Yes,Yes
0670-ANMUU,No,0,0.0962843845882935,No,Low Risk,97.65,0.0,71,One year,Credit card (automatic),Fiber optic,Yes,Yes
6897-RWMUB,No,0,0.021559857710419728,No,Low Risk,68.05,0.0,61,Two year,Bank transfer (automatic),DSL,Yes,Yes
0963-ZBDRN,Yes,1,0.47608550836983066,No,Medium Risk,96.2,0.0,32,Month-to-month,Electronic check,Fiber optic,Yes,No
7594-RQHXR,Yes,1,0.8322918596799442,Yes,High Risk,79.6,79.6,1,Month-to-month,Electronic check,Fiber optic,No,No
6999-CHVCF,No,0,0.08581454191611053,No,Low Risk,102.1,0.0,68,Two year,Bank transfer (automatic),Fiber optic,No,Yes
6134-KWTBV,No,0,0.02325702251472386,No,Low Risk,23.4,0.0,62,Two year,Bank transfer (automatic),No,No internet service,No internet service
1077-HUUJM,No,0,0.5951257620285312,Yes,Medium Risk,71.05,0.0,7,Month-to-month,Electronic check,Fiber optic,No,No
6331-EWIEB,Yes,1,0.5683191879698304,Yes,Medium Risk,85.25,0.0,20,Month-to-month,Electronic check,Fiber optic,No,No
0895-LNKRC,No,0,0.05742691762955648,No,Low Risk,19.45,0.0,6,One year,Mailed check,No,No internet service,No internet service
2045-BMBTJ,No,0,0.20178836739557837,No,Low Risk,59.45,0.0,33,Month-to-month,Bank transfer (automatic),DSL,No,Yes
8417-GSODA,No,0,0.16605964063979484,No,Low Risk,92.2,0.0,28,One year,Bank transfer (automatic),Fiber optic,No,No
5171-EPLKN,No,0,0.022188061443804846,No,Low Risk,19.85,0.0,27,Two year,Credit card (automatic),No,No internet service,No internet service
4452-QIIEB,No,0,0.25514831624415846,No,Low Risk,43.9,0.0,7,Month-to-month,Mailed check,DSL,No,No
5998-VVEJY,Yes,1,0.40974523761074155,No,Medium Risk,80.5,0.0,26,Month-to-month,Electronic check,Fiber optic,Yes,No
1624-NALOJ,Yes,1,0.7617228934288393,Yes,High Risk,89.8,89.8,5,Month-to-month,Electronic check,Fiber optic,No,No
6741-EGCBI,No,0,0.3739225451598363,No,Medium Risk,90.5,0.0,30,Month-to-month,Credit card (automatic),Fiber optic,No,Yes
7820-ZYGNY,No,0,0.09906818076693709,No,Low Risk,90.45,0.0,63,One year,Credit card (automatic),Fiber optic,No,No
4317-VTEOA,Yes,1,0.6476688349638501,Yes,High Risk,50.75,50.75,1,Month-to-month,Electronic check,DSL,No,No
9677-AVKED,No,0,0.12081679491618924,No,Low Risk,84.6,0.0,53,One year,Electronic check,DSL,Yes,No
1670-SVOWZ,Yes,1,0.3995831623917995,No,Medium Risk,89.65,0.0,14,Month-to-month,Credit card (automatic),Fiber optic,Yes,No
2227-JRSJX,No,0,0.4352642069067967,No,Medium Risk,99.15,0.0,21,Month-to-month,Bank transfer (automatic),Fiber optic,Yes,No
9847-HNVGP,No,0,0.046444958610100985,No,Low Risk,19.95,0.0,17,One year,Mailed check,No,No internet service,No internet service
6696-YDAYZ,No,0,0.02984325288295144,No,Low Risk,20.5,0.0,16,Two year,Mailed check,No,No internet service,No internet service
8980-WQFWL,No,0,0.26845626535534267,No,Low Risk,62.1,0.0,35,Month-to-month,Electronic check,DSL,No,No
1730-ZMAME,No,0,0.49184750647082665,No,Medium Risk,79.5,0.0,32,Month-to-month,Electronic check,Fiber optic,No,No
6506-EYCNH,No,0,0.08230403539091238,No,Low Risk,19.55,0.0,28,Month-to-month,Bank transfer (automatic),No,No internet service,No internet service
4634-JLRJT,No,0,0.35666769182703767,No,Medium Risk,20.35,0.0,1,Month-to-month,Mailed check,No,No internet service,No internet service
9501-UKKNL,No,0,0.2297885197642176,No,Low Risk,51.7,0.0,59,Month-to-month,Electronic check,DSL,Yes,No
2560-QTSBS,No,0,0.03591602047469964,No,Low Risk,23.3,0.0,72,One year,Bank transfer (automatic),No,No internet service,No internet service
7541-YLXCL,Yes,1,0.07255867005228563,No,Low Risk,65.4,0.0,36,One year,Mailed check,DSL,Yes,No
4795-WRNVT,No,0,0.10659296665595493,No,Low Risk,65.1,0.0,40,Month-to-month,Mailed check,DSL,No,Yes
6080-TCMYC,No,0,0.42835961097572095,No,Medium Risk,81.2,0.0,40,Month-to-month,Electronic check,Fiber optic,No,No
0260-ZDLGK,Yes,1,0.2505672869692883,No,Low Risk,72.9,0.0,9,Month-to-month,Mailed check,DSL,Yes,No
7860-UXCRM,No,0,0.024572898654073496,No,Low Risk,74.5,0.0,63,Two year,Credit card (automatic),DSL,Yes,Yes
6357-JJPQT,No,0,0.6984100213978972,Yes,High Risk,80.5,80.5,3,Month-to-month,Electronic check,Fiber optic,No,No
2292-XQWSV,No,0,0.07747124888647788,No,Low Risk,60.3,0.0,40,One year,Mailed check,DSL,Yes,No
9552-TGUZV,No,0,0.38112736599495073,No,Medium Risk,75.0,0.0,8,Month-to-month,Mailed check,Fiber optic,No,Yes
5913-INRQV,No,0,0.08717203590719805,No,Low Risk,90.15,0.0,34,One year,Mailed check,Fiber optic,Yes,Yes
8722-NGNBH,Yes,1,0.2038938854367947,No,Low Risk,40.0,0.0,5,Month-to-month,Mailed check,DSL,Yes,Yes
6210-KBBPI,Yes,1,0.7292201420348715,Yes,High Risk,99.45,99.45,9,Month-to-month,Credit card (automatic),Fiber optic,No,No
9643-YBLUR,No,0,0.3276170338863182,No,Medium Risk,69.05,0.0,9,Month-to-month,Credit card (automatic),DSL,No,No
8734-FNWVH,No,0,0.17899844867130835,No,Low Risk,59.7,0.0,31,Month-to-month,Bank transfer (automatic),DSL,No,No
9447-YPTBX,No,0,0.04047424559058299,No,Low Risk,19.85,0.0,50,One year,Bank transfer (automatic),No,No internet service,No internet service
0133-BMFZO,Yes,1,0.45695647681429946,No,Medium Risk,86.25,0.0,2,Month-to-month,Electronic check,Fiber optic,Yes,Yes
6128-CZOMY,Yes,1,0.647369152282393,Yes,High Risk,45.65,45.65,1,Month-to-month,Electronic check,DSL,No,No
9540-JYROE,Yes,1,0.5005907639771839,Yes,Medium Risk,70.1,0.0,8,Month-to-month,Mailed check,Fiber optic,No,No
9026-LHEVG,No,0,0.33251370745748177,No,Medium Risk,40.75,0.0,9,Month-to-month,Electronic check,DSL,No,No
2260-USTRB,Yes,1,0.6734974432927298,Yes,High Risk,70.2,70.2,2,Month-to-month,Bank transfer (automatic),Fiber optic,No,No
3656-TKRVZ,Yes,1,0.2647721531136035,No,Low Risk,55.35,0.0,3,Month-to-month,Electronic check,DSL,No,Yes
7011-CVEUC,No,0,0.3730986276212276,No,Medium Risk,95.7,0.0,25,Month-to-month,Credit card (automatic),Fiber optic,Yes,No
6185-TASNN,No,0,0.6042176725509479,Yes,High Risk,46.3,46.3,1,Month-to-month,Electronic check,DSL,No,No
7925-PNRGI,No,0,0.09703594392092928,No,Low Risk,81.3,0.0,45,Month-to-month,Mailed check,DSL,Yes,Yes
8623-TMRBY,Yes,1,0.3951748359513669,No,Medium Risk,84.2,0.0,51,Month-to-month,Electronic check,Fiber optic,No,No
1552-CZCLL,No,0,0.06409594130967526,No,Low Risk,20.0,0.0,55,Month-to-month,Credit card (automatic),No,No internet service,No internet service
3038-PQIUY,No,0,0.14275150757076832,No,Low Risk,66.15,0.0,38,Month-to-month,Bank transfer (automatic),DSL,No,Yes
1501-SGHBW,Yes,1,0.4411769025438335,No,Medium Risk,45.85,0.0,2,Month-to-month,Mailed check,DSL,No,No
9313-CDOGY,No,0,0.08843207426104044,No,Low Risk,19.6,0.0,38,Month-to-month,Electronic check,No,No internet service,No internet service
8148-BPLZQ,No,0,0.21710745722388414,No,Low Risk,49.8,0.0,34,Month-to-month,Electronic check,DSL,No,No
2623-DRYAM,No,0,0.27802064799095927,No,Low Risk,101.75,0.0,70,One year,Electronic check,Fiber optic,No,No
9987-LUTYD,No,0,0.06127675676508545,No,Low Risk,55.15,0.0,13,One year,Mailed check,DSL,Yes,Yes
3208-YPIOE,Yes,1,0.3803528571600878,No,Medium Risk,75.25,0.0,39,Month-to-month,Electronic check,Fiber optic,No,No
4488-KQFDT,No,0,0.2669167294657875,No,Low Risk,103.95,0.0,61,One year,Electronic check,Fiber optic,No,No
2612-RANWT,Yes,1,0.6884903356710829,Yes,High Risk,100.15,100.15,12,Month-to-month,Bank transfer (automatic),Fiber optic,No,No
5693-PIPCS,No,0,0.10951352835655853,No,Low Risk,99.65,0.0,41,Two year,Credit card (automatic),Fiber optic,Yes,No
0491-KAPQG,No,0,0.5182014503602987,Yes,Medium Risk,73.7,0.0,21,Month-to-month,Electronic check,Fiber optic,No,No
1925-LFCZZ,No,0,0.14445427852115927,No,Low Risk,50.05,0.0,55,One year,Bank transfer (automatic),DSL,No,No
8039-EQPIM,No,0,0.03351042249222269,No,Low Risk,60.25,0.0,69,Two year,Bank transfer (automatic),DSL,Yes,Yes
6900-PXRMS,Yes,1,0.5532042132554681,Yes,Medium Risk,105.75,0.0,26,Month-to-month,Electronic check,Fiber optic,No,No
8707-RMEZH,No,0,0.07248026345546005,No,Low Risk,87.3,0.0,69,One year,Credit card (automatic),Fiber optic,No,Yes
3346-BRMIS,Yes,1,0.4352106281384573,No,Medium Risk,48.35,0.0,18,Month-to-month,Electronic check,DSL,No,No
3209-ZPKFI,No,0,0.19907045327708175,No,Low Risk,54.25,0.0,47,Month-to-month,Electronic check,DSL,No,No
6479-VDGRK,No,0,0.023373449551191788,No,Low Risk,85.3,0.0,72,Two year,Bank transfer (automatic),DSL,Yes,Yes
9373-WSLOY,No,0,0.24314630737808993,No,Low Risk,50.0,0.0,33,Month-to-month,Electronic check,DSL,Yes,No
2933-FILNV,Yes,1,0.5623634807313329,Yes,Medium Risk,24.4,0.0,2,Month-to-month,Mailed check,DSL,No,No
3569-JFODW,No,0,0.02607968312218924,No,Low Risk,90.95,0.0,72,Two year,Credit card (automatic),DSL,Yes,Yes
9819-FBNSV,No,0,0.3753511491579017,No,Medium Risk,72.25,0.0,37,Month-to-month,Bank transfer (automatic),Fiber optic,No,No
9544-PYPSJ,No,0,0.3058976433030655,No,Medium Risk,96.1,0.0,62,Month-to-month,Credit card (automatic),Fiber optic,No,No
1591-XWLGB,No,0,0.01826244383159915,No,Low Risk,19.85,0.0,71,Two year,Credit card (automatic),No,No internet service,No internet service
0396-UKGAI,No,0,0.12695042415595298,No,Low Risk,55.3,0.0,23,Month-to-month,Bank transfer (automatic),DSL,Yes,No
3243-ZHOHY,No,0,0.04995293816042431,No,Low Risk,20.1,0.0,16,One year,Mailed check,No,No internet service,No internet service
5186-EJEGL,No,0,0.1587758465911259,No,Low Risk,69.5,0.0,9,Month-to-month,Mailed check,DSL,Yes,Yes
7527-QNRUS,No,0,0.03838083033898087,No,Low Risk,25.15,0.0,17,Two year,Mailed check,No,No internet service,No internet service
9986-BONCE,Yes,1,0.14575567919699448,No,Low Risk,20.95,0.0,4,Month-to-month,Bank transfer (automatic),No,No internet service,No internet service
2722-JMONI,Yes,1,0.5892707386136767,Yes,Medium Risk,49.55,0.0,1,Month-to-month,Electronic check,DSL,No,Yes
2203-GHNWN,No,0,0.3925935908867039,No,Medium Risk,79.65,0.0,24,Month-to-month,Mailed check,Fiber optic,No,No
3878-AVSOQ,No,0,0.8280611934643353,Yes,High Risk,71.25,71.25,1,Month-to-month,Electronic check,Fiber optic,No,No
3258-SYSWS,No,0,0.063060929556315,No,Low Risk,113.8,0.0,72,Two year,Bank transfer (automatic),Fiber optic,Yes,Yes
5296-PSYVW,No,0,0.02805536620003352,No,Low Risk,24.55,0.0,72,Two year,Electronic check,No,No internet service,No internet service
6319-QSUSR,No,0,0.09879272168175501,No,Low Risk,19.7,0.0,11,Month-to-month,Credit card (automatic),No,No internet service,No internet service
4083-EUGRJ,Yes,1,0.09930474927834759,No,Low Risk,20.25,0.0,9,Month-to-month,Mailed check,No,No internet service,No internet service
7579-OOPEC,Yes,1,0.45030040501050617,No,Medium Risk,50.15,0.0,2,Month-to-month,Credit card (automatic),DSL,No,No
0512-FLFDW,No,0,0.19063854377435524,No,Low Risk,100.5,0.0,60,One year,Credit card (automatic),Fiber optic,No,No
1771-OADNZ,Yes,1,0.5591116447617264,Yes,Medium Risk,95.9,0.0,29,Month-to-month,Electronic check,Fiber optic,No,No
0487-CRLZF,No,0,0.045453999552550535,No,Low Risk,74.45,0.0,49,Two year,Bank transfer (automatic),DSL,Yes,No
2107-FBPTK,No,0,0.6033032920023217,Yes,High Risk,104.1,104.1,30,Month-to-month,Electronic check,Fiber optic,No,No
9451-WLYRI,No,0,0.03713218255245417,No,Low Risk,19.05,0.0,53,One year,Credit card (automatic),No,No internet service,No internet service
8219-VYBVI,No,0,0.025140281571952163,No,Low Risk,25.0,0.0,39,Two year,Mailed check,No,No internet service,No internet service
1991-VOPLL,No,0,0.09930474927834759,No,Low Risk,19.05,0.0,9,Month-to-month,Mailed check,No,No internet service,No internet service
9738-QLWTP,No,0,0.11300545097895968,No,Low Risk,81.9,0.0,39,One year,Electronic check,Fiber optic,Yes,No
1016-DJTSV,No,0,0.6221389714343472,Yes,High Risk,69.7,69.7,8,Month-to-month,Electronic check,Fiber optic,No,No
9419-IPPBE,No,0,0.1890993471794676,No,Low Risk,90.15,0.0,51,One year,Electronic check,Fiber optic,No,No
0174-QRVVY,No,0,0.020274978401497466,No,Low Risk,25.35,0.0,71,Two year,Credit card (automatic),No,No internet service,No internet service
5699-BNCAS,No,0,0.0237902431843334,No,Low Risk,24.65,0.0,71,Two year,Mailed check,No,No internet service,No internet service
2900-PHPLN,No,0,0.02431129779061629,No,Low Risk,19.55,0.0,70,Two year,Credit card (automatic),No,No internet service,No internet service
0612-RTZZA,Yes,1,0.7287204716982514,Yes,High Risk,25.25,25.25,1,Month-to-month,Electronic check,DSL,No,No
8106-GWQOK,No,0,0.040489868908948144,No,Low Risk,60.0,0.0,38,Two year,Bank transfer (automatic),DSL,Yes,Yes
8751-EDEKA,No,0,0.2725831605136876,No,Low Risk,89.9,0.0,28,Month-to-month,Credit card (automatic),Fiber optic,No,No
6878-GGDWG,No,0,0.06772157046635292,No,Low Risk,19.4,0.0,32,Month-to-month,Bank transfer (automatic),No,No internet service,No internet service
4039-PIMHX,No,0,0.053809486130893154,No,Low Risk,49.8,0.0,49,Two year,Mailed check,DSL,No,No
8450-LUGUK,No,0,0.03029645459302573,No,Low Risk,24.1,0.0,37,Two year,Bank transfer (automatic),No,No internet service,No internet service
3604-WLABM,No,0,0.21437662896071183,No,Low Risk,54.25,0.0,10,Month-to-month,Electronic check,DSL,Yes,No
0795-GMVQO,No,0,0.15465854714307495,No,Low Risk,109.9,0.0,67,One year,Credit card (automatic),Fiber optic,No,Yes
2259-OUUSZ,No,0,0.15173837682869354,No,Low Risk,35.5,0.0,7,One year,Credit card (automatic),DSL,Yes,No
1142-IHLOO,No,0,0.11673174196268665,No,Low Risk,87.55,0.0,51,One year,Credit card (automatic),Fiber optic,No,No
6410-LEFEN,Yes,1,0.2870385641847102,No,Low Risk,45.15,0.0,9,Month-to-month,Electronic check,DSL,No,No
4633-MKHYU,No,0,0.5988484589428574,Yes,Medium Risk,88.4,0.0,9,Month-to-month,Mailed check,Fiber optic,No,No
6257-RJOHI,No,0,0.3187136427514029,No,Medium Risk,50.8,0.0,4,Month-to-month,Mailed check,DSL,Yes,No
1545-JFUML,No,0,0.09239016648225568,No,Low Risk,99.0,0.0,71,Two year,Electronic check,Fiber optic,No,Yes
3194-ORPIK,Yes,1,0.32322550092850966,No,Medium Risk,84.4,0.0,50,Month-to-month,Bank transfer (automatic),Fiber optic,No,No
7826-VVKWT,No,0,0.23747805502203762,No,Low Risk,96.55,0.0,24,Two year,Electronic check,Fiber optic,No,No
1353-GHZOS,No,0,0.08424826393845172,No,Low Risk,59.75,0.0,22,One year,Bank transfer (automatic),DSL,No,Yes
2587-EKXTS,No,0,0.44636897986297774,No,Medium Risk,111.5,0.0,44,Month-to-month,Electronic check,Fiber optic,No,Yes
5442-BXVND,No,0,0.07898864495023585,No,Low Risk,24.25,0.0,33,Month-to-month,Bank transfer (automatic),No,No internet service,No internet service
8816-VXNZD,Yes,1,0.8259201064965564,Yes,High Risk,75.1,75.1,1,Month-to-month,Electronic check,Fiber optic,No,No
9378-FXTIZ,Yes,1,0.12234092787277057,No,Low Risk,70.15,0.0,54,One year,Credit card (automatic),DSL,No,No
1723-HKXJQ,Yes,1,0.5740146475229408,Yes,Medium Risk,101.75,0.0,42,Month-to-month,Electronic check,Fiber optic,No,No
7825-GKXMW,Yes,1,0.5514742599496962,Yes,Medium Risk,45.8,0.0,1,Month-to-month,Electronic check,DSL,No,No
9753-OYLBX,No,0,0.29872100466145696,No,Low Risk,20.5,0.0,1,Month-to-month,Mailed check,No,No internet service,No internet service
2364-UFROM,No,0,0.0594780427970019,No,Low Risk,70.4,0.0,30,One year,Electronic check,DSL,Yes,Yes
6656-JWRQX,No,0,0.42174557109300076,No,Medium Risk,30.55,0.0,1,Month-to-month,Mailed check,DSL,Yes,No
6473-ULUHT,No,0,0.20756461472424156,No,Low Risk,84.9,0.0,16,Month-to-month,Electronic check,DSL,Yes,Yes
1240-KNSEZ,Yes,1,0.3643492574644425,No,Medium Risk,20.1,0.0,1,Month-to-month,Mailed check,No,No internet service,No internet service
0836-SEYLU,Yes,1,0.23474459144227366,No,Low Risk,40.65,0.0,9,Month-to-month,Mailed check,DSL,Yes,No
4433-JCGCG,Yes,1,0.5548685001624751,Yes,Medium Risk,101.0,0.0,46,Month-to-month,Electronic check,Fiber optic,No,No
3716-BDVDB,Yes,1,0.804979670889202,Yes,High Risk,69.1,69.1,1,Month-to-month,Electronic check,Fiber optic,No,No
7688-AWMDX,No,0,0.02113910490492768,No,Low Risk,54.5,0.0,71,Two year,Bank transfer (automatic),DSL,Yes,Yes
2842-BCQGE,No,0,0.34037059471633,No,Medium Risk,75.35,0.0,43,Month-to-month,Credit card (automatic),Fiber optic,No,No
7244-QWYHG,No,0,0.06552999992301145,No,Low Risk,44.45,0.0,50,One year,Bank transfer (automatic),DSL,Yes,Yes
5899-MQZZL,Yes,1,0.5079063615598814,Yes,Medium Risk,75.0,0.0,13,Month-to-month,Mailed check,Fiber optic,No,No
6849-OYAMU,Yes,1,0.19886620869757496,No,Low Risk,100.0,0.0,19,One year,Bank transfer (automatic),Fiber optic,Yes,No
5312-UXESG,No,0,0.40327844838874083,No,Medium Risk,98.05,0.0,41,Month-to-month,Bank transfer (automatic),Fiber optic,No,No
9488-HGMJH,Yes,1,0.8280611934643353,Yes,High Risk,71.15,71.15,1,Month-to-month,Electronic check,Fiber optic,No,No
6038-GCYEC,Yes,1,0.25475607268258227,No,Low Risk,54.15,0.0,24,Month-to-month,Credit card (automatic),DSL,No,No
2150-WLKUW,No,0,0.08632581317031492,No,Low Risk,63.9,0.0,40,One year,Bank transfer (automatic),DSL,No,No
7159-FVYPK,No,0,0.4748634354782062,No,Medium Risk,69.15,0.0,3,Month-to-month,Bank transfer (automatic),DSL,No,No
7032-LMBHI,No,0,0.0762073538562056,No,Low Risk,64.65,0.0,37,One year,Bank transfer (automatic),DSL,No,Yes
1150-WFARN,Yes,1,0.07589687819461853,No,Low Risk,108.75,0.0,67,Two year,Credit card (automatic),Fiber optic,Yes,Yes
6088-BXMRG,No,0,0.539655758309741,Yes,Medium Risk,98.85,0.0,32,Month-to-month,Electronic check,Fiber optic,No,No
3144-AUDBS,Yes,1,0.3048429504162405,No,Medium Risk,49.15,0.0,6,Month-to-month,Electronic check,DSL,Yes,No
4821-SJHJV,No,0,0.3337138920231624,No,Medium Risk,89.6,0.0,32,Month-to-month,Electronic check,Fiber optic,No,Yes
7346-MEDWM,No,0,0.3250981061717323,No,Medium Risk,83.25,0.0,59,Month-to-month,Electronic check,Fiber optic,No,No
1137-DGOWI,No,0,0.05817592670662437,No,Low Risk,70.25,0.0,30,One year,Bank transfer (automatic),DSL,Yes,No
5616-PRTNT,Yes,1,0.14191424384362464,No,Low Risk,19.4,0.0,20,Month-to-month,Electronic check,No,No internet service,No internet service
3812-LRZIR,No,0,0.03452973481054116,No,Low Risk,24.5,0.0,27,Two year,Electronic check,No,No internet service,No internet service
4818-QIUFN,Yes,1,0.4809598490229558,No,Medium Risk,79.15,0.0,20,Month-to-month,Electronic check,Fiber optic,No,Yes
9483-GCPWE,No,0,0.05499662513403321,No,Low Risk,20.1,0.0,9,One year,Mailed check,No,No internet service,No internet service
4227-OJHAL,No,0,0.06389443440230486,No,Low Risk,73.0,0.0,68,One year,Credit card (automatic),DSL,No,Yes
9220-CXRSC,No,0,0.02714124620350239,No,Low Risk,61.4,0.0,69,Two year,Credit card (automatic),DSL,Yes,Yes
4993-JCRGJ,No,0,0.3111679039212736,No,Medium Risk,84.3,0.0,26,Month-to-month,Mailed check,Fiber optic,Yes,No
9537-JALFH,No,0,0.020720675767412843,No,Low Risk,19.9,0.0,69,Two year,Bank transfer (automatic),No,No internet service,No internet service
6698-OXETB,No,0,0.033294238994831145,No,Low Risk,20.4,0.0,11,Two year,Mailed check,No,No internet service,No internet service
2103-ZRXFN,No,0,0.5883680039951646,Yes,Medium Risk,50.75,0.0,1,Month-to-month,Mailed check,DSL,No,No
3724-BSCVH,No,0,0.05499662513403321,No,Low Risk,20.45,0.0,10,One year,Mailed check,No,No internet service,No internet service
4877-TSOFF,No,0,0.05344560168075201,No,Low Risk,75.75,0.0,55,One year,Bank transfer (automatic),DSL,Yes,Yes
9209-NWPGU,No,0,0.06564832421797406,No,Low Risk,65.4,0.0,44,One year,Electronic check,DSL,Yes,Yes
6961-VCPMC,Yes,1,0.4037626886013689,No,Medium Risk,80.4,0.0,46,Month-to-month,Electronic check,Fiber optic,No,No
7306-YDSOI,No,0,0.030498447547526418,No,Low Risk,59.75,0.0,69,Two year,Bank transfer (automatic),DSL,No,Yes
5288-AHOUP,No,0,0.6197774176597767,Yes,High Risk,78.5,78.5,11,Month-to-month,Electronic check,Fiber optic,No,No
6688-UZPWD,Yes,1,0.738486394189758,Yes,High Risk,102.0,102.0,11,Month-to-month,Electronic check,Fiber optic,No,No
0655-YDGFJ,No,0,0.135765079402073,No,Low Risk,48.95,0.0,29,Month-to-month,Bank transfer (automatic),DSL,No,No
8468-EHYJA,No,0,0.4186743415771849,No,Medium Risk,99.65,0.0,57,Month-to-month,Electronic check,Fiber optic,No,Yes
6823-SIDFQ,No,0,0.03713218255245417,No,Low Risk,18.25,0.0,28,One year,Credit card (automatic),No,No internet service,No internet service
1097-FSPVW,No,0,0.10323235368223606,No,Low Risk,54.55,0.0,42,Month-to-month,Credit card (automatic),DSL,No,Yes
2839-RFSQE,Yes,1,0.1794584042671467,No,Low Risk,20.65,0.0,2,Month-to-month,Mailed check,No,No internet service,No internet service
8328-SKJNO,No,0,0.049779609882526554,No,Low Risk,40.65,0.0,23,One year,Bank transfer (automatic),DSL,Yes,Yes
7010-ZMVBF,No,0,0.07462499583902941,No,Low Risk,20.45,0.0,18,Month-to-month,Mailed check,No,No internet service,No internet service
5201-CBWYG,No,0,0.04012106721898893,No,Low Risk,24.8,0.0,62,One year,Bank transfer (automatic),No,No internet service,No internet service
0968-GSIKN,Yes,1,0.7653546055196001,Yes,High Risk,70.8,70.8,1,Month-to-month,Mailed check,Fiber optic,No,No
1965-DDBWU,Yes,1,0.4796005804388414,No,Medium Risk,89.05,0.0,16,Month-to-month,Credit card (automatic),Fiber optic,Yes,No
9057-SIHCH,Yes,1,0.8083845510348201,Yes,High Risk,96.6,96.6,3,Month-to-month,Electronic check,Fiber optic,No,No
6352-GIGGQ,No,0,0.0584441087457918,No,Low Risk,88.8,0.0,67,One year,Bank transfer (automatic),DSL,Yes,Yes
3635-QQRQD,No,0,0.021757854686503122,No,Low Risk,20.05,0.0,62,Two year,Credit card (automatic),No,No internet service,No internet service
6771-XWBDM,Yes,1,0.4086566530320521,No,Medium Risk,104.5,0.0,57,Month-to-month,Credit card (automatic),Fiber optic,No,No
2897-DOVND,No,0,0.6703239316412379,Yes,High Risk,69.8,69.8,2,Month-to-month,Electronic check,Fiber optic,No,No
3082-YVEKW,No,0,0.04398225936077951,No,Low Risk,77.15,0.0,23,Two year,Bank transfer (automatic),DSL,Yes,Yes
0191-EQUUH,No,0,0.03303053703006152,No,Low Risk,35.05,0.0,25,Two year,Bank transfer (automatic),DSL,Yes,Yes
7134-HBPBS,No,0,0.08017603597230379,No,Low Risk,108.1,0.0,72,Two year,Bank transfer (automatic),Fiber optic,Yes,No
3489-HHPFY,No,0,0.7384684357665288,Yes,High Risk,84.05,84.05,2,Month-to-month,Electronic check,Fiber optic,No,No
2926-JEJJC,No,0,0.0681338594326226,No,Low Risk,20.2,0.0,8,One year,Bank transfer (automatic),No,No internet service,No internet service
8601-QACRS,Yes,1,0.46328899457088085,No,Medium Risk,50.6,0.0,5,Month-to-month,Mailed check,DSL,No,No
4950-BDEUX,No,0,0.2625773112756831,No,Low Risk,49.2,0.0,35,Month-to-month,Electronic check,DSL,No,No
5789-LDFXO,No,0,0.0674789404940945,No,Low Risk,24.6,0.0,24,One year,Electronic check,No,No internet service,No internet service
0508-OOLTO,No,0,0.6635576414393711,Yes,High Risk,71.65,71.65,2,Month-to-month,Electronic check,Fiber optic,No,No
2984-TBYKU,No,0,0.055325078103190026,No,Low Risk,104.9,0.0,72,Two year,Credit card (automatic),Fiber optic,Yes,Yes
9822-WMWVG,No,0,0.4000588745938792,No,Medium Risk,106.5,0.0,41,Month-to-month,Electronic check,Fiber optic,Yes,Yes
2391-SOORI,Yes,1,0.24388273764168658,No,Low Risk,49.35,0.0,4,Month-to-month,Electronic check,DSL,No,Yes
9040-KZVWO,No,0,0.09190587572378038,No,Low Risk,75.5,0.0,26,One year,Bank transfer (automatic),Fiber optic,No,No
2645-QTLMB,Yes,1,0.6714062153273448,Yes,High Risk,94.25,94.25,7,Month-to-month,Electronic check,Fiber optic,No,No
4806-HIPDW,Yes,1,0.804979670889202,Yes,High Risk,68.95,68.95,1,Month-to-month,Electronic check,Fiber optic,No,No
1548-ARAGG,No,0,0.3166103026170794,No,Medium Risk,58.5,0.0,4,Month-to-month,Mailed check,DSL,Yes,No
6339-RZCBJ,No,0,0.038617083577417714,No,Low Risk,78.9,0.0,48,Two year,Credit card (automatic),DSL,Yes,No
4424-TKOPW,Yes,1,0.8159201662704678,Yes,High Risk,93.85,93.85,2,Month-to-month,Electronic check,Fiber optic,No,No
4415-WNGVR,No,0,0.16286047164097397,No,Low Risk,79.2,0.0,12,One year,Electronic check,DSL,Yes,Yes
2522-AHJXR,No,0,0.2555464880295758,No,Low Risk,109.45,0.0,60,Month-to-month,Bank transfer (automatic),Fiber optic,Yes,Yes
0412-UCCNP,No,0,0.039194230313448146,No,Low Risk,59.2,0.0,55,Two year,Electronic check,DSL,Yes,Yes
1816-FLZDK,No,0,0.41329345512936155,No,Medium Risk,29.15,0.0,1,Month-to-month,Mailed check,DSL,Yes,No
7096-UCLNH,No,0,0.29872100466145696,No,Low Risk,20.05,0.0,1,Month-to-month,Mailed check,No,No internet service,No internet service
8443-ZRDBZ,Yes,1,0.7119176124462673,Yes,High Risk,76.05,76.05,4,Month-to-month,Electronic check,Fiber optic,No,No
9136-ALYBR,Yes,1,0.6194149583063613,Yes,High Risk,24.45,24.45,1,Month-to-month,Mailed check,DSL,No,No
4615-PIVVU,No,0,0.03743225879430467,No,Low Risk,66.5,0.0,42,Two year,Credit card (automatic),DSL,Yes,No
8885-QSQBX,No,0,0.4076406504761111,No,Medium Risk,49.55,0.0,1,Month-to-month,Bank transfer (automatic),DSL,No,Yes
7479-NITWS,Yes,1,0.6481883809039058,Yes,High Risk,89.35,89.35,7,Month-to-month,Credit card (automatic),Fiber optic,No,No
8617-ENBDS,No,0,0.6065023758185168,Yes,High Risk,73.6,73.6,3,Month-to-month,Credit card (automatic),Fiber optic,No,No
9385-NXKDA,No,0,0.038582805855651194,No,Low Risk,82.65,0.0,72,Two year,Credit card (automatic),DSL,No,Yes
0430-IHCDJ,No,0,0.39496160270472,No,Medium Risk,49.0,0.0,15,Month-to-month,Electronic check,DSL,No,No
2959-MJHIC,Yes,1,0.6984100213978972,Yes,High Risk,80.35,80.35,4,Month-to-month,Electronic check,Fiber optic,No,No
6674-KVJHG,No,0,0.08514672067331781,No,Low Risk,25.2,0.0,11,One year,Electronic check,No,No internet service,No internet service
1814-DKOLC,No,0,0.17007544017466258,No,Low Risk,25.45,0.0,5,Month-to-month,Mailed check,No,No internet service,No internet service
4201-JMNGR,Yes,1,0.6369387867538183,Yes,High Risk,55.8,55.8,1,Month-to-month,Electronic check,DSL,No,Yes
9351-HXDMR,No,0,0.04703260554790716,No,Low Risk,110.9,0.0,72,Two year,Credit card (automatic),Fiber optic,Yes,Yes
3537-HPKQT,No,0,0.25169539355820897,No,Low Risk,77.75,0.0,55,Month-to-month,Credit card (automatic),Fiber optic,No,No
2129-ALKBS,No,0,0.13764306305028842,No,Low Risk,26.2,0.0,40,Month-to-month,Electronic check,No,No internet service,No internet service
5821-MMEIL,No,0,0.021652083126167454,No,Low Risk,19.9,0.0,57,Two year,Bank transfer (automatic),No,No internet service,No internet service
5960-WPXQM,Yes,1,0.8370318457513362,Yes,High Risk,79.05,79.05,1,Month-to-month,Electronic check,Fiber optic,No,No
0684-AOSIH,Yes,1,0.8031151765093348,Yes,High Risk,95.0,95.0,1,Month-to-month,Electronic check,Fiber optic,No,Yes
8260-NGFNY,Yes,1,0.5408627825360997,Yes,Medium Risk,25.2,0.0,1,Month-to-month,Mailed check,DSL,No,No
1309-XGFSN,No,0,0.1745395759697213,No,Low Risk,80.85,0.0,52,One year,Electronic check,DSL,No,No
1866-RZZQS,Yes,1,0.5970221546516203,Yes,Medium Risk,98.4,0.0,41,Month-to-month,Electronic check,Fiber optic,No,No
6968-URWQU,No,0,0.10238376909750435,No,Low Risk,56.35,0.0,43,One year,Mailed check,DSL,No,No
4742-TXUEX,No,0,0.022063916656277653,No,Low Risk,19.3,0.0,47,Two year,Bank transfer (automatic),No,No internet service,No internet service
9631-XEYKE,No,0,0.43016144338748086,No,Medium Risk,50.4,0.0,3,Month-to-month,Bank transfer (automatic),DSL,No,No
8631-NBHFZ,Yes,1,0.028673063855913502,No,Low Risk,79.4,0.0,66,Two year,Credit card (automatic),DSL,Yes,Yes
1335-MXCSE,No,0,0.03638951357717586,No,Low Risk,55.25,0.0,55,Two year,Credit card (automatic),DSL,Yes,No
8873-TMKGR,No,0,0.03713218255245417,No,Low Risk,19.1,0.0,29,One year,Mailed check,No,No internet service,No internet service
8800-JOOCF,No,0,0.6547471437802721,Yes,High Risk,84.05,84.05,12,Month-to-month,Electronic check,Fiber optic,No,No
1469-LBJQJ,No,0,0.46444715524447344,No,Medium Risk,105.2,0.0,66,Month-to-month,Electronic check,Fiber optic,No,No
4958-XCBDQ,Yes,1,0.6048512493214919,Yes,High Risk,101.4,101.4,35,Month-to-month,Electronic check,Fiber optic,No,No
8337-UPOAQ,Yes,1,0.7356652149054671,Yes,High Risk,89.8,89.8,10,Month-to-month,Electronic check,Fiber optic,No,No
0064-YIJGF,No,0,0.35568641144018415,No,Medium Risk,75.75,0.0,27,Month-to-month,Bank transfer (automatic),Fiber optic,No,No
2386-OWURY,No,0,0.3332766473292372,No,Medium Risk,95.3,0.0,58,Month-to-month,Electronic check,Fiber optic,Yes,No
1725-IQNIY,Yes,1,0.07731524052910735,No,Low Risk,109.75,0.0,54,Two year,Bank transfer (automatic),Fiber optic,Yes,Yes
0310-VQXAM,No,0,0.09930474927834759,No,Low Risk,19.85,0.0,9,Month-to-month,Mailed check,No,No internet service,No internet service
6598-RFFVI,Yes,1,0.10833269825636253,No,Low Risk,19.3,0.0,2,One year,Credit card (automatic),No,No internet service,No internet service
3453-RTHJQ,No,0,0.6140574604370552,Yes,High Risk,69.1,69.1,6,Month-to-month,Electronic check,Fiber optic,No,No
6712-OAWRH,Yes,1,0.5213784350508062,Yes,Medium Risk,91.25,0.0,26,Month-to-month,Electronic check,Fiber optic,No,No
6278-FEPBZ,No,0,0.09930474927834759,No,Low Risk,20.25,0.0,9,Month-to-month,Mailed check,No,No internet service,No internet service
4280-DLSHD,No,0,0.2650475058551151,No,Low Risk,54.75,0.0,8,Month-to-month,Mailed check,DSL,No,No
1508-DFXCU,No,0,0.6032038476821389,Yes,High Risk,81.45,81.45,12,Month-to-month,Electronic check,Fiber optic,No,No
8614-VGMMV,Yes,1,0.39496160270472,No,Medium Risk,49.1,0.0,15,Month-to-month,Electronic check,DSL,No,No
7868-BGSZA,No,0,0.1578962393645836,No,Low Risk,80.2,0.0,43,One year,Electronic check,DSL,No,Yes
2800-QQUSO,No,0,0.5134181982273182,Yes,Medium Risk,100.3,0.0,42,Month-to-month,Electronic check,Fiber optic,Yes,No
2930-UOTMB,Yes,1,0.08937905590035794,No,Low Risk,65.25,0.0,31,Month-to-month,Credit card (automatic),DSL,Yes,Yes
7973-DZRKH,No,0,0.035898504244229176,No,Low Risk,90.95,0.0,66,Two year,Credit card (automatic),Fiber optic,Yes,Yes
5914-DVBWJ,Yes,1,0.470401824055883,No,Medium Risk,85.45,0.0,18,Month-to-month,Electronic check,Fiber optic,Yes,No
7698-YFGEZ,No,0,0.29872100466145696,No,Low Risk,20.0,0.0,1,Month-to-month,Mailed check,No,No internet service,No internet service
2533-QVMSK,Yes,1,0.09348351313169673,No,Low Risk,94.1,0.0,61,Two year,Electronic check,Fiber optic,Yes,No
9773-PEQBZ,No,0,0.5340346081067429,Yes,Medium Risk,79.85,0.0,10,Month-to-month,Electronic check,Fiber optic,No,No
8644-XLFBW,Yes,1,0.8280611934643353,Yes,High Risk,71.65,71.65,1,Month-to-month,Electronic check,Fiber optic,No,No
0650-BWOZN,No,0,0.471531683749747,No,Medium Risk,73.55,0.0,18,Month-to-month,Electronic check,Fiber optic,No,No
8625-AZYZY,Yes,1,0.6460503074661608,Yes,High Risk,104.65,104.65,24,Month-to-month,Electronic check,Fiber optic,No,No
7785-RDVIG,No,0,0.16616810074704944,No,Low Risk,19.3,0.0,3,Month-to-month,Mailed check,No,No internet service,No internet service
9602-WCXPI,No,0,0.03713218255245417,No,Low Risk,20.15,0.0,50,One year,Credit card (automatic),No,No internet service,No internet service
2903-YYTBW,No,0,0.5500546019967756,Yes,Medium Risk,44.55,0.0,1,Month-to-month,Electronic check,DSL,No,No
3620-MWJNE,No,0,0.25929600175151996,No,Low Risk,54.45,0.0,2,Month-to-month,Mailed check,DSL,Yes,Yes
8573-JGCZW,No,0,0.05703613732904029,No,Low Risk,19.65,0.0,17,One year,Bank transfer (automatic),No,No internet service,No internet service
6837-HAEVO,No,0,0.16492359088412087,No,Low Risk,105.0,0.0,69,Two year,Electronic check,Fiber optic,No,No
6701-YVNQG,No,0,0.026776781786140343,No,Low Risk,88.7,0.0,72,Two year,Credit card (automatic),DSL,Yes,Yes
9306-CPCBC,Yes,1,0.7119176124462673,Yes,High Risk,74.25,74.25,3,Month-to-month,Electronic check,Fiber optic,No,No
4304-XUMGI,No,0,0.05414928509235256,No,Low Risk,75.15,0.0,50,Two year,Bank transfer (automatic),DSL,No,Yes
9504-YAZWB,No,0,0.022188061443804846,No,Low Risk,20.25,0.0,53,Two year,Mailed check,No,No internet service,No internet service
8819-ZBYNA,No,0,0.08545447295611593,No,Low Risk,109.1,0.0,58,Two year,Credit card (automatic),Fiber optic,Yes,Yes
6174-NRBTZ,No,0,0.07491628272690463,No,Low Risk,30.75,0.0,46,One year,Bank transfer (automatic),DSL,No,Yes
9481-IEBZY,No,0,0.2558401550850981,No,Low Risk,112.9,0.0,72,Month-to-month,Credit card (automatic),Fiber optic,Yes,Yes
1833-VGRUM,Yes,1,0.8469943135896922,Yes,High Risk,74.2,74.2,1,Month-to-month,Electronic check,Fiber optic,No,No
6137-NICCO,No,0,0.6259770329228275,Yes,High Risk,94.05,94.05,6,Month-to-month,Mailed check,Fiber optic,No,No
9065-ZCPQX,No,0,0.023519617549197177,No,Low Risk,78.85,0.0,72,Two year,Bank transfer (automatic),DSL,Yes,Yes
6402-EJMWF,No,0,0.4327965026571833,No,Medium Risk,55.3,0.0,4,Month-to-month,Mailed check,DSL,No,No
3620-EHIMZ,No,0,0.022063916656277653,No,Low Risk,19.35,0.0,52,Two year,Mailed check,No,No internet service,No internet service
3213-VVOLG,No,0,0.0775110411220858,No,Low Risk,25.35,0.0,0,Two year,Mailed check,No,No internet service,No internet service
6870-ECSHE,No,0,0.10249256115307719,No,Low Risk,20.45,0.0,2,One year,Mailed check,No,No internet service,No internet service
8747-UDCOI,No,0,0.020837423718393398,No,Low Risk,19.35,0.0,65,Two year,Bank transfer (automatic),No,No internet service,No internet service
8374-XGEJJ,Yes,1,0.5869117618517391,Yes,Medium Risk,101.0,0.0,43,Month-to-month,Electronic check,Fiber optic,No,No
2656-TABEH,Yes,1,0.811383015240923,Yes,High Risk,100.2,100.2,4,Month-to-month,Electronic check,Fiber optic,No,No
6946-LMSQS,Yes,1,0.2510855178943442,No,Low Risk,89.05,0.0,25,One year,Electronic check,Fiber optic,No,Yes
4626-OZDTJ,No,0,0.08636089674734379,No,Low Risk,78.65,0.0,51,One year,Credit card (automatic),DSL,Yes,No
9169-BSVIN,No,0,0.30036150913884624,No,Medium Risk,74.75,0.0,12,Month-to-month,Bank transfer (automatic),DSL,No,No
2325-ZUSFD,Yes,1,0.07517580270312797,No,Low Risk,70.1,0.0,57,One year,Bank transfer (automatic),DSL,No,Yes
8194-PEEBY,No,0,0.040425220626350046,No,Low Risk,19.9,0.0,24,One year,Mailed check,No,No internet service,No internet service
6872-HXFNF,No,0,0.06013923676679123,No,Low Risk,58.35,0.0,64,One year,Bank transfer (automatic),DSL,Yes,No
3932-CMDTD,Yes,1,0.5054538977016585,Yes,Medium Risk,105.65,0.0,4,One year,Electronic check,Fiber optic,Yes,No
7714-YXSMB,No,0,0.5176948406189466,Yes,Medium Risk,100.5,0.0,26,Month-to-month,Bank transfer (automatic),Fiber optic,No,No
8387-UGUSU,No,0,0.09338109311971494,No,Low Risk,20.05,0.0,15,Month-to-month,Mailed check,No,No internet service,No internet service
1080-BWSYE,No,0,0.026511636459827015,No,Low Risk,25.65,0.0,64,Two year,Credit card (automatic),No,No internet service,No internet service
4039-HEUNW,Yes,1,0.560097236078876,Yes,Medium Risk,96.5,0.0,36,Month-to-month,Electronic check,Fiber optic,No,No
1194-HVAIF,No,0,0.3959433809437879,No,Medium Risk,95.0,0.0,27,Month-to-month,Credit card (automatic),Fiber optic,No,No
0812-WUPTB,Yes,1,0.7494689831611429,Yes,High Risk,70.85,70.85,1,Month-to-month,Mailed check,Fiber optic,No,No
3594-UVONA,Yes,1,0.0870652141376421,No,Low Risk,85.95,0.0,35,One year,Credit card (automatic),DSL,Yes,Yes
0004-TLHLJ,Yes,1,0.6577119687594095,Yes,High Risk,73.9,73.9,4,Month-to-month,Electronic check,Fiber optic,No,No
1767-TGTKO,No,0,0.363153505274663,No,Medium Risk,45.45,0.0,8,Month-to-month,Electronic check,DSL,No,No
8439-LTUGF,No,0,0.12306381547305874,No,Low Risk,20.0,0.0,10,Month-to-month,Credit card (automatic),No,No internet service,No internet service
8805-JNRAZ,No,0,0.3926409304486177,No,Medium Risk,49.2,0.0,2,Month-to-month,Mailed check,DSL,No,No
5089-IFSDP,Yes,1,0.10913610335367012,No,Low Risk,109.45,0.0,58,Two year,Bank transfer (automatic),Fiber optic,No,Yes
6418-HNFED,No,0,0.031084164875630708,No,Low Risk,83.25,0.0,51,Two year,Credit card (automatic),DSL,Yes,Yes
0206-OYVOC,No,0,0.023509376239516242,No,Low Risk,19.25,0.0,46,Two year,Mailed check,No,No internet service,No internet service
7291-CDTMJ,No,0,0.3643492574644425,No,Medium Risk,19.65,0.0,1,Month-to-month,Bank transfer (automatic),No,No internet service,No internet service
7128-GGCNO,No,0,0.26088281121975637,No,Low Risk,72.8,0.0,46,Month-to-month,Bank transfer (automatic),Fiber optic,No,No
0237-YFUTL,No,0,0.29495496329460774,No,Low Risk,109.65,0.0,50,Month-to-month,Bank transfer (automatic),Fiber optic,Yes,Yes
7691-KGKGP,No,0,0.11080764757158414,No,Low Risk,65.0,0.0,53,Month-to-month,Credit card (automatic),DSL,Yes,No
6710-HSJRD,No,0,0.402780254891361,No,Medium Risk,114.1,0.0,61,Month-to-month,Electronic check,Fiber optic,Yes,No
3675-EQOZA,No,0,0.14575567919699448,No,Low Risk,20.65,0.0,5,Month-to-month,Bank transfer (automatic),No,No internet service,No internet service
0840-DCNZE,No,0,0.05698188255535974,No,Low Risk,86.95,0.0,47,One year,Bank transfer (automatic),DSL,Yes,Yes
1732-FEKLD,No,0,0.15641691456981913,No,Low Risk,94.75,0.0,54,One year,Bank transfer (automatic),Fiber optic,No,No
9862-KJTYK,No,0,0.22461579691039774,No,Low Risk,25.35,0.0,19,Month-to-month,Credit card (automatic),DSL,No,No
0479-HMSWA,No,0,0.18359248201974387,No,Low Risk,105.45,0.0,26,Two year,Electronic check,Fiber optic,Yes,No
5854-KSRBJ,No,0,0.023127038226193948,No,Low Risk,25.4,0.0,70,Two year,Mailed check,No,No internet service,No internet service
0365-BZUWY,No,0,0.710550420356432,Yes,High Risk,102.55,102.55,17,Month-to-month,Electronic check,Fiber optic,No,No
4817-VYYWS,Yes,1,0.6033472788808181,Yes,High Risk,100.2,100.2,30,Month-to-month,Electronic check,Fiber optic,No,No
5701-SVCWR,No,0,0.30328067557184435,No,Medium Risk,24.0,0.0,1,Month-to-month,Mailed check,No,No internet service,No internet service
3129-AAQOU,No,0,0.02830001629047621,No,Low Risk,25.6,0.0,19,Two year,Mailed check,No,No internet service,No internet service
4922-CVPDX,No,0,0.06309800015418275,No,Low Risk,73.5,0.0,26,Two year,Credit card (automatic),DSL,No,No
1396-QWFBJ,Yes,1,0.31058362888841695,No,Medium Risk,74.05,0.0,21,Month-to-month,Bank transfer (automatic),Fiber optic,No,No
1357-BIJKI,No,0,0.2710640527742937,No,Low Risk,98.25,0.0,50,One year,Electronic check,Fiber optic,No,No
1099-BTKWT,No,0,0.12392299628609994,No,Low Risk,54.4,0.0,68,One year,Electronic check,DSL,No,Yes
5299-SJCZT,Yes,1,0.7922529198558634,Yes,High Risk,101.55,101.55,3,Month-to-month,Bank transfer (automatic),Fiber optic,No,No
2018-PZKMU,No,0,0.5938579897468496,Yes,Medium Risk,103.1,0.0,9,Month-to-month,Electronic check,Fiber optic,Yes,No
7340-KEFQE,No,0,0.029232025156149418,No,Low Risk,34.2,0.0,51,Two year,Bank transfer (automatic),DSL,Yes,Yes
4570-QHXHL,No,0,0.37022739924453546,No,Medium Risk,43.75,0.0,9,Month-to-month,Electronic check,DSL,No,No
2403-BCASL,Yes,1,0.32053853504631835,No,Medium Risk,111.95,0.0,41,One year,Electronic check,Fiber optic,Yes,No
7392-YYPYJ,No,0,0.6730716312584512,Yes,High Risk,100.65,100.65,22,Month-to-month,Electronic check,Fiber optic,No,No
2898-LSJGD,Yes,1,0.18453888446978337,No,Low Risk,55.95,0.0,21,One year,Electronic check,DSL,No,Yes
2223-GDSHL,No,0,0.04330474759663763,No,Low Risk,116.05,0.0,71,Two year,Bank transfer (automatic),Fiber optic,Yes,Yes
7359-PTSXY,Yes,1,0.5514742599496962,Yes,Medium Risk,45.75,0.0,1,Month-to-month,Electronic check,DSL,No,No
9470-RTWDV,No,0,0.10862985758540317,No,Low Risk,82.0,0.0,26,One year,Credit card (automatic),DSL,Yes,No
2176-OSJUV,No,0,0.021285348177522916,No,Low Risk,65.15,0.0,71,Two year,Bank transfer (automatic),DSL,Yes,Yes
9348-YVOMK,No,0,0.4093349399375932,No,Medium Risk,44.8,0.0,4,Month-to-month,Credit card (automatic),DSL,No,No
8104-OSKWT,No,0,0.523491997426994,Yes,Medium Risk,79.8,0.0,12,Month-to-month,Electronic check,Fiber optic,No,Yes
4521-YEEHE,No,0,0.49318448075886345,No,Medium Risk,88.85,0.0,18,Month-to-month,Electronic check,Fiber optic,Yes,No
4090-KPJIP,No,0,0.7119176124462673,Yes,High Risk,74.95,74.95,3,Month-to-month,Electronic check,Fiber optic,No,No
3786-WOVKF,No,0,0.14063007842514663,No,Low Risk,106.85,0.0,72,One year,Bank transfer (automatic),Fiber optic,No,Yes
4503-BDXBD,Yes,1,0.4157024535027249,No,Medium Risk,74.95,0.0,11,Month-to-month,Electronic check,Fiber optic,No,No
6086-ESGRL,Yes,1,0.7301777020034995,Yes,High Risk,80.15,80.15,1,Month-to-month,Credit card (automatic),Fiber optic,No,No
2592-HODOV,No,0,0.05212881019529155,No,Low Risk,19.3,0.0,13,One year,Credit card (automatic),No,No internet service,No internet service
3886-CERTZ,Yes,1,0.24003684834366554,No,Low Risk,109.25,0.0,72,One year,Electronic check,Fiber optic,Yes,No
7995-ZHHNZ,No,0,0.06685051710536939,No,Low Risk,56.1,0.0,42,One year,Credit card (automatic),DSL,No,Yes
3824-RHKVR,No,0,0.08403660713415971,No,Low Risk,19.7,0.0,17,Month-to-month,Credit card (automatic),No,No internet service,No internet service
5816-SCGFC,No,0,0.3228053358284682,No,Medium Risk,51.3,0.0,7,Month-to-month,Mailed check,DSL,No,No
5989-AXPUC,No,0,0.08172134047592787,No,Low Risk,118.6,0.0,68,Two year,Mailed check,Fiber optic,Yes,Yes
4979-HPRFL,No,0,0.02402901562222405,No,Low Risk,24.15,0.0,56,Two year,Bank transfer (automatic),No,No internet service,No internet service
8590-OHDIW,No,0,0.03692758139743251,No,Low Risk,20.3,0.0,38,One year,Mailed check,No,No internet service,No internet service
8015-IHCGW,No,0,0.06353160087598034,No,Low Risk,115.5,0.0,72,Two year,Electronic check,Fiber optic,Yes,Yes
2332-TODQS,No,0,0.043787331559957704,No,Low Risk,25.05,0.0,48,One year,Credit card (automatic),No,No internet service,No internet service
9278-VZKCD,No,0,0.4597609613362702,No,Medium Risk,109.1,0.0,52,Month-to-month,Electronic check,Fiber optic,No,Yes
8008-OTEZX,No,0,0.03692758139743251,No,Low Risk,19.65,0.0,35,One year,Mailed check,No,No internet service,No internet service
2773-OVBPK,No,0,0.09388707619571746,No,Low Risk,111.3,0.0,67,Two year,Bank transfer (automatic),Fiber optic,Yes,No
5999-LCXAO,No,0,0.4283291899282196,No,Medium Risk,29.9,0.0,1,Month-to-month,Mailed check,DSL,No,Yes
5206-XZZQI,No,0,0.19094148978570896,No,Low Risk,80.6,0.0,53,Month-to-month,Mailed check,Fiber optic,Yes,No
4803-LBYPN,No,0,0.0673602108474518,No,Low Risk,20.8,0.0,34,Month-to-month,Mailed check,No,No internet service,No internet service
5759-RCVCB,Yes,1,0.4985959696610489,No,Medium Risk,35.2,0.0,3,Month-to-month,Credit card (automatic),DSL,No,No
6372-RFVNS,Yes,1,0.7620369767517456,Yes,High Risk,78.8,78.8,1,Month-to-month,Electronic check,Fiber optic,No,No
2139-FQHLM,No,0,0.2650076700759835,No,Low Risk,89.95,0.0,19,Month-to-month,Mailed check,Fiber optic,Yes,No
8261-GWDBQ,No,0,0.0739571957250095,No,Low Risk,116.05,0.0,60,Two year,Bank transfer (automatic),Fiber optic,Yes,Yes
1093-YSWCA,No,0,0.033294238994831145,No,Low Risk,19.55,0.0,11,Two year,Credit card (automatic),No,No internet service,No internet service
8938-UMKPI,Yes,1,0.5278154234838514,Yes,Medium Risk,106.4,0.0,47,Month-to-month,Electronic check,Fiber optic,No,No
0991-BRRFB,Yes,1,0.16023822817200417,No,Low Risk,49.4,0.0,18,Month-to-month,Electronic check,DSL,No,Yes
3882-IYOIJ,No,0,0.07228536500188212,No,Low Risk,115.25,0.0,60,Two year,Credit card (automatic),Fiber optic,Yes,Yes
8749-TZYEC,No,0,0.02038926741407629,No,Low Risk,24.8,0.0,72,Two year,Credit card (automatic),No,No internet service,No internet service
1755-FZQEC,No,0,0.03713218255245417,No,Low Risk,19.9,0.0,39,One year,Mailed check,No,No internet service,No internet service
3115-JPJDD,No,0,0.07002497489132413,No,Low Risk,81.25,0.0,59,One year,Credit card (automatic),Fiber optic,No,Yes
5600-KTXFM,No,0,0.5451164297015602,Yes,Medium Risk,69.95,0.0,2,Month-to-month,Mailed check,Fiber optic,No,No
3871-IKPYH,Yes,1,0.7743936055937083,Yes,High Risk,69.1,69.1,1,Month-to-month,Electronic check,Fiber optic,No,No
6319-IEJWJ,Yes,1,0.5295236941274829,Yes,Medium Risk,90.2,0.0,20,Month-to-month,Electronic check,Fiber optic,No,No
9025-AOMKI,Yes,1,0.680504777089427,Yes,High Risk,93.55,93.55,6,Month-to-month,Bank transfer (automatic),Fiber optic,No,No
6339-TBELP,No,0,0.04347872007825642,No,Low Risk,86.4,0.0,71,Two year,Credit card (automatic),Fiber optic,Yes,No
7964-YESJC,No,0,0.11733967624035824,No,Low Risk,66.3,0.0,24,Month-to-month,Mailed check,DSL,No,Yes
6173-GOLSU,No,0,0.3299304941939771,No,Medium Risk,94.65,0.0,67,Month-to-month,Credit card (automatic),Fiber optic,No,No
5275-SQEIZ,Yes,1,0.8017026680290874,Yes,High Risk,80.85,80.85,1,Month-to-month,Mailed check,Fiber optic,No,No
7716-YTYHG,Yes,1,0.13464276706006162,No,Low Risk,82.05,0.0,48,One year,Mailed check,Fiber optic,No,No
9938-ZREHM,No,0,0.06833504189873034,No,Low Risk,72.1,0.0,37,One year,Mailed check,DSL,Yes,No
7950-XWOVN,No,0,0.22783718927286312,No,Low Risk,34.7,0.0,11,Month-to-month,Mailed check,DSL,No,No
4390-KYULV,Yes,1,0.203258499557407,No,Low Risk,20.55,0.0,3,Month-to-month,Credit card (automatic),No,No internet service,No internet service
4647-MUZON,No,0,0.44476967764859326,No,Medium Risk,95.95,0.0,18,Month-to-month,Credit card (automatic),Fiber optic,No,No
9702-AIUJO,No,0,0.078025615471831,No,Low Risk,44.8,0.0,50,One year,Bank transfer (automatic),DSL,No,No
8849-PRIQJ,No,0,0.19637264655895825,No,Low Risk,109.4,0.0,67,One year,Electronic check,Fiber optic,Yes,Yes
8851-RAGOV,No,0,0.1040878775133585,No,Low Risk,71.05,0.0,25,Month-to-month,Mailed check,DSL,Yes,Yes
1304-NECVQ,Yes,1,0.7666875685466312,Yes,High Risk,78.55,78.55,2,Month-to-month,Electronic check,Fiber optic,No,No
5396-IZEPB,No,0,0.09930474927834759,No,Low Risk,19.7,0.0,9,Month-to-month,Credit card (automatic),No,No internet service,No internet service
1729-VLAZJ,No,0,0.06748569900374954,No,Low Risk,40.25,0.0,10,One year,Mailed check,DSL,Yes,Yes
8285-ABVLB,No,0,0.020837423718393398,No,Low Risk,19.85,0.0,70,Two year,Credit card (automatic),No,No internet service,No internet service
0701-TJSEF,No,0,0.15497720607802074,No,Low Risk,68.25,0.0,9,Month-to-month,Bank transfer (automatic),DSL,Yes,Yes
5712-VBOXD,No,0,0.17842673298966455,No,Low Risk,20.15,0.0,4,Month-to-month,Credit card (automatic),No,No internet service,No internet service
6629-LADHQ,No,0,0.29819384733481513,No,Low Risk,50.95,0.0,2,Month-to-month,Mailed check,DSL,No,Yes
8945-GRKHX,Yes,1,0.7602871211757377,Yes,High Risk,78.65,78.65,1,Month-to-month,Electronic check,Fiber optic,No,No
1559-DTODC,No,0,0.23293436182161306,No,Low Risk,25.15,0.0,19,Month-to-month,Bank transfer (automatic),DSL,No,No
4797-MIWUM,No,0,0.12473049836129141,No,Low Risk,20.25,0.0,7,Month-to-month,Bank transfer (automatic),No,No internet service,No internet service
6959-UWKHF,Yes,1,0.6532383375892046,Yes,High Risk,42.9,42.9,1,Month-to-month,Electronic check,DSL,No,No
8720-RQSBJ,No,0,0.6042176725509479,Yes,High Risk,44.0,44.0,1,Month-to-month,Electronic check,DSL,No,No
4537-CIBHB,No,0,0.05499662513403321,No,Low Risk,20.25,0.0,9,One year,Mailed check,No,No internet service,No internet service
3815-SLMEF,Yes,1,0.23231883776437048,No,Low Risk,34.25,0.0,3,Month-to-month,Mailed check,DSL,Yes,Yes
5154-VEKBL,Yes,1,0.16833102850696777,No,Low Risk,58.5,0.0,9,Month-to-month,Mailed check,DSL,Yes,Yes
4324-AHJKS,No,0,0.22273614559682722,No,Low Risk,55.8,0.0,5,Month-to-month,Credit card (automatic),DSL,No,Yes
4355-CVPVS,No,0,0.10912434996867372,No,Low Risk,88.9,0.0,56,One year,Bank transfer (automatic),Fiber optic,No,No
4495-LHSSK,No,0,0.13392458957429523,No,Low Risk,57.65,0.0,18,Month-to-month,Mailed check,DSL,No,Yes
5655-JSMZM,Yes,1,0.5482512842576028,Yes,Medium Risk,96.2,0.0,49,Month-to-month,Electronic check,Fiber optic,No,No
5915-ANOEI,No,0,0.02777847284695952,No,Low Risk,79.15,0.0,70,Two year,Mailed check,DSL,Yes,Yes
9861-PDSZP,No,0,0.08035513592899396,No,Low Risk,108.05,0.0,72,Two year,Credit card (automatic),Fiber optic,Yes,No
4505-EXZHB,Yes,1,0.5635355137934127,Yes,Medium Risk,74.4,0.0,6,Month-to-month,Electronic check,Fiber optic,No,No
7225-CBZPL,No,0,0.6976519703571472,Yes,High Risk,94.8,94.8,17,Month-to-month,Electronic check,Fiber optic,No,No
6704-UTUKK,No,0,0.34207828523254286,No,Medium Risk,45.9,0.0,29,Month-to-month,Electronic check,DSL,No,No
4587-VVTOX,Yes,1,0.7893141240939628,Yes,High Risk,105.3,105.3,6,Month-to-month,Electronic check,Fiber optic,No,No
2019-HDCZY,No,0,0.1552188295155616,No,Low Risk,102.6,0.0,63,Two year,Electronic check,Fiber optic,No,No
4652-NNHNY,Yes,1,0.49153592697065746,No,Medium Risk,73.85,0.0,16,Month-to-month,Bank transfer (automatic),Fiber optic,No,No
8788-DOXSU,No,0,0.08392088413653895,No,Low Risk,61.35,0.0,59,One year,Bank transfer (automatic),DSL,No,No
7404-JLKQG,No,0,0.42817143393599705,No,Medium Risk,57.55,0.0,3,Month-to-month,Electronic check,DSL,No,No
7421-ZLUPA,No,0,0.30842277202932034,No,Medium Risk,29.25,0.0,8,Month-to-month,Mailed check,DSL,No,No
8972-HJWNV,Yes,1,0.7447289669877989,Yes,High Risk,84.55,84.55,7,Month-to-month,Electronic check,Fiber optic,No,No
3274-NSDWE,No,0,0.020837423718393398,No,Low Risk,19.6,0.0,68,Two year,Credit card (automatic),No,No internet service,No internet service
2632-IVXVF,No,0,0.07613336758193905,No,Low Risk,111.75,0.0,68,Two year,Credit card (automatic),Fiber optic,Yes,Yes
3692-JHONH,No,0,0.32003228343231216,No,Medium Risk,106.5,0.0,52,One year,Electronic check,Fiber optic,No,No
8915-NNTRC,No,0,0.04330474759663763,No,Low Risk,107.7,0.0,72,Two year,Credit card (automatic),Fiber optic,Yes,Yes
5914-GXMDA,No,0,0.03713218255245417,No,Low Risk,19.3,0.0,32,One year,Mailed check,No,No internet service,No internet service
7463-IFMQU,No,0,0.01826244383159915,No,Low Risk,20.05,0.0,72,Two year,Bank transfer (automatic),No,No internet service,No internet service
2920-RNCEZ,No,0,0.7452819992234397,Yes,High Risk,69.95,69.95,1,Month-to-month,Credit card (automatic),Fiber optic,No,No
2541-YGPKE,No,0,0.05017664301415289,No,Low Risk,63.7,0.0,42,One year,Credit card (automatic),DSL,Yes,Yes
8515-OCTJS,Yes,1,0.028016248417572553,No,Low Risk,24.75,0.0,25,Two year,Credit card (automatic),No,No internet service,No internet service
5382-TEMLV,No,0,0.11841607694452441,No,Low Risk,50.9,0.0,45,Month-to-month,Bank transfer (automatic),DSL,No,Yes
3441-CGZJH,No,0,0.08158278633381463,No,Low Risk,60.4,0.0,43,One year,Credit card (automatic),DSL,Yes,Yes
9592-ERDKV,No,0,0.09130509873192218,No,Low Risk,79.25,0.0,37,One year,Mailed check,DSL,No,Yes
2860-RANUS,Yes,1,0.4893395315680158,No,Medium Risk,85.8,0.0,20,Month-to-month,Credit card (automatic),Fiber optic,No,No
5261-QSHQM,Yes,1,0.5688803086920802,Yes,Medium Risk,24.45,0.0,4,Month-to-month,Electronic check,DSL,No,No
4778-IZARL,No,0,0.0667736903408982,No,Low Risk,110.1,0.0,63,Two year,Credit card (automatic),Fiber optic,Yes,Yes
0432-CAJZV,No,0,0.6220695622277254,Yes,High Risk,90.7,90.7,3,Month-to-month,Mailed check,Fiber optic,No,No
7008-LZVOZ,No,0,0.02357034535425262,No,Low Risk,25.3,0.0,66,Two year,Credit card (automatic),No,No internet service,No internet service
8868-WOZGU,Yes,1,0.6106605542624014,Yes,High Risk,105.7,105.7,28,Month-to-month,Electronic check,Fiber optic,No,No
1200-TUZHR,No,0,0.6605449537401107,Yes,High Risk,85.2,85.2,8,Month-to-month,Electronic check,Fiber optic,No,No
9365-CSLBQ,No,0,0.020274978401497466,No,Low Risk,24.35,0.0,71,Two year,Mailed check,No,No internet service,No internet service
1334-FJSVR,Yes,1,0.6801605387709504,Yes,High Risk,24.25,24.25,1,Month-to-month,Electronic check,DSL,No,No
5884-FBCTL,No,0,0.020274978401497466,No,Low Risk,25.1,0.0,72,Two year,Bank transfer (automatic),No,No internet service,No internet service
7130-CTCUS,No,0,0.183386455016353,No,Low Risk,54.55,0.0,16,Month-to-month,Bank transfer (automatic),DSL,No,Yes
6242-FEGFD,No,0,0.0498680399294384,No,Low Risk,96.6,0.0,66,Two year,Mailed check,Fiber optic,Yes,Yes
7625-XCQRH,Yes,1,0.6163031746425573,Yes,High Risk,76.5,76.5,11,Month-to-month,Electronic check,Fiber optic,No,No
6194-HBGQN,No,0,0.05780059221591062,No,Low Risk,81.15,0.0,51,One year,Credit card (automatic),DSL,Yes,Yes
7634-WSWDB,No,0,0.33314385121867296,No,Medium Risk,38.5,0.0,8,Month-to-month,Electronic check,DSL,No,Yes
6986-IXNDM,No,0,0.6363295039787878,Yes,High Risk,92.9,92.9,14,Month-to-month,Electronic check,Fiber optic,No,No
1731-TVIUK,Yes,1,0.6509414952364311,Yes,High Risk,93.5,93.5,4,Month-to-month,Electronic check,Fiber optic,Yes,No
2987-BJXIK,No,0,0.041703516978930044,No,Low Risk,84.7,0.0,70,Two year,Mailed check,DSL,No,Yes
9769-TSBZE,No,0,0.033169223534739646,No,Low Risk,66.0,0.0,70,Two year,Electronic check,DSL,Yes,Yes
0406-BPDVR,Yes,1,0.24469160602024984,No,Low Risk,101.5,0.0,54,One year,Credit card (automatic),Fiber optic,No,No
0618-XWMSS,Yes,1,0.24361367054686486,No,Low Risk,74.9,0.0,28,Month-to-month,Bank transfer (automatic),Fiber optic,No,Yes
1395-WSWXR,No,0,0.024324891126048586,No,Low Risk,20.75,0.0,24,Two year,Mailed check,No,No internet service,No internet service
6023-GSSXW,No,0,0.0459129289747337,No,Low Risk,61.45,0.0,69,Two year,Credit card (automatic),DSL,No,No
6752-APNJL,No,0,0.09339752464668657,No,Low Risk,54.5,0.0,42,Month-to-month,Mailed check,DSL,No,Yes
5276-KQWHG,Yes,1,0.7034718517378408,Yes,High Risk,69.6,69.6,2,Month-to-month,Electronic check,Fiber optic,No,No
0420-HLGXF,No,0,0.6004246203234568,Yes,High Risk,99.75,99.75,39,Month-to-month,Electronic check,Fiber optic,No,No
7446-KQISO,No,0,0.10959533584071901,No,Low Risk,109.75,0.0,45,Two year,Bank transfer (automatic),Fiber optic,Yes,No
9823-EALYC,No,0,0.02396748396317603,No,Low Risk,80.85,0.0,72,Two year,Bank transfer (automatic),DSL,Yes,Yes
0582-AVCLN,No,0,0.022188061443804846,No,Low Risk,20.3,0.0,38,Two year,Mailed check,No,No internet service,No internet service
5803-NQJZO,No,0,0.021734837775889353,No,Low Risk,67.8,0.0,72,Two year,Bank transfer (automatic),DSL,Yes,Yes
2565-JSLRY,Yes,1,0.36298139471924806,No,Medium Risk,24.05,0.0,1,Month-to-month,Mailed check,No,No internet service,No internet service
2607-DHDAK,No,0,0.018509753936098307,No,Low Risk,19.8,0.0,72,Two year,Credit card (automatic),No,No internet service,No internet service
1073-XXCZD,No,0,0.024163944027121645,No,Low Risk,25.7,0.0,55,Two year,Bank transfer (automatic),No,No internet service,No internet service
0743-HRVFF,No,0,0.13381253480859576,No,Low Risk,56.15,0.0,51,One year,Electronic check,DSL,Yes,No
4006-HKYHO,No,0,0.027570846073044285,No,Low Risk,86.7,0.0,63,Two year,Bank transfer (automatic),DSL,Yes,Yes
3727-JEZTU,No,0,0.29872100466145696,No,Low Risk,20.4,0.0,1,Month-to-month,Mailed check,No,No internet service,No internet service
8143-ETQTI,No,0,0.029156007519566488,No,Low Risk,19.65,0.0,23,Two year,Mailed check,No,No internet service,No internet service
6689-KXGBO,Yes,1,0.5517990155415063,Yes,Medium Risk,50.55,0.0,1,Month-to-month,Electronic check,DSL,No,No
9667-TKTVZ,No,0,0.4252145856472905,No,Medium Risk,54.35,0.0,2,Month-to-month,Mailed check,DSL,Yes,No
3657-COGMW,No,0,0.3509404863937305,No,Medium Risk,108.1,0.0,52,Month-to-month,Credit card (automatic),Fiber optic,No,Yes
8570-KLJYJ,No,0,0.06382514168611725,No,Low Risk,54.45,0.0,36,One year,Mailed check,DSL,No,Yes
7754-IXRMC,No,0,0.512196654971884,Yes,Medium Risk,45.35,0.0,1,Month-to-month,Mailed check,DSL,No,No
9473-CBZOP,No,0,0.06382514168611725,No,Low Risk,59.0,0.0,28,One year,Mailed check,DSL,No,Yes
2969-WGHQO,No,0,0.11087768552870685,No,Low Risk,69.45,0.0,7,One year,Electronic check,DSL,No,Yes
6615-NGGZJ,Yes,1,0.738486394189758,Yes,High Risk,100.55,100.55,14,Month-to-month,Electronic check,Fiber optic,No,No
4334-HOWRP,No,0,0.0284829901265832,No,Low Risk,64.95,0.0,72,Two year,Credit card (automatic),DSL,Yes,Yes
4255-DDUOU,Yes,1,0.3497090139631016,No,Medium Risk,20.5,0.0,1,Month-to-month,Mailed check,No,No internet service,No internet service
5863-OOKCL,No,0,0.09930474927834759,No,Low Risk,18.85,0.0,10,Month-to-month,Mailed check,No,No internet service,No internet service
1686-STUHN,No,0,0.03713218255245417,No,Low Risk,19.8,0.0,42,One year,Bank transfer (automatic),No,No internet service,No internet service
1329-VHWNP,No,0,0.3006952737008764,No,Medium Risk,25.05,0.0,7,Month-to-month,Bank transfer (automatic),DSL,No,No
2984-MIIZL,Yes,1,0.610990370488789,Yes,High Risk,74.8,74.8,4,Month-to-month,Bank transfer (automatic),Fiber optic,No,No
0266-GMEAO,No,0,0.04330474759663763,No,Low Risk,114.3,0.0,72,Two year,Credit card (automatic),Fiber optic,Yes,Yes
5590-YRFJT,Yes,1,0.34116717513689065,No,Medium Risk,24.45,0.0,20,Month-to-month,Electronic check,DSL,No,No
5574-NXZIU,No,0,0.06545509144512524,No,Low Risk,109.2,0.0,63,Two year,Credit card (automatic),Fiber optic,Yes,Yes
0019-GFNTW,No,0,0.026001676638061796,No,Low Risk,45.05,0.0,56,Two year,Bank transfer (automatic),DSL,Yes,Yes
4256-ZWTZI,No,0,0.31213618075017047,No,Medium Risk,51.0,0.0,5,Month-to-month,Mailed check,DSL,Yes,No
8309-PPCED,No,0,0.0569565157432186,No,Low Risk,110.45,0.0,72,Two year,Bank transfer (automatic),Fiber optic,Yes,No
4098-NAUKP,No,0,0.30589677786298647,No,Medium Risk,84.65,0.0,68,Month-to-month,Electronic check,Fiber optic,No,No
5196-WPYOW,No,0,0.03621382388490308,No,Low Risk,60.05,0.0,67,One year,Mailed check,DSL,Yes,Yes
4608-LCIMN,No,0,0.23791360302280717,No,Low Risk,44.65,0.0,8,Month-to-month,Bank transfer (automatic),DSL,No,No
1485-YDHMM,No,0,0.2355431998332376,No,Low Risk,93.25,0.0,52,Month-to-month,Bank transfer (automatic),Fiber optic,Yes,No
4054-CUMIA,No,0,0.09102321222031612,No,Low Risk,20.25,0.0,18,Month-to-month,Mailed check,No,No internet service,No internet service
0603-TPMIB,No,0,0.02402901562222405,No,Low Risk,25.45,0.0,59,Two year,Mailed check,No,No internet service,No internet service
2525-GVKQU,No,0,0.020837423718393398,No,Low Risk,20.6,0.0,60,Two year,Mailed check,No,No internet service,No internet service
8161-QYMTT,No,0,0.7555782684274706,Yes,High Risk,94.1,94.1,7,Month-to-month,Electronic check,Fiber optic,No,No
9581-GVBXT,No,0,0.062272934092709974,No,Low Risk,34.8,0.0,59,One year,Mailed check,DSL,No,Yes
5862-BRIXZ,No,0,0.040231022929839856,No,Low Risk,60.75,0.0,46,Two year,Bank transfer (automatic),DSL,Yes,Yes
5404-GGUKR,No,0,0.4188458771699004,No,Medium Risk,51.35,0.0,5,Month-to-month,Electronic check,DSL,No,No
3308-JSGML,No,0,0.0378480233632962,No,Low Risk,64.05,0.0,59,Two year,Credit card (automatic),DSL,Yes,Yes
2126-GSEGL,No,0,0.04151380944463994,No,Low Risk,84.8,0.0,70,Two year,Bank transfer (automatic),DSL,Yes,No
3677-TNKIO,Yes,1,0.44847801674255977,No,Medium Risk,71.0,0.0,14,Month-to-month,Credit card (automatic),Fiber optic,No,No
0440-QEXBZ,No,0,0.19479731192574018,No,Low Risk,50.15,0.0,44,Month-to-month,Mailed check,DSL,No,No
2434-EEVDB,No,0,0.0763860007336651,No,Low Risk,94.6,0.0,64,Two year,Credit card (automatic),Fiber optic,No,Yes
6762-QVYJO,No,0,0.03405735823772668,No,Low Risk,59.75,0.0,58,Two year,Mailed check,DSL,Yes,Yes
6199-IWKGC,No,0,0.25357361387386657,No,Low Risk,100.25,0.0,46,One year,Electronic check,Fiber optic,Yes,No
2675-DHUTR,No,0,0.4748893284122179,No,Medium Risk,98.9,0.0,58,Month-to-month,Electronic check,Fiber optic,No,No
8152-VETUR,No,0,0.0872054714301923,No,Low Risk,97.7,0.0,72,Two year,Credit card (automatic),Fiber optic,No,No
9667-EQRXU,Yes,1,0.3518714116684617,No,Medium Risk,40.3,0.0,30,Month-to-month,Electronic check,DSL,No,No
7446-YPODE,No,0,0.19121080681658031,No,Low Risk,60.25,0.0,11,Month-to-month,Bank transfer (automatic),DSL,No,Yes
9522-BNTHX,No,0,0.3425081199440793,No,Medium Risk,56.25,0.0,34,Month-to-month,Electronic check,DSL,No,No
4676-WLUHT,No,0,0.04084965779218448,No,Low Risk,46.2,0.0,54,Two year,Bank transfer (automatic),DSL,No,Yes
3329-WDIOK,Yes,1,0.570108793871675,Yes,Medium Risk,50.6,0.0,3,Month-to-month,Electronic check,DSL,No,No
7980-MHFLQ,No,0,0.020274978401497466,No,Low Risk,24.9,0.0,72,Two year,Mailed check,No,No internet service,No internet service
2873-ZLIWT,Yes,1,0.3564495815132675,No,Medium Risk,84.85,0.0,40,Month-to-month,Electronic check,Fiber optic,Yes,No
3415-TAILE,Yes,1,0.43888039225193526,No,Medium Risk,65.7,0.0,2,Month-to-month,Mailed check,DSL,No,No
0757-WCUUZ,No,0,0.05834586108469621,No,Low Risk,63.35,0.0,54,Two year,Credit card (automatic),DSL,No,No
1629-DQQVB,No,0,0.14193825740630456,No,Low Risk,50.1,0.0,14,Month-to-month,Bank transfer (automatic),DSL,No,Yes
1915-IOFGU,Yes,1,0.7343580511959091,Yes,High Risk,70.5,70.5,1,Month-to-month,Electronic check,Fiber optic,No,No
3045-XETSH,Yes,1,0.6768068075573204,Yes,High Risk,94.85,94.85,10,Month-to-month,Electronic check,Fiber optic,No,No
0374-AACSZ,No,0,0.4462350126491351,No,Medium Risk,50.15,0.0,1,Month-to-month,Electronic check,DSL,No,Yes
7239-HZZCX,Yes,1,0.29872100466145696,No,Low Risk,19.75,0.0,1,Month-to-month,Mailed check,No,No internet service,No internet service
4872-VXRIL,No,0,0.04656562301910425,No,Low Risk,64.65,0.0,56,One year,Bank transfer (automatic),DSL,Yes,Yes
9140-CZQZZ,No,0,0.027570846073044285,No,Low Risk,79.6,0.0,68,Two year,Bank transfer (automatic),DSL,Yes,Yes
3423-HHXAO,No,0,0.0621303631035271,No,Low Risk,19.5,0.0,14,One year,Mailed check,No,No internet service,No internet service
9938-TKDGL,No,0,0.0879776722502142,No,Low Risk,99.55,0.0,68,Two year,Electronic check,Fiber optic,Yes,Yes
0531-ZZJWQ,No,0,0.4007145443610258,No,Medium Risk,74.0,0.0,55,Month-to-month,Electronic check,Fiber optic,No,No
6537-QLGEX,No,0,0.3295040560029737,No,Medium Risk,38.9,0.0,16,Month-to-month,Electronic check,DSL,No,Yes
2688-BHGOG,No,0,0.669744214417828,Yes,High Risk,79.55,79.55,9,Month-to-month,Electronic check,Fiber optic,No,No
7683-CBDKJ,Yes,1,0.23193339747115246,No,Low Risk,65.45,0.0,14,Month-to-month,Electronic check,DSL,No,Yes
0946-CLJTI,Yes,1,0.5095980604165553,Yes,Medium Risk,98.7,0.0,58,Month-to-month,Electronic check,Fiber optic,No,No
3160-TYXLT,No,0,0.14460448664374442,No,Low Risk,46.3,0.0,53,Month-to-month,Bank transfer (automatic),DSL,No,Yes
1325-USMEC,No,0,0.08151690331125386,No,Low Risk,99.35,0.0,70,Two year,Credit card (automatic),Fiber optic,No,Yes
0916-QOFDP,No,0,0.7250998296161704,Yes,High Risk,95.8,95.8,14,Month-to-month,Electronic check,Fiber optic,No,No
0628-CNQRM,Yes,1,0.06275202634087294,No,Low Risk,67.5,0.0,22,One year,Bank transfer (automatic),DSL,Yes,Yes
5606-AMZBO,No,0,0.4394393083879521,No,Medium Risk,78.15,0.0,10,Month-to-month,Credit card (automatic),Fiber optic,No,Yes
6199-IPCAO,No,0,0.025140281571952163,No,Low Risk,26.1,0.0,29,Two year,Mailed check,No,No internet service,No internet service
7665-TOALD,Yes,1,0.804979670889202,Yes,High Risk,69.6,69.6,1,Month-to-month,Electronic check,Fiber optic,No,No
0112-QWPNC,Yes,1,0.09499341613385133,No,Low Risk,84.35,0.0,49,One year,Electronic check,DSL,Yes,Yes
0324-BRPCJ,Yes,1,0.43639165612712505,No,Medium Risk,100.2,0.0,68,Month-to-month,Electronic check,Fiber optic,No,No
2777-PHDEI,Yes,1,0.7620369767517456,Yes,High Risk,78.05,78.05,1,Month-to-month,Electronic check,Fiber optic,No,No
5640-CAXOA,No,0,0.0942303521363172,No,Low Risk,40.35,0.0,30,One year,Credit card (automatic),DSL,Yes,No
2235-EZAIK,No,0,0.02418139890943374,No,Low Risk,79.2,0.0,72,Two year,Credit card (automatic),DSL,Yes,Yes
3847-BAERP,No,0,0.12306381547305874,No,Low Risk,20.9,0.0,10,Month-to-month,Mailed check,No,No internet service,No internet service
1196-AMORA,Yes,1,0.5716753156667898,Yes,Medium Risk,73.6,0.0,7,Month-to-month,Electronic check,Fiber optic,No,No
4282-YMKNA,Yes,1,0.6454339158123362,Yes,High Risk,74.75,74.75,9,Month-to-month,Electronic check,Fiber optic,No,No
1453-RZFON,No,0,0.4062558874437748,No,Medium Risk,49.9,0.0,1,Month-to-month,Mailed check,DSL,No,Yes
8263-OKETD,No,0,0.1717698670846427,No,Low Risk,68.9,0.0,20,Month-to-month,Credit card (automatic),DSL,Yes,No
0670-KDOMA,No,0,0.35666769182703767,No,Medium Risk,20.25,0.0,1,Month-to-month,Mailed check,No,No internet service,No internet service
2476-YGEFM,No,0,0.37422685962991664,No,Medium Risk,76.0,0.0,29,Month-to-month,Credit card (automatic),Fiber optic,No,No
8687-BAFGU,No,0,0.6410515548434652,Yes,High Risk,74.0,74.0,1,Month-to-month,Electronic check,Fiber optic,Yes,No
0641-EVBOJ,No,0,0.40269370134556964,No,Medium Risk,82.3,0.0,3,Month-to-month,Mailed check,Fiber optic,Yes,Yes
0829-XXPLX,No,0,0.29765295438458,No,Low Risk,89.4,0.0,20,Month-to-month,Bank transfer (automatic),Fiber optic,No,Yes
9974-JFBHQ,No,0,0.2606189967848514,No,Low Risk,99.15,0.0,64,Month-to-month,Credit card (automatic),Fiber optic,Yes,No
5356-RHIPP,Yes,1,0.3643492574644425,No,Medium Risk,20.2,0.0,1,Month-to-month,Mailed check,No,No internet service,No internet service
6624-JDRDS,No,0,0.20143157114017118,No,Low Risk,29.45,0.0,6,Month-to-month,Bank transfer (automatic),DSL,No,Yes
0608-JDVEC,No,0,0.02957714951594456,No,Low Risk,19.8,0.0,50,Two year,Electronic check,No,No internet service,No internet service
9780-FKVVF,No,0,0.2266664968573544,No,Low Risk,59.15,0.0,6,Month-to-month,Bank transfer (automatic),DSL,No,Yes
1919-RTPQD,No,0,0.3039678124327881,No,Medium Risk,44.75,0.0,7,Month-to-month,Electronic check,DSL,No,No
5214-NLTIT,No,0,0.06200269417962985,No,Low Risk,90.8,0.0,72,Two year,Credit card (automatic),Fiber optic,No,No
3345-PBBFH,No,0,0.2650475058551151,No,Low Risk,49.55,0.0,8,Month-to-month,Bank transfer (automatic),DSL,No,No
5055-BRMNE,No,0,0.07613336758193905,No,Low Risk,106.7,0.0,67,Two year,Credit card (automatic),Fiber optic,Yes,Yes
9189-JWSHV,Yes,1,0.5942955558593658,Yes,Medium Risk,93.55,0.0,24,Month-to-month,Electronic check,Fiber optic,No,No
2190-PHBHR,No,0,0.05822033386209395,No,Low Risk,94.45,0.0,72,Two year,Credit card (automatic),Fiber optic,No,Yes
2650-GYRYL,No,0,0.04439119875938083,No,Low Risk,19.45,0.0,33,One year,Bank transfer (automatic),No,No internet service,No internet service
0746-JTRFU,Yes,1,0.6298429818783213,Yes,High Risk,25.05,25.05,2,Month-to-month,Electronic check,DSL,No,No
5208-FVQKB,No,0,0.0235968171254254,No,Low Risk,67.95,0.0,70,Two year,Mailed check,DSL,Yes,Yes
7184-LRUUR,No,0,0.07642756380866401,No,Low Risk,65.25,0.0,22,One year,Bank transfer (automatic),DSL,No,No
6627-CFOSN,No,0,0.2737946995068933,No,Low Risk,99.45,0.0,59,Month-to-month,Bank transfer (automatic),Fiber optic,No,Yes
3982-JGSFD,No,0,0.045701483445277184,No,Low Risk,20.35,0.0,36,One year,Credit card (automatic),No,No internet service,No internet service
1574-DYCWE,No,0,0.022063916656277653,No,Low Risk,19.95,0.0,51,Two year,Mailed check,No,No internet service,No internet service
7247-XOZPB,No,0,0.06077797564394579,No,Low Risk,77.4,0.0,53,One year,Bank transfer (automatic),DSL,Yes,Yes
2466-FCCPT,No,0,0.04105469349653117,No,Low Risk,19.7,0.0,20,One year,Bank transfer (automatic),No,No internet service,No internet service
6211-WWLTF,No,0,0.07637017709906645,No,Low Risk,99.7,0.0,63,Two year,Credit card (automatic),Fiber optic,No,Yes
4826-TZEVA,No,0,0.24442405871461456,No,Low Risk,74.8,0.0,40,Month-to-month,Credit card (automatic),Fiber optic,No,No
6016-NXBNJ,No,0,0.045701483445277184,No,Low Risk,19.15,0.0,35,One year,Mailed check,No,No internet service,No internet service
9138-EFSMO,No,0,0.11788108906310253,No,Low Risk,78.95,0.0,26,One year,Bank transfer (automatic),Fiber optic,No,No
0576-WNXXC,Yes,1,0.5591116447617264,Yes,Medium Risk,95.55,0.0,27,Month-to-month,Electronic check,Fiber optic,No,No
4632-XJMEX,No,0,0.03852191682085396,No,Low Risk,62.85,0.0,53,One year,Credit card (automatic),DSL,Yes,Yes
8910-LEDAG,No,0,0.3122661270957997,No,Medium Risk,71.55,0.0,34,Month-to-month,Credit card (automatic),Fiber optic,No,No
3452-GWUIN,No,0,0.6429618441854871,Yes,High Risk,94.95,94.95,19,Month-to-month,Electronic check,Fiber optic,No,No
2716-GFZOR,No,0,0.20482635724021905,No,Low Risk,86.1,0.0,43,Month-to-month,Credit card (automatic),Fiber optic,No,Yes
3724-UCSHY,No,0,0.10294752311383841,No,Low Risk,19.55,0.0,6,Month-to-month,Mailed check,No,No internet service,No internet service
8626-XHBIE,No,0,0.025599843469399784,No,Low Risk,24.8,0.0,56,Two year,Mailed check,No,No internet service,No internet service
4628-CTTLA,Yes,1,0.2639236976411554,No,Low Risk,39.3,0.0,57,Month-to-month,Electronic check,DSL,No,No
3192-LNKRK,No,0,0.356634974464687,No,Medium Risk,84.05,0.0,34,Month-to-month,Mailed check,Fiber optic,No,No
4439-YRNVD,No,0,0.23085469537621156,No,Low Risk,36.25,0.0,10,Month-to-month,Electronic check,DSL,Yes,No
2876-VBBBL,Yes,1,0.35666769182703767,No,Medium Risk,20.25,0.0,1,Month-to-month,Mailed check,No,No internet service,No internet service
6834-NXDCA,Yes,1,0.46716700219739093,No,Medium Risk,23.9,0.0,13,Month-to-month,Electronic check,DSL,No,No
2208-UGTGR,No,0,0.40530501666890983,No,Medium Risk,98.6,0.0,56,Month-to-month,Electronic check,Fiber optic,No,No
3005-TYFRD,No,0,0.3981904223520548,No,Medium Risk,103.65,0.0,55,Month-to-month,Credit card (automatic),Fiber optic,No,No
8670-MEFCP,No,0,0.038815947059309165,No,Low Risk,92.9,0.0,36,Two year,Credit card (automatic),DSL,Yes,Yes
3079-BCHLN,No,0,0.03713218255245417,No,Low Risk,19.9,0.0,47,One year,Bank transfer (automatic),No,No internet service,No internet service
7777-UNYHB,No,0,0.11981398980668936,No,Low Risk,20.1,0.0,12,Month-to-month,Credit card (automatic),No,No internet service,No internet service
5597-GLBUC,Yes,1,0.8456961538623445,Yes,High Risk,85.45,85.45,1,Month-to-month,Electronic check,Fiber optic,No,No
7278-CKDNC,No,0,0.5107564091153877,Yes,Medium Risk,80.5,0.0,24,Month-to-month,Electronic check,Fiber optic,No,No
2748-MYRVK,Yes,1,0.17072058145161328,No,Low Risk,99.9,0.0,63,One year,Bank transfer (automatic),Fiber optic,No,No
8450-UYIBU,No,0,0.34719733718359486,No,Medium Risk,39.85,0.0,35,Month-to-month,Electronic check,DSL,No,No
2969-VAPYH,No,0,0.03641461991999749,No,Low Risk,60.5,0.0,67,One year,Credit card (automatic),DSL,Yes,Yes
4822-YCXMX,Yes,1,0.5295957257807191,Yes,Medium Risk,84.8,0.0,25,Month-to-month,Electronic check,Fiber optic,No,No
7181-OQCUT,No,0,0.4101024468304965,No,Medium Risk,103.85,0.0,21,Month-to-month,Mailed check,Fiber optic,No,Yes
8474-UMLNT,No,0,0.10320732196148168,No,Low Risk,67.8,0.0,13,Month-to-month,Bank transfer (automatic),DSL,Yes,Yes
9821-POOTN,Yes,1,0.4726569469066579,No,Medium Risk,75.2,0.0,35,Month-to-month,Electronic check,Fiber optic,No,No
3836-FZSDJ,No,0,0.02325211813512593,No,Low Risk,24.85,0.0,71,Two year,Bank transfer (automatic),No,No internet service,No internet service
9142-XMYJH,No,0,0.06772157046635292,No,Low Risk,19.35,0.0,29,Month-to-month,Credit card (automatic),No,No internet service,No internet service
6559-ILWKJ,Yes,1,0.06534991257365379,No,Low Risk,49.35,0.0,71,Two year,Electronic check,DSL,No,No
0187-QSXOE,No,0,0.7101636859926891,Yes,High Risk,89.0,89.0,7,Month-to-month,Electronic check,Fiber optic,No,No
7733-UDMTP,No,0,0.30916388335869865,No,Medium Risk,55.0,0.0,57,Month-to-month,Electronic check,DSL,No,No
2649-HWLYB,No,0,0.030138636675832733,No,Low Risk,76.15,0.0,65,Two year,Bank transfer (automatic),DSL,Yes,Yes
5214-CHIWJ,No,0,0.03713218255245417,No,Low Risk,20.3,0.0,27,One year,Mailed check,No,No internet service,No internet service
4229-CZMLL,Yes,1,0.6758674986235669,Yes,High Risk,74.9,74.9,6,Month-to-month,Electronic check,Fiber optic,No,No
6904-JLBGY,No,0,0.044481231375082655,No,Low Risk,117.35,0.0,72,Two year,Credit card (automatic),Fiber optic,Yes,Yes
2465-BLLEU,No,0,0.3643492574644425,No,Medium Risk,19.75,0.0,1,Month-to-month,Mailed check,No,No internet service,No internet service
1685-VAYJF,No,0,0.21327812909752014,No,Low Risk,45.2,0.0,11,Month-to-month,Credit card (automatic),DSL,No,No
8874-EJNSR,No,0,0.025140281571952163,No,Low Risk,25.2,0.0,39,Two year,Mailed check,No,No internet service,No internet service
6917-YACBP,No,0,0.24845136176685761,No,Low Risk,89.75,0.0,59,Month-to-month,Electronic check,Fiber optic,No,Yes
5049-MUBWG,No,0,0.05600831744371544,No,Low Risk,75.0,0.0,26,One year,Bank transfer (automatic),DSL,Yes,Yes
4223-WOZCM,No,0,0.49074555824594157,No,Medium Risk,49.95,0.0,2,Month-to-month,Mailed check,DSL,No,No
0769-MURVM,No,0,0.02560531765282729,No,Low Risk,65.7,0.0,72,Two year,Bank transfer (automatic),DSL,Yes,Yes
9253-VIFJQ,No,0,0.054348772606822755,No,Low Risk,67.05,0.0,65,One year,Credit card (automatic),DSL,No,Yes
7030-FZTFM,No,0,0.05449318865759997,No,Low Risk,110.9,0.0,72,Two year,Credit card (automatic),Fiber optic,Yes,No
9741-YLNTD,No,0,0.5588619989085158,Yes,Medium Risk,87.95,0.0,6,Month-to-month,Bank transfer (automatic),Fiber optic,Yes,No
5917-RYRMG,No,0,0.04729746183367777,No,Low Risk,19.8,0.0,32,One year,Credit card (automatic),No,No internet service,No internet service
5120-ZBLAI,No,0,0.11123731128032859,No,Low Risk,75.7,0.0,50,One year,Bank transfer (automatic),DSL,No,No
1194-BHJYC,No,0,0.0342090494423566,No,Low Risk,62.15,0.0,61,Two year,Mailed check,DSL,Yes,Yes
3663-MITLP,Yes,1,0.6902894069915904,Yes,High Risk,101.25,101.25,15,Month-to-month,Electronic check,Fiber optic,No,No
0906-QVPMS,No,0,0.04368352733544589,No,Low Risk,115.15,0.0,72,Two year,Bank transfer (automatic),Fiber optic,Yes,Yes
9025-ZRPVR,Yes,1,0.12306381547305874,No,Low Risk,18.95,0.0,9,Month-to-month,Mailed check,No,No internet service,No internet service
1905-OEILC,No,0,0.29872100466145696,No,Low Risk,19.5,0.0,1,Month-to-month,Mailed check,No,No internet service,No internet service
7858-GTZSP,No,0,0.6696587389564979,Yes,High Risk,86.55,86.55,12,Month-to-month,Electronic check,Fiber optic,No,No
3285-UCQVC,Yes,1,0.12647487539245142,No,Low Risk,28.6,0.0,37,Month-to-month,Credit card (automatic),DSL,Yes,No
6248-BSHKG,No,0,0.03471156649674788,No,Low Risk,20.4,0.0,61,One year,Mailed check,No,No internet service,No internet service
4685-TFLLS,No,0,0.04105469349653117,No,Low Risk,19.8,0.0,18,One year,Bank transfer (automatic),No,No internet service,No internet service
3470-BTGQO,No,0,0.15111826649850454,No,Low Risk,45.65,0.0,21,Month-to-month,Mailed check,DSL,No,No
1209-VFFOC,No,0,0.02609581715830619,No,Low Risk,56.4,0.0,68,Two year,Mailed check,DSL,Yes,Yes
8224-DWCKX,No,0,0.5761426314705042,Yes,Medium Risk,73.3,0.0,12,Month-to-month,Credit card (automatic),Fiber optic,No,No
5482-PLVPE,Yes,1,0.6828945125802208,Yes,High Risk,24.35,24.35,2,Month-to-month,Electronic check,DSL,No,No
4553-DVPZG,No,0,0.4661583570910073,No,Medium Risk,101.35,0.0,62,Month-to-month,Electronic check,Fiber optic,No,No
4902-OHLSK,Yes,1,0.49852615649755805,No,Medium Risk,98.65,0.0,29,Month-to-month,Electronic check,Fiber optic,Yes,No
6917-IAYHD,No,0,0.3767541434184074,No,Medium Risk,33.6,0.0,1,Month-to-month,Mailed check,DSL,Yes,No
0495-ZBNGW,Yes,1,0.7223763391215219,Yes,High Risk,79.9,79.9,5,Month-to-month,Bank transfer (automatic),Fiber optic,No,No
8620-RJPZN,No,0,0.3327967081322716,No,Medium Risk,20.7,0.0,1,Month-to-month,Electronic check,No,No internet service,No internet service
7572-KPVKK,No,0,0.13742223278974033,No,Low Risk,104.05,0.0,62,Two year,Electronic check,Fiber optic,Yes,No
2642-MAWLJ,No,0,0.022063916656277653,No,Low Risk,20.25,0.0,36,Two year,Bank transfer (automatic),No,No internet service,No internet service
2357-COQEK,Yes,1,0.5882596887691399,Yes,Medium Risk,103.3,0.0,28,Month-to-month,Electronic check,Fiber optic,Yes,No
7103-ZGVNT,No,0,0.04788409125699946,No,Low Risk,73.7,0.0,69,One year,Credit card (automatic),DSL,Yes,Yes
3737-GCSPV,Yes,1,0.467505692500193,No,Medium Risk,96.2,0.0,11,Month-to-month,Credit card (automatic),Fiber optic,Yes,Yes
2027-WKXMW,No,0,0.402780254891361,No,Medium Risk,108.75,0.0,63,Month-to-month,Electronic check,Fiber optic,Yes,No
7137-NAXML,No,0,0.04064838288920519,No,Low Risk,20.15,0.0,23,One year,Bank transfer (automatic),No,No internet service,No internet service
2428-ZMCTB,No,0,0.09930474927834759,No,Low Risk,19.75,0.0,10,Month-to-month,Credit card (automatic),No,No internet service,No internet service
2961-VNFKL,No,0,0.02129033284753065,No,Low Risk,25.95,0.0,71,Two year,Credit card (automatic),No,No internet service,No internet service
1768-HNVGJ,No,0,0.18886829261106608,No,Low Risk,70.05,0.0,45,Month-to-month,Electronic check,DSL,Yes,Yes
6963-KQYQB,No,0,0.023127038226193948,No,Low Risk,24.05,0.0,70,Two year,Mailed check,No,No internet service,No internet service
5934-RMPOV,No,0,0.5569411035441593,Yes,Medium Risk,84.75,0.0,22,Month-to-month,Electronic check,Fiber optic,No,No
1207-BLKSA,No,0,0.025140281571952163,No,Low Risk,23.05,0.0,52,Two year,Mailed check,No,No internet service,No internet service
4088-YLDSU,Yes,1,0.2601148909458719,No,Low Risk,104.15,0.0,55,One year,Electronic check,Fiber optic,Yes,No
8316-BBQAY,No,0,0.03351042249222269,No,Low Risk,59.95,0.0,65,Two year,Credit card (automatic),DSL,Yes,Yes
1166-PQLGG,No,0,0.018159855412516312,No,Low Risk,19.55,0.0,72,Two year,Bank transfer (automatic),No,No internet service,No internet service
3146-JTQHR,No,0,0.055295591634267206,No,Low Risk,19.6,0.0,10,One year,Bank transfer (automatic),No,No internet service,No internet service
4291-YZODP,No,0,0.05742691762955648,No,Low Risk,20.05,0.0,7,One year,Mailed check,No,No internet service,No internet service
4395-PZMSN,No,0,0.705841395252082,Yes,High Risk,85.55,85.55,5,Month-to-month,Electronic check,Fiber optic,No,No
6427-FEFIG,No,0,0.05467604451496549,No,Low Risk,78.6,0.0,24,Two year,Credit card (automatic),DSL,No,Yes
0017-IUDMW,No,0,0.04330474759663763,No,Low Risk,116.8,0.0,72,Two year,Credit card (automatic),Fiber optic,Yes,Yes
8706-HRADD,No,0,0.1442987432119494,No,Low Risk,43.55,0.0,21,Month-to-month,Mailed check,DSL,Yes,Yes
9955-QOPOY,No,0,0.07489628184455628,No,Low Risk,60.8,0.0,69,One year,Credit card (automatic),DSL,Yes,No
4385-ZKVNW,No,0,0.10912520724420555,No,Low Risk,54.9,0.0,44,Month-to-month,Bank transfer (automatic),DSL,Yes,No
5446-DKWYW,No,0,0.1323808180537884,No,Low Risk,65.2,0.0,61,One year,Electronic check,DSL,No,No
2034-CGRHZ,Yes,1,0.5832139898566129,Yes,Medium Risk,102.95,0.0,24,Month-to-month,Credit card (automatic),Fiber optic,No,No
5797-APWZC,Yes,1,0.7979893441417378,Yes,High Risk,90.6,90.6,1,Month-to-month,Electronic check,Fiber optic,No,No
3683-QKIUE,Yes,1,0.2403865487916816,No,Low Risk,50.8,0.0,6,Month-to-month,Bank transfer (automatic),DSL,Yes,No
4228-ZGYUW,Yes,1,0.7274652833705763,Yes,High Risk,90.05,90.05,4,Month-to-month,Electronic check,Fiber optic,No,No
9031-ZVQPT,No,0,0.11579297933659317,No,Low Risk,108.2,0.0,72,Two year,Electronic check,Fiber optic,Yes,No
2990-IAJSV,No,0,0.026225817068399517,No,Low Risk,92.0,0.0,72,Two year,Bank transfer (automatic),DSL,Yes,Yes
8107-KNCIM,No,0,0.6507229489525074,Yes,High Risk,75.1,75.1,14,Month-to-month,Electronic check,Fiber optic,No,No
9027-YFHQJ,No,0,0.1492367705822305,No,Low Risk,25.05,0.0,7,Month-to-month,Bank transfer (automatic),No,No internet service,No internet service
5176-LDKUH,No,0,0.10400793477588963,No,Low Risk,75.15,0.0,48,One year,Electronic check,Fiber optic,No,No
4644-OBGFZ,No,0,0.03604867929473934,No,Low Risk,19.5,0.0,55,One year,Mailed check,No,No internet service,No internet service
7926-IJOOU,No,0,0.2826017694481827,No,Low Risk,19.3,0.0,1,Month-to-month,Credit card (automatic),No,No internet service,No internet service
6480-YAGIY,No,0,0.13292721260398524,No,Low Risk,112.2,0.0,45,One year,Credit card (automatic),Fiber optic,Yes,Yes
4029-HPFVY,No,0,0.6065023758185168,Yes,High Risk,70.3,70.3,3,Month-to-month,Mailed check,Fiber optic,No,No
7602-DBTOU,No,0,0.01826244383159915,No,Low Risk,19.6,0.0,71,Two year,Mailed check,No,No internet service,No internet service
5345-BMKWB,No,0,0.0998317088961367,No,Low Risk,20.25,0.0,8,Month-to-month,Mailed check,No,No internet service,No internet service
3519-ZKXGG,Yes,1,0.7119176124462673,Yes,High Risk,75.85,75.85,3,Month-to-month,Electronic check,Fiber optic,No,No
5457-COLHT,No,0,0.026853645382540287,No,Low Risk,80.65,0.0,69,Two year,Bank transfer (automatic),DSL,Yes,Yes
6416-TVAIH,Yes,1,0.8001531129097432,Yes,High Risk,68.5,68.5,1,Month-to-month,Electronic check,Fiber optic,No,No
5451-YHYPW,No,0,0.044481231375082655,No,Low Risk,115.75,0.0,72,Two year,Credit card (automatic),Fiber optic,Yes,Yes
5108-ADXWO,Yes,1,0.4329830909747274,No,Medium Risk,73.5,0.0,11,Month-to-month,Electronic check,Fiber optic,No,Yes
7998-WNZEM,No,0,0.023519617549197177,No,Low Risk,80.6,0.0,71,Two year,Bank transfer (automatic),DSL,Yes,Yes
3066-RRJIO,Yes,1,0.7653546055196001,Yes,High Risk,69.95,69.95,1,Month-to-month,Mailed check,Fiber optic,No,No
4664-NJCMS,No,0,0.03518686043714204,No,Low Risk,59.55,0.0,33,Two year,Bank transfer (automatic),DSL,Yes,Yes
0307-BCOPK,No,0,0.04995293816042431,No,Low Risk,19.05,0.0,16,One year,Mailed check,No,No internet service,No internet service
7629-WFGLW,No,0,0.1251615861185707,No,Low Risk,95.65,0.0,56,One year,Electronic check,Fiber optic,Yes,Yes
2542-HYGIQ,No,0,0.2826017694481827,No,Low Risk,19.95,0.0,1,Month-to-month,Credit card (automatic),No,No internet service,No internet service
6715-OFDBP,Yes,1,0.5061315242428853,Yes,Medium Risk,70.05,0.0,5,Month-to-month,Electronic check,DSL,No,No
5016-LIPDW,No,0,0.03604867929473934,No,Low Risk,19.4,0.0,57,One year,Mailed check,No,No internet service,No internet service
6481-LXPWL,No,0,0.079321447550544,No,Low Risk,36.1,0.0,56,One year,Credit card (automatic),DSL,No,No
1567-DSCIC,Yes,1,0.6830570159214316,Yes,High Risk,94.0,94.0,8,Month-to-month,Electronic check,Fiber optic,No,No
2150-UWTFY,Yes,1,0.09866497975381883,No,Low Risk,61.15,0.0,22,Month-to-month,Mailed check,DSL,No,Yes
6124-ACRHJ,No,0,0.29872100466145696,No,Low Risk,19.75,0.0,1,Month-to-month,Mailed check,No,No internet service,No internet service
9362-MWODR,No,0,0.10845815918261216,No,Low Risk,64.1,0.0,40,Month-to-month,Credit card (automatic),DSL,Yes,Yes
9975-GPKZU,No,0,0.022063916656277653,No,Low Risk,19.75,0.0,46,Two year,Credit card (automatic),No,No internet service,No internet service
9625-RZFUK,No,0,0.020720675767412843,No,Low Risk,19.7,0.0,63,Two year,Mailed check,No,No internet service,No internet service
5153-LXKDT,No,0,0.1323914409256087,No,Low Risk,110.2,0.0,68,Two year,Electronic check,Fiber optic,No,Yes
5161-UBZXI,No,0,0.06490034215627058,No,Low Risk,106.35,0.0,69,Two year,Credit card (automatic),Fiber optic,Yes,Yes
1020-JPQOW,No,0,0.23576193398633905,No,Low Risk,90.55,0.0,56,Month-to-month,Electronic check,Fiber optic,Yes,No
7919-ZODZZ,No,0,0.15002514807112924,No,Low Risk,65.9,0.0,10,One year,Mailed check,DSL,No,No
0565-JUPYD,No,0,0.11739385299700979,No,Low Risk,104.5,0.0,63,One year,Credit card (automatic),Fiber optic,Yes,Yes
6867-ACCZI,No,0,0.03667745125202788,No,Low Risk,52.5,0.0,24,Two year,Mailed check,DSL,Yes,Yes
5939-XAIXZ,No,0,0.23155351231520996,No,Low Risk,56.1,0.0,19,Month-to-month,Mailed check,DSL,No,No
9054-FOWNV,No,0,0.5608309564068292,Yes,Medium Risk,88.75,0.0,22,Month-to-month,Electronic check,Fiber optic,No,No
2683-BPJSO,Yes,1,0.3570535665083434,No,Medium Risk,84.45,0.0,29,Month-to-month,Electronic check,Fiber optic,No,Yes
2157-MXBJS,Yes,1,0.19984611138298417,No,Low Risk,75.3,0.0,13,One year,Mailed check,DSL,No,No
8207-VVMYB,No,0,0.02428168161540493,No,Low Risk,26.0,0.0,70,Two year,Bank transfer (automatic),No,No internet service,No internet service
9732-EQMWY,No,0,0.4032725128222381,No,Medium Risk,99.4,0.0,49,Month-to-month,Electronic check,Fiber optic,No,No
9360-AHGNL,Yes,1,0.22620340281040427,No,Low Risk,109.55,0.0,43,One year,Mailed check,Fiber optic,Yes,Yes
1087-UDSIH,Yes,1,0.203258499557407,No,Low Risk,19.6,0.0,3,Month-to-month,Mailed check,No,No internet service,No internet service
5269-NRGDP,No,0,0.09546271126678564,No,Low Risk,73.15,0.0,42,One year,Electronic check,DSL,Yes,No
6195-MELTI,No,0,0.054339904385246496,No,Low Risk,54.65,0.0,57,One year,Mailed check,DSL,Yes,No
5485-WUYWF,Yes,1,0.3335687953434967,No,Medium Risk,66.4,0.0,2,Month-to-month,Bank transfer (automatic),DSL,No,Yes
2121-JAFOM,No,0,0.04458445993125252,No,Low Risk,115.55,0.0,72,Two year,Credit card (automatic),Fiber optic,Yes,Yes
8818-DOPVL,No,0,0.5412619980762272,Yes,Medium Risk,104.45,0.0,46,Month-to-month,Electronic check,Fiber optic,No,No
2632-UCGVD,Yes,1,0.3112919125461545,No,Medium Risk,100.05,0.0,66,Month-to-month,Credit card (automatic),Fiber optic,Yes,No
5445-PZWGX,Yes,1,0.15779437617242825,No,Low Risk,102.0,0.0,62,One year,Electronic check,Fiber optic,Yes,Yes
1227-UDMZR,No,0,0.026776781786140343,No,Low Risk,91.15,0.0,72,Two year,Bank transfer (automatic),DSL,Yes,Yes
5198-HQAEN,No,0,0.13892979678304065,No,Low Risk,89.7,0.0,35,One year,Electronic check,Fiber optic,Yes,No
9170-CCKOU,Yes,1,0.2971342861546786,No,Low Risk,90.2,0.0,17,Month-to-month,Credit card (automatic),Fiber optic,No,Yes
2167-FQSTQ,No,0,0.03960329831132713,No,Low Risk,92.4,0.0,72,Two year,Electronic check,DSL,Yes,Yes
2819-GWENI,No,0,0.03692758139743251,No,Low Risk,19.9,0.0,28,One year,Mailed check,No,No internet service,No internet service
1043-YCUTE,Yes,1,0.026370774372571806,No,Low Risk,25.15,0.0,56,Two year,Credit card (automatic),No,No internet service,No internet service
3814-MLAXC,Yes,1,0.3111679039212736,No,Medium Risk,79.85,0.0,31,Month-to-month,Credit card (automatic),Fiber optic,Yes,No
3572-UUHRS,No,0,0.03713218255245417,No,Low Risk,18.85,0.0,45,One year,Bank transfer (automatic),No,No internet service,No internet service
2692-PFYTJ,No,0,0.36298139471924806,No,Medium Risk,25.75,0.0,1,Month-to-month,Mailed check,No,No internet service,No internet service
1226-UDFZR,Yes,1,0.47130476023337536,No,Medium Risk,49.6,0.0,2,Month-to-month,Mailed check,DSL,No,No
5955-EPOAZ,No,0,0.12809427176074242,No,Low Risk,20.95,0.0,6,Month-to-month,Mailed check,No,No internet service,No internet service
6821-JPCDC,No,0,0.22669470924413543,No,Low Risk,97.05,0.0,48,One year,Electronic check,Fiber optic,No,No
8815-LMFLX,No,0,0.10582452289038012,No,Low Risk,25.4,0.0,25,Month-to-month,Bank transfer (automatic),No,No internet service,No internet service
9135-HSWOC,No,0,0.02111885409148618,No,Low Risk,19.7,0.0,64,Two year,Bank transfer (automatic),No,No internet service,No internet service
8582-KRHPJ,No,0,0.127127467904938,No,Low Risk,35.0,0.0,50,Month-to-month,Mailed check,DSL,No,Yes
5811-IWXYM,No,0,0.20212141914993417,No,Low Risk,101.25,0.0,52,One year,Bank transfer (automatic),Fiber optic,No,No
7044-YAACC,No,0,0.6823052115318063,Yes,High Risk,70.2,70.2,4,Month-to-month,Electronic check,Fiber optic,No,No
8189-XRIKE,No,0,0.4262247152150334,No,Medium Risk,90.95,0.0,32,Month-to-month,Electronic check,Fiber optic,No,No
1506-YJTYT,No,0,0.029789167938073412,No,Low Risk,73.85,0.0,45,Two year,Credit card (automatic),DSL,Yes,Yes
4123-DVHPH,No,0,0.5860191414926651,Yes,Medium Risk,88.05,0.0,9,Month-to-month,Electronic check,Fiber optic,No,Yes
6425-YQLLO,Yes,1,0.17314256041841408,No,Low Risk,105.95,0.0,66,One year,Credit card (automatic),Fiber optic,Yes,No
5442-UTCVD,Yes,1,0.6845767969314129,Yes,High Risk,91.85,91.85,3,Month-to-month,Electronic check,Fiber optic,No,No
2228-BZDEE,No,0,0.022188061443804846,No,Low Risk,20.1,0.0,54,Two year,Mailed check,No,No internet service,No internet service
7734-DBOAI,Yes,1,0.4822773606602378,No,Medium Risk,40.1,0.0,1,Month-to-month,Electronic check,DSL,Yes,No
2789-CZANW,No,0,0.07228536500188212,No,Low Risk,110.3,0.0,64,Two year,Bank transfer (automatic),Fiber optic,Yes,Yes
2091-RFFBA,Yes,1,0.5151384082011681,Yes,Medium Risk,73.9,0.0,31,Month-to-month,Electronic check,Fiber optic,No,No
2114-MGINA,Yes,1,0.5477253189294932,Yes,Medium Risk,89.8,0.0,14,Month-to-month,Mailed check,Fiber optic,No,No
7596-LDUXP,No,0,0.20974414459708388,No,Low Risk,85.15,0.0,12,One year,Credit card (automatic),Fiber optic,No,Yes
3740-RLMVT,No,0,0.041457148116780494,No,Low Risk,60.95,0.0,67,One year,Bank transfer (automatic),DSL,Yes,Yes
4489-SNOJF,Yes,1,0.1407197254551491,No,Low Risk,72.25,0.0,35,Month-to-month,Electronic check,DSL,Yes,Yes
2192-OZITF,No,0,0.0321502495378088,No,Low Risk,73.55,0.0,45,Two year,Mailed check,DSL,Yes,Yes
5651-CPDND,No,0,0.2389554882451817,No,Low Risk,46.0,0.0,10,Month-to-month,Mailed check,DSL,No,No
2186-QZEYA,No,0,0.1665442680994013,No,Low Risk,58.55,0.0,29,Month-to-month,Bank transfer (automatic),DSL,No,Yes
1131-ALZWV,No,0,0.04842483623932937,No,Low Risk,24.6,0.0,24,One year,Bank transfer (automatic),No,No internet service,No internet service
7729-XBTWX,No,0,0.02111885409148618,No,Low Risk,19.75,0.0,66,Two year,Mailed check,No,No internet service,No internet service
9134-WYRVP,No,0,0.08044314275550801,No,Low Risk,86.35,0.0,51,One year,Mailed check,Fiber optic,No,Yes
3284-SVCRO,No,0,0.02528128834911229,No,Low Risk,25.5,0.0,45,Two year,Mailed check,No,No internet service,No internet service
9732-OUYRN,No,0,0.03713218255245417,No,Low Risk,19.0,0.0,49,One year,Credit card (automatic),No,No internet service,No internet service
0559-CKHUS,No,0,0.02740674878396731,No,Low Risk,19.55,0.0,29,Two year,Mailed check,No,No internet service,No internet service
2931-SVLTV,No,0,0.3284889297135962,No,Medium Risk,110.1,0.0,40,Month-to-month,Credit card (automatic),Fiber optic,Yes,Yes
6899-PPEEA,Yes,1,0.5939890875525021,Yes,Medium Risk,96.55,0.0,37,Month-to-month,Electronic check,Fiber optic,No,No
7504-UWHNB,No,0,0.3368167674371678,No,Medium Risk,69.75,0.0,25,Month-to-month,Electronic check,Fiber optic,No,No
2582-FFFZR,No,0,0.40545742685855357,No,Medium Risk,50.6,0.0,22,Month-to-month,Electronic check,DSL,No,No
8908-NMQTX,No,0,0.0267207190913546,No,Low Risk,65.6,0.0,72,Two year,Bank transfer (automatic),DSL,Yes,Yes
2187-LZGPL,Yes,1,0.3567704976596864,No,Medium Risk,40.1,0.0,7,Month-to-month,Credit card (automatic),DSL,No,No
1431-AIDJQ,No,0,0.038946288796242734,No,Low Risk,82.1,0.0,33,Two year,Credit card (automatic),DSL,Yes,No
6288-LBEAR,No,0,0.260740985356038,No,Low Risk,79.1,0.0,23,Month-to-month,Mailed check,Fiber optic,Yes,No
4597-NUCQV,Yes,1,0.6690362451729494,Yes,High Risk,101.25,101.25,24,Month-to-month,Electronic check,Fiber optic,No,No
9019-QVLZD,Yes,1,0.7747695382372238,Yes,High Risk,79.55,79.55,1,Month-to-month,Electronic check,Fiber optic,No,No
8413-YNHNV,No,0,0.03011761970046305,No,Low Risk,90.65,0.0,69,Two year,Mailed check,DSL,Yes,Yes
5808-TOTXO,No,0,0.10441783412950445,No,Low Risk,20.55,0.0,3,One year,Credit card (automatic),No,No internet service,No internet service
4369-NYSCF,No,0,0.0706059118202446,No,Low Risk,75.75,0.0,56,One year,Bank transfer (automatic),DSL,Yes,No
6333-YDVLT,No,0,0.14389560982281643,No,Low Risk,110.0,0.0,65,One year,Credit card (automatic),Fiber optic,Yes,Yes
5324-KTGCG,No,0,0.04073368869680949,No,Low Risk,20.85,0.0,71,One year,Electronic check,No,No internet service,No internet service
5599-HVLTW,No,0,0.5882565768718764,Yes,Medium Risk,80.35,0.0,14,Month-to-month,Bank transfer (automatic),Fiber optic,No,No
7394-LWLYN,No,0,0.6703239316412379,Yes,High Risk,70.15,70.15,2,Month-to-month,Electronic check,Fiber optic,No,No
3707-LRWZD,Yes,1,0.19189999002635993,No,Low Risk,84.05,0.0,32,One year,Electronic check,Fiber optic,No,No
6873-UDNLD,No,0,0.14912466827745052,No,Low Risk,67.45,0.0,40,Month-to-month,Electronic check,DSL,No,Yes
2700-LUEVA,No,0,0.2826017694481827,No,Low Risk,20.75,0.0,1,Month-to-month,Credit card (automatic),No,No internet service,No internet service
1455-ESIQH,Yes,1,0.8550338314190217,Yes,High Risk,89.1,89.1,1,Month-to-month,Electronic check,Fiber optic,No,No
0958-YHXGP,No,0,0.5223444832539909,Yes,Medium Risk,69.9,0.0,7,Month-to-month,Mailed check,Fiber optic,No,No
1101-SSWAG,No,0,0.39496160270472,No,Medium Risk,51.1,0.0,15,Month-to-month,Electronic check,DSL,No,No
2979-SXESE,Yes,1,0.486618213371899,No,Medium Risk,94.4,0.0,17,Month-to-month,Electronic check,Fiber optic,No,Yes
4013-TLDHQ,Yes,1,0.43942763079880853,No,Medium Risk,78.25,0.0,19,Month-to-month,Electronic check,Fiber optic,No,No
5743-KHMNA,No,0,0.02038926741407629,No,Low Risk,25.55,0.0,71,Two year,Bank transfer (automatic),No,No internet service,No internet service
4194-FJARJ,No,0,0.029493382124478454,No,Low Risk,60.0,0.0,54,Two year,Bank transfer (automatic),DSL,Yes,Yes
5325-UWTWJ,No,0,0.2149941413448983,No,Low Risk,90.55,0.0,31,Month-to-month,Credit card (automatic),Fiber optic,Yes,Yes
3969-GYXEL,No,0,0.3571011106690143,No,Medium Risk,76.4,0.0,11,Month-to-month,Electronic check,Fiber optic,No,Yes
9208-OLGAQ,No,0,0.5443012307194018,Yes,Medium Risk,84.95,0.0,18,Month-to-month,Electronic check,Fiber optic,No,No
3244-CQPHU,No,0,0.06309772050444531,No,Low Risk,110.1,0.0,72,Two year,Bank transfer (automatic),Fiber optic,Yes,Yes
2674-MLXMN,No,0,0.31666820388355116,No,Medium Risk,99.65,0.0,71,Month-to-month,Credit card (automatic),Fiber optic,No,No
9708-HPXWZ,No,0,0.36639110430138144,No,Medium Risk,45.4,0.0,5,Month-to-month,Credit card (automatic),DSL,Yes,No
6992-TKNYO,No,0,0.0763993099390389,No,Low Risk,69.0,0.0,38,One year,Credit card (automatic),DSL,Yes,No
4468-YDOVK,No,0,0.31213618075017047,No,Medium Risk,48.65,0.0,5,Month-to-month,Bank transfer (automatic),DSL,Yes,No
3754-DXMRT,Yes,1,0.6084503529025584,Yes,High Risk,44.15,44.15,2,Month-to-month,Electronic check,DSL,No,No
5792-JALQC,No,0,0.0529869685014302,No,Low Risk,59.85,0.0,52,Two year,Bank transfer (automatic),DSL,No,Yes
7130-VTEWQ,Yes,1,0.6833222064448283,Yes,High Risk,75.75,75.75,8,Month-to-month,Electronic check,Fiber optic,No,No
2200-DSAAL,No,0,0.0864945337174019,No,Low Risk,80.65,0.0,68,Two year,Electronic check,DSL,No,No
4302-ZYFEL,No,0,0.0353688900784569,No,Low Risk,20.55,0.0,69,One year,Credit card (automatic),No,No internet service,No internet service
9351-LZYGF,No,0,0.10426642313870282,No,Low Risk,66.4,0.0,42,Month-to-month,Credit card (automatic),DSL,Yes,Yes
4366-CTOUZ,No,0,0.0925748908838038,No,Low Risk,100.2,0.0,50,Two year,Mailed check,Fiber optic,Yes,No
6121-VZNQB,Yes,1,0.3643492574644425,No,Medium Risk,19.1,0.0,1,Month-to-month,Mailed check,No,No internet service,No internet service
7903-CMPEY,Yes,1,0.8038086624101916,Yes,High Risk,80.3,80.3,1,Month-to-month,Electronic check,Fiber optic,No,Yes
1518-OMDIK,No,0,0.17509120613677306,No,Low Risk,44.55,0.0,33,Month-to-month,Credit card (automatic),DSL,No,No
6671-NGWON,No,0,0.10347861186483555,No,Low Risk,20.35,0.0,7,Month-to-month,Mailed check,No,No internet service,No internet service
0595-ITUDF,No,0,0.23089460497792066,No,Low Risk,91.8,0.0,64,Month-to-month,Electronic check,Fiber optic,No,Yes
6996-KNSML,Yes,1,0.804979670889202,Yes,High Risk,74.9,74.9,1,Month-to-month,Electronic check,Fiber optic,No,No
1955-IBMMB,No,0,0.022607668387782776,No,Low Risk,20.2,0.0,59,Two year,Bank transfer (automatic),No,No internet service,No internet service
0096-BXERS,No,0,0.37229283796735935,No,Medium Risk,50.35,0.0,6,Month-to-month,Electronic check,DSL,No,No
3806-YAZOV,No,0,0.16696462984100963,No,Low Risk,18.8,0.0,3,Month-to-month,Mailed check,No,No internet service,No internet service
7998-ZLXWN,No,0,0.0938679944595526,No,Low Risk,20.45,0.0,15,Month-to-month,Credit card (automatic),No,No internet service,No internet service
6253-WRFHY,No,0,0.2196639362269227,No,Low Risk,64.75,0.0,13,One year,Electronic check,DSL,No,No
9133-AYJZG,No,0,0.5187440838406219,Yes,Medium Risk,98.7,0.0,23,Month-to-month,Credit card (automatic),Fiber optic,No,No
2675-OTVVJ,No,0,0.36753429094851164,No,Medium Risk,89.45,0.0,31,Month-to-month,Electronic check,Fiber optic,No,Yes
8680-CGLTP,No,0,0.06554354473056627,No,Low Risk,58.75,0.0,29,One year,Electronic check,DSL,Yes,Yes
8430-TWCBX,No,0,0.03713218255245417,No,Low Risk,20.7,0.0,49,One year,Credit card (automatic),No,No internet service,No internet service
5018-GWURO,No,0,0.3040111167141004,No,Medium Risk,85.6,0.0,56,Month-to-month,Bank transfer (automatic),Fiber optic,No,No
6741-QRLUP,No,0,0.027588171458213337,No,Low Risk,80.3,0.0,63,Two year,Credit card (automatic),DSL,Yes,Yes
4737-HOBAX,No,0,0.04478051999167251,No,Low Risk,79.8,0.0,63,Two year,Credit card (automatic),DSL,Yes,No
0537-QYZZN,No,0,0.43847437495909636,No,Medium Risk,79.85,0.0,24,Month-to-month,Electronic check,Fiber optic,No,Yes
3340-QBBFM,No,0,0.06706428254457913,No,Low Risk,54.1,0.0,36,One year,Credit card (automatic),DSL,Yes,No
1704-NRWYE,Yes,1,0.6654883342945248,Yes,High Risk,80.85,80.85,9,Month-to-month,Electronic check,Fiber optic,No,No
2592-SEIFQ,Yes,1,0.5149221379462037,Yes,Medium Risk,24.75,0.0,3,Month-to-month,Electronic check,DSL,No,No
8200-KLNYW,No,0,0.06463761223689037,No,Low Risk,80.9,0.0,21,One year,Mailed check,DSL,Yes,Yes
3372-CDXFJ,No,0,0.06162709060321244,No,Low Risk,24.5,0.0,13,One year,Bank transfer (automatic),No,No internet service,No internet service
4781-ZXYGU,No,0,0.35732395170944153,No,Medium Risk,20.15,0.0,1,Month-to-month,Bank transfer (automatic),No,No internet service,No internet service
7632-YUTXB,No,0,0.040425220626350046,No,Low Risk,20.05,0.0,25,One year,Mailed check,No,No internet service,No internet service
2718-YSKCS,No,0,0.018509753936098307,No,Low Risk,19.6,0.0,71,Two year,Bank transfer (automatic),No,No internet service,No internet service
9896-UYMIE,No,0,0.13713106962209673,No,Low Risk,114.3,0.0,66,One year,Bank transfer (automatic),Fiber optic,Yes,Yes
0853-NWIFK,No,0,0.20757150115159986,No,Low Risk,100.3,0.0,45,One year,Electronic check,Fiber optic,No,Yes
8212-CRQXP,No,0,0.3826469438063933,No,Medium Risk,80.0,0.0,22,Month-to-month,Credit card (automatic),Fiber optic,No,No
6980-CDGFC,No,0,0.03642301575655164,No,Low Risk,20.85,0.0,67,One year,Bank transfer (automatic),No,No internet service,No internet service
7691-XVTZH,No,0,0.07479182785579369,No,Low Risk,89.95,0.0,68,Two year,Bank transfer (automatic),Fiber optic,No,No
2520-SGTTA,No,0,0.07520187007787078,No,Low Risk,20.0,0.0,0,Two year,Mailed check,No,No internet service,No internet service
7481-ATQQS,Yes,1,0.3793158937264122,No,Medium Risk,90.85,0.0,49,Month-to-month,Credit card (automatic),Fiber optic,No,No
2277-VWCNI,No,0,0.44141675675615827,No,Medium Risk,48.75,0.0,4,Month-to-month,Mailed check,DSL,No,No
1088-CNNKB,No,0,0.050120914227340635,No,Low Risk,80.0,0.0,63,One year,Credit card (automatic),DSL,Yes,Yes
8642-GVWRF,Yes,1,0.5459713851002197,Yes,Medium Risk,79.7,0.0,2,Month-to-month,Bank transfer (automatic),Fiber optic,No,No
1930-BZLHI,No,0,0.05075750634191885,No,Low Risk,20.35,0.0,21,One year,Mailed check,No,No internet service,No internet service
3400-ESFUW,Yes,1,0.022798302071498702,No,Low Risk,57.55,0.0,55,Two year,Bank transfer (automatic),DSL,Yes,Yes
5868-YTYKS,No,0,0.3497090139631016,No,Medium Risk,20.25,0.0,1,Month-to-month,Mailed check,No,No internet service,No internet service
3525-DVKFN,No,0,0.027861293021585364,No,Low Risk,19.4,0.0,17,Two year,Mailed check,No,No internet service,No internet service
1482-OXZSY,No,0,0.43636685971122946,No,Medium Risk,100.4,0.0,30,Month-to-month,Bank transfer (automatic),Fiber optic,No,Yes
0377-JBKKT,No,0,0.09176607641098458,No,Low Risk,57.95,0.0,22,Month-to-month,Mailed check,DSL,Yes,Yes
5778-BVOFB,No,0,0.23841438925754105,No,Low Risk,59.5,0.0,9,Month-to-month,Bank transfer (automatic),DSL,Yes,No
3373-YZZYM,No,0,0.22249863811022302,No,Low Risk,19.2,0.0,1,Month-to-month,Mailed check,No,No internet service,No internet service
2057-ZBLPD,Yes,1,0.5644441505120481,Yes,Medium Risk,86.5,0.0,21,Month-to-month,Electronic check,Fiber optic,No,No
0228-MAUWC,No,0,0.20383458997959877,No,Low Risk,59.55,0.0,19,Month-to-month,Electronic check,DSL,Yes,No
5502-RLUYV,Yes,1,0.45687903362591203,No,Medium Risk,103.95,0.0,69,Month-to-month,Electronic check,Fiber optic,No,No
0023-HGHWL,Yes,1,0.7971008268093246,Yes,High Risk,25.1,25.1,1,Month-to-month,Electronic check,DSL,No,No
7663-YJHSN,No,0,0.058484659109049875,No,Low Risk,103.95,0.0,72,Two year,Bank transfer (automatic),Fiber optic,Yes,Yes
4915-BFSXL,No,0,0.041886327314909884,No,Low Risk,68.95,0.0,70,Two year,Credit card (automatic),DSL,No,Yes
3086-RUCRN,No,0,0.2198837126476131,No,Low Risk,103.1,0.0,66,Month-to-month,Bank transfer (automatic),Fiber optic,Yes,Yes
5215-LNLDJ,No,0,0.44226538374733776,No,Medium Risk,24.7,0.0,7,Month-to-month,Electronic check,DSL,No,No
7576-JMYWV,No,0,0.39097663494073087,No,Medium Risk,110.2,0.0,46,Month-to-month,Electronic check,Fiber optic,Yes,Yes
9039-RBEEE,Yes,1,0.11481488216109534,No,Low Risk,48.95,0.0,39,Month-to-month,Credit card (automatic),DSL,Yes,Yes
0257-KXZGU,No,0,0.14570523897082222,No,Low Risk,62.45,0.0,32,Month-to-month,Bank transfer (automatic),DSL,No,No
1307-ATKGB,No,0,0.44068889733219163,No,Medium Risk,89.55,0.0,24,Month-to-month,Electronic check,Fiber optic,No,No
8417-FMLZI,Yes,1,0.5383431667349894,Yes,Medium Risk,83.55,0.0,6,Month-to-month,Credit card (automatic),Fiber optic,No,No
3714-XPXBW,No,0,0.1224907356716021,No,Low Risk,78.9,0.0,37,Month-to-month,Credit card (automatic),DSL,Yes,Yes
1850-AKQEP,No,0,0.0993172638344018,No,Low Risk,20.35,0.0,8,Month-to-month,Mailed check,No,No internet service,No internet service
2824-DXNKN,No,0,0.038128446135777413,No,Low Risk,71.45,0.0,72,Two year,Bank transfer (automatic),DSL,No,Yes
5227-JSCFE,No,0,0.024669303271743968,No,Low Risk,46.35,0.0,71,Two year,Credit card (automatic),DSL,Yes,Yes
0848-ZGQIJ,No,0,0.5117835136649924,Yes,Medium Risk,94.65,0.0,16,Month-to-month,Bank transfer (automatic),Fiber optic,No,No
3621-CHYVB,No,0,0.1100820082930238,No,Low Risk,49.9,0.0,57,Month-to-month,Bank transfer (automatic),DSL,Yes,Yes
8042-RNLKO,No,0,0.04034262103235073,No,Low Risk,25.45,0.0,66,One year,Bank transfer (automatic),No,No internet service,No internet service
1792-UXAFY,Yes,1,0.5752790263185764,Yes,Medium Risk,89.15,0.0,17,Month-to-month,Electronic check,Fiber optic,No,No
5372-FBKBN,No,0,0.07462499583902941,No,Low Risk,20.75,0.0,21,Month-to-month,Mailed check,No,No internet service,No internet service
0420-TXVSG,No,0,0.035748027594995166,No,Low Risk,66.1,0.0,66,Two year,Credit card (automatic),DSL,No,Yes
6217-TOWGS,No,0,0.2734861367142244,No,Low Risk,75.4,0.0,17,Month-to-month,Bank transfer (automatic),DSL,No,No
0515-YPMCW,Yes,1,0.7598399460578013,Yes,High Risk,70.45,70.45,1,Month-to-month,Mailed check,Fiber optic,No,No
0378-XSZPU,Yes,1,0.0479173961304877,No,Low Risk,60.3,0.0,58,One year,Credit card (automatic),DSL,No,Yes
1045-LTCYT,No,0,0.09879272168175501,No,Low Risk,21.05,0.0,8,Month-to-month,Credit card (automatic),No,No internet service,No internet service
1544-JJMYL,No,0,0.04742032967454939,No,Low Risk,69.35,0.0,27,One year,Credit card (automatic),DSL,Yes,Yes
4636-JGAAI,No,0,0.3125331171007668,No,Medium Risk,88.85,0.0,34,Month-to-month,Mailed check,Fiber optic,No,No
6874-SGLHU,No,0,0.22399750085477627,No,Low Risk,97.0,0.0,30,One year,Bank transfer (automatic),Fiber optic,No,No
5951-AOFIH,No,0,0.18776060376648343,No,Low Risk,66.4,0.0,33,Month-to-month,Credit card (automatic),DSL,No,No
4729-XKASR,Yes,1,0.5820552339358787,Yes,Medium Risk,24.75,0.0,1,Month-to-month,Electronic check,DSL,No,No
3059-NGMXB,No,0,0.15888567985214358,No,Low Risk,69.2,0.0,14,Month-to-month,Mailed check,DSL,No,Yes
8652-YHIYU,No,0,0.2040588663916088,No,Low Risk,79.5,0.0,16,One year,Credit card (automatic),Fiber optic,Yes,No
5278-PNYOX,No,0,0.0888217875832713,No,Low Risk,100.65,0.0,49,Two year,Credit card (automatic),Fiber optic,Yes,No
5449-FIBXJ,Yes,1,0.5454657232327158,Yes,Medium Risk,103.3,0.0,19,Month-to-month,Electronic check,Fiber optic,Yes,No
3486-HOOGQ,No,0,0.027623932712315852,No,Low Risk,79.7,0.0,70,Two year,Bank transfer (automatic),DSL,Yes,Yes
5061-PBXFW,No,0,0.06792438622778203,No,Low Risk,61.4,0.0,32,Month-to-month,Bank transfer (automatic),DSL,Yes,Yes
8630-FJLIB,No,0,0.4554278388044218,No,Medium Risk,69.8,0.0,18,Month-to-month,Electronic check,Fiber optic,No,No
3891-NLXJB,No,0,0.032797583715747015,No,Low Risk,40.55,0.0,37,Two year,Mailed check,DSL,Yes,Yes
4749-OJKQU,No,0,0.7119176124462673,Yes,High Risk,75.65,75.65,4,Month-to-month,Electronic check,Fiber optic,No,No
0577-WHMEV,No,0,0.40678575586330595,No,Medium Risk,90.7,0.0,16,Month-to-month,Electronic check,Fiber optic,No,Yes
5453-AXEPF,No,0,0.4342545342420941,No,Medium Risk,80.5,0.0,17,Month-to-month,Bank transfer (automatic),Fiber optic,No,No
3639-XJHKQ,No,0,0.18939891901014336,No,Low Risk,60.6,0.0,19,Month-to-month,Electronic check,DSL,No,Yes
3716-LRGXK,No,0,0.10853782182858206,No,Low Risk,101.15,0.0,60,Two year,Credit card (automatic),Fiber optic,No,No
2263-SFSQZ,No,0,0.026781761752824085,No,Low Risk,24.95,0.0,51,Two year,Mailed check,No,No internet service,No internet service
9950-MTGYX,No,0,0.02660635952766149,No,Low Risk,20.3,0.0,28,Two year,Credit card (automatic),No,No internet service,No internet service
3397-AVTKU,No,0,0.08414043305099635,No,Low Risk,60.0,0.0,43,Two year,Electronic check,DSL,No,No
4825-FUREZ,No,0,0.02957714951594456,No,Low Risk,20.25,0.0,42,Two year,Electronic check,No,No internet service,No internet service
9837-BMCLM,Yes,1,0.6831262514914681,Yes,High Risk,78.5,78.5,3,Month-to-month,Electronic check,Fiber optic,No,No
2672-OJQZP,No,0,0.512196654971884,Yes,Medium Risk,44.75,0.0,1,Month-to-month,Mailed check,DSL,No,No
0137-UDEUO,Yes,1,0.16696462984100963,No,Low Risk,19.85,0.0,3,Month-to-month,Mailed check,No,No internet service,No internet service
3134-DSHVC,No,0,0.07041586841399194,No,Low Risk,98.0,0.0,63,Two year,Credit card (automatic),Fiber optic,No,Yes
6161-UUUTA,Yes,1,0.7154398693385066,Yes,High Risk,79.9,79.9,3,Month-to-month,Electronic check,Fiber optic,No,No
7821-DPRQE,No,0,0.32725576705252446,No,Medium Risk,107.7,0.0,68,Month-to-month,Electronic check,Fiber optic,Yes,Yes
6543-XRMYR,Yes,1,0.6275074707097222,Yes,High Risk,99.7,99.7,30,Month-to-month,Electronic check,Fiber optic,No,No
2001-EWBQU,No,0,0.1480140157214898,No,Low Risk,104.7,0.0,60,Two year,Electronic check,Fiber optic,No,No
4925-LMHOK,Yes,1,0.20060716202370893,No,Low Risk,58.6,0.0,15,Month-to-month,Credit card (automatic),DSL,Yes,No
1608-GMEWB,No,0,0.42195876443926833,No,Medium Risk,93.9,0.0,45,Month-to-month,Bank transfer (automatic),Fiber optic,No,No
6695-AMZUF,No,0,0.027003995873973962,No,Low Risk,86.45,0.0,70,Two year,Credit card (automatic),DSL,Yes,Yes
1455-UGQVH,Yes,1,0.7855232933935657,Yes,High Risk,98.5,98.5,10,Month-to-month,Electronic check,Fiber optic,No,No
8410-BGQXN,No,0,0.14575567919699448,No,Low Risk,19.4,0.0,4,Month-to-month,Mailed check,No,No internet service,No internet service
8280-MQRQN,Yes,1,0.639500354480171,Yes,High Risk,50.45,50.45,1,Month-to-month,Mailed check,DSL,No,No
1619-YWUBB,No,0,0.02428168161540493,No,Low Risk,24.95,0.0,68,Two year,Credit card (automatic),No,No internet service,No internet service
7611-YKYTC,No,0,0.20936143895286582,No,Low Risk,75.0,0.0,22,Month-to-month,Bank transfer (automatic),Fiber optic,No,Yes
2037-SGXHH,Yes,1,0.4593078599289858,No,Medium Risk,94.65,0.0,38,Month-to-month,Electronic check,Fiber optic,No,No
3178-FESZO,Yes,1,0.8416047330323704,Yes,High Risk,100.25,100.25,1,Month-to-month,Credit card (automatic),Fiber optic,No,No
0365-GXEZS,No,0,0.3191701898742204,No,Medium Risk,78.2,0.0,18,Month-to-month,Electronic check,Fiber optic,Yes,No
0082-OQIQY,No,0,0.4408264965921462,No,Medium Risk,94.2,0.0,29,Month-to-month,Electronic check,Fiber optic,Yes,No
6087-MVHJH,Yes,1,0.6650951693311008,Yes,High Risk,88.45,88.45,16,Month-to-month,Electronic check,Fiber optic,No,No
4603-JANFB,Yes,1,0.804979670889202,Yes,High Risk,69.85,69.85,1,Month-to-month,Electronic check,Fiber optic,No,No
3018-TFTSU,Yes,1,0.3175593965541362,No,Medium Risk,81.7,0.0,12,Month-to-month,Bank transfer (automatic),Fiber optic,No,Yes
3606-SBKRY,No,0,0.1924207776446227,No,Low Risk,50.05,0.0,31,One year,Electronic check,DSL,No,No
4806-KEXQR,Yes,1,0.6990256571036835,Yes,High Risk,79.9,79.9,4,Month-to-month,Electronic check,Fiber optic,No,No
0667-NSRGI,No,0,0.08163792827518965,No,Low Risk,69.55,0.0,48,One year,Mailed check,DSL,Yes,No
7083-YNSKY,Yes,1,0.13671335234693582,No,Low Risk,25.4,0.0,15,Month-to-month,Credit card (automatic),No,No internet service,No internet service
6893-ODYYE,No,0,0.05692681217419063,No,Low Risk,90.1,0.0,50,One year,Credit card (automatic),Fiber optic,Yes,Yes
8242-JSVBO,No,0,0.3163953264109294,No,Medium Risk,44.65,0.0,7,Month-to-month,Bank transfer (automatic),DSL,No,No
2479-BRAMR,Yes,1,0.312546441097663,No,Medium Risk,83.75,0.0,41,Month-to-month,Bank transfer (automatic),Fiber optic,No,Yes
9541-ZPSEA,No,0,0.04092624304540763,No,Low Risk,80.35,0.0,68,Two year,Credit card (automatic),Fiber optic,No,Yes
2665-NPTGL,No,0,0.5549155264339516,Yes,Medium Risk,98.1,0.0,26,Month-to-month,Bank transfer (automatic),Fiber optic,No,No
1139-WUOAH,No,0,0.046690029289986126,No,Low Risk,53.35,0.0,57,Two year,Credit card (automatic),DSL,Yes,No
4693-VWVBO,No,0,0.1849335203954354,No,Low Risk,19.55,0.0,3,Month-to-month,Electronic check,No,No internet service,No internet service
7434-SHXLS,Yes,1,0.29872100466145696,No,Low Risk,20.9,0.0,1,Month-to-month,Mailed check,No,No internet service,No internet service
6937-GCDGQ,No,0,0.07330759997116491,No,Low Risk,48.95,0.0,19,One year,Bank transfer (automatic),DSL,No,Yes
0988-JRWWP,No,0,0.5237649490469469,Yes,Medium Risk,54.2,0.0,3,Month-to-month,Electronic check,DSL,No,No
5075-JSDKI,No,0,0.033201171206795076,No,Low Risk,24.45,0.0,59,Two year,Electronic check,No,No internet service,No internet service
7908-QCBCA,Yes,1,0.7653546055196001,Yes,High Risk,69.4,69.4,1,Month-to-month,Mailed check,Fiber optic,No,No
8644-XYTSV,No,0,0.17677517080344463,No,Low Risk,40.15,0.0,42,Month-to-month,Bank transfer (automatic),DSL,No,Yes
6711-FLDFB,Yes,1,0.6650993552555221,Yes,High Risk,74.9,74.9,7,Month-to-month,Electronic check,Fiber optic,No,No
3873-WOSBC,No,0,0.02325702251472386,No,Low Risk,25.6,0.0,67,Two year,Credit card (automatic),No,No internet service,No internet service
7465-ZZRVX,No,0,0.804979670889202,Yes,High Risk,70.35,70.35,1,Month-to-month,Electronic check,Fiber optic,No,No
7975-JMZNT,No,0,0.03011761970046305,No,Low Risk,91.7,0.0,66,Two year,Bank transfer (automatic),DSL,Yes,Yes
7251-XFOIL,No,0,0.25779539083627284,No,Low Risk,89.2,0.0,61,Month-to-month,Mailed check,Fiber optic,No,No
4116-IQRFR,No,0,0.08958321345634168,No,Low Risk,24.1,0.0,4,One year,Credit card (automatic),No,No internet service,No internet service
3714-JTVOV,Yes,1,0.2848475266799433,No,Low Risk,74.15,0.0,42,Month-to-month,Credit card (automatic),Fiber optic,No,Yes
8259-DZLIZ,No,0,0.07243202786023797,No,Low Risk,53.85,0.0,64,One year,Bank transfer (automatic),DSL,No,No
0442-ZXKVS,No,0,0.1858296652862926,No,Low Risk,115.6,0.0,54,One year,Bank transfer (automatic),Fiber optic,Yes,Yes
7853-WNZSY,No,0,0.34643812825480946,No,Medium Risk,19.75,0.0,1,Month-to-month,Credit card (automatic),No,No internet service,No internet service
3120-FAZKD,No,0,0.026781761752824085,No,Low Risk,24.05,0.0,54,Two year,Bank transfer (automatic),No,No internet service,No internet service
8606-OEGQZ,No,0,0.02830001629047621,No,Low Risk,25.3,0.0,18,Two year,Credit card (automatic),No,No internet service,No internet service
0225-ZORZP,No,0,0.5748477902503294,Yes,Medium Risk,84.3,0.0,3,Month-to-month,Electronic check,Fiber optic,No,No
4702-IOQDC,Yes,1,0.804979670889202,Yes,High Risk,70.1,70.1,1,Month-to-month,Electronic check,Fiber optic,No,No
9489-JMTTN,No,0,0.02607968312218924,No,Low Risk,89.75,0.0,72,Two year,Credit card (automatic),DSL,Yes,Yes
0575-CUQOV,No,0,0.18846642803826635,No,Low Risk,97.95,0.0,60,One year,Electronic check,Fiber optic,No,No
0967-BMLBD,No,0,0.06586251257610298,No,Low Risk,20.0,0.0,11,One year,Mailed check,No,No internet service,No internet service
6178-KFNHS,Yes,1,0.4980034905898918,No,Medium Risk,78.3,0.0,12,Month-to-month,Electronic check,Fiber optic,No,Yes
2830-LEWOA,No,0,0.14010937953670574,No,Low Risk,103.9,0.0,61,One year,Credit card (automatic),Fiber optic,Yes,No
5006-MXVRN,No,0,0.022188061443804846,No,Low Risk,20.7,0.0,39,Two year,Credit card (automatic),No,No internet service,No internet service
1264-BYWMS,Yes,1,0.49293989834494173,No,Medium Risk,96.8,0.0,55,Month-to-month,Electronic check,Fiber optic,No,No
9658-WYUFB,Yes,1,0.5384754154218839,Yes,Medium Risk,94.4,0.0,17,Month-to-month,Electronic check,Fiber optic,No,Yes
8327-WKMIE,No,0,0.03713218255245417,No,Low Risk,20.15,0.0,37,One year,Credit card (automatic),No,No internet service,No internet service
6917-FIJHC,No,0,0.02129033284753065,No,Low Risk,26.0,0.0,72,Two year,Mailed check,No,No internet service,No internet service
5329-KRDTM,No,0,0.03332077103644159,No,Low Risk,77.35,0.0,72,Two year,Credit card (automatic),DSL,Yes,No
7797-EJMDP,No,0,0.12594170364553398,No,Low Risk,66.05,0.0,8,Month-to-month,Bank transfer (automatic),DSL,Yes,Yes
3530-VWVGU,No,0,0.07462499583902941,No,Low Risk,19.9,0.0,22,Month-to-month,Mailed check,No,No internet service,No internet service
2013-SGDXK,Yes,1,0.7380008768668258,Yes,High Risk,84.3,84.3,1,Month-to-month,Electronic check,Fiber optic,No,No
6368-NWMCE,No,0,0.12940914595252598,No,Low Risk,68.15,0.0,38,Month-to-month,Credit card (automatic),DSL,Yes,No
3633-CDBUW,No,0,0.11762126770471072,No,Low Risk,80.85,0.0,17,One year,Electronic check,DSL,Yes,No
0707-HOVVN,No,0,0.03868662352751648,No,Low Risk,75.5,0.0,70,Two year,Bank transfer (automatic),DSL,Yes,No
8580-QVLOC,Yes,1,0.02707179795346899,No,Low Risk,92.45,0.0,72,Two year,Credit card (automatic),DSL,Yes,Yes
3956-MGXOG,No,0,0.4495061009146212,No,Medium Risk,80.6,0.0,28,Month-to-month,Electronic check,Fiber optic,No,No
9274-UARKJ,No,0,0.4670117843470318,No,Medium Risk,83.2,0.0,15,Month-to-month,Bank transfer (automatic),Fiber optic,No,No
4077-HWUYD,No,0,0.025994298435742698,No,Low Risk,87.55,0.0,72,Two year,Bank transfer (automatic),DSL,Yes,Yes
2012-NWRPA,Yes,1,0.7778865864931471,Yes,High Risk,99.55,99.55,11,Month-to-month,Electronic check,Fiber optic,No,No
8808-ELEHO,Yes,1,0.7031544691230326,Yes,High Risk,81.25,81.25,8,Month-to-month,Electronic check,Fiber optic,No,No
0103-CSITQ,No,0,0.1880779355923517,No,Low Risk,109.4,0.0,57,One year,Bank transfer (automatic),Fiber optic,Yes,No
3506-LCJDC,Yes,1,0.29752040522897016,No,Low Risk,19.95,0.0,1,Month-to-month,Bank transfer (automatic),No,No internet service,No internet service
8671-KKKOS,No,0,0.16951698572160157,No,Low Risk,45.55,0.0,46,Month-to-month,Electronic check,DSL,No,Yes
7305-ZWMAJ,No,0,0.03713218255245417,No,Low Risk,20.7,0.0,30,One year,Credit card (automatic),No,No internet service,No internet service
9518-XXBXE,No,0,0.4190680028700089,No,Medium Risk,75.3,0.0,10,Month-to-month,Electronic check,Fiber optic,No,Yes
3934-HXCFZ,Yes,1,0.5373540300881752,Yes,Medium Risk,99.25,0.0,23,Month-to-month,Electronic check,Fiber optic,No,Yes
6578-KRMAW,No,0,0.2571615224096985,No,Low Risk,93.4,0.0,32,Month-to-month,Credit card (automatic),Fiber optic,No,Yes
4860-IJUDE,No,0,0.3411367063846886,No,Medium Risk,73.75,0.0,13,Month-to-month,Credit card (automatic),Fiber optic,No,Yes
7666-WKRON,Yes,1,0.09612159040530649,No,Low Risk,80.45,0.0,39,Two year,Electronic check,Fiber optic,Yes,No
9688-YGXVR,No,0,0.2646334532217539,No,Low Risk,88.15,0.0,44,Month-to-month,Credit card (automatic),Fiber optic,No,No
0423-UDIJQ,No,0,0.21504807177254087,No,Low Risk,49.2,0.0,9,Month-to-month,Mailed check,DSL,Yes,No
1945-XISKS,No,0,0.020837423718393398,No,Low Risk,19.65,0.0,67,Two year,Mailed check,No,No internet service,No internet service
4910-AQFFX,Yes,1,0.5753307762632858,Yes,Medium Risk,79.35,0.0,9,Month-to-month,Bank transfer (automatic),Fiber optic,No,No
2154-KVJFF,Yes,1,0.5909890350866527,Yes,Medium Risk,79.75,0.0,15,Month-to-month,Electronic check,Fiber optic,No,No
5360-LJCNJ,No,0,0.10278242858388585,No,Low Risk,105.15,0.0,71,Two year,Bank transfer (automatic),Fiber optic,No,No
2607-FBDFF,No,0,0.3723549441454503,No,Medium Risk,49.0,0.0,1,Month-to-month,Credit card (automatic),DSL,Yes,No
9647-ERGBE,Yes,1,0.6094477817439206,Yes,High Risk,100.05,100.05,30,Month-to-month,Electronic check,Fiber optic,No,No
3428-XZMAZ,Yes,1,0.804979670889202,Yes,High Risk,69.35,69.35,1,Month-to-month,Electronic check,Fiber optic,No,No
1100-DDVRV,No,0,0.2730584626505895,No,Low Risk,49.8,0.0,17,Month-to-month,Mailed check,DSL,No,No
0378-TOVMS,Yes,1,0.5577023943730671,Yes,Medium Risk,85.8,0.0,3,Month-to-month,Electronic check,Fiber optic,Yes,No
4355-HBJHH,Yes,1,0.07051508271542618,No,Low Risk,79.7,0.0,67,Two year,Electronic check,DSL,No,Yes
6728-WYQBC,No,0,0.29872100466145696,No,Low Risk,20.95,0.0,1,Month-to-month,Bank transfer (automatic),No,No internet service,No internet service
9058-CBREO,Yes,1,0.6537269290575781,Yes,High Risk,50.55,50.55,1,Month-to-month,Mailed check,DSL,No,No
9029-FEGVJ,No,0,0.3680082097909276,No,Medium Risk,79.3,0.0,32,Month-to-month,Mailed check,Fiber optic,No,No
7216-KAOID,No,0,0.03692758139743251,No,Low Risk,19.5,0.0,41,One year,Bank transfer (automatic),No,No internet service,No internet service
0318-QUUOB,Yes,1,0.8370318457513362,Yes,High Risk,80.55,80.55,1,Month-to-month,Electronic check,Fiber optic,No,No
6145-NNPNO,No,0,0.512196654971884,Yes,Medium Risk,44.15,0.0,1,Month-to-month,Bank transfer (automatic),DSL,No,No
5520-FVEWJ,Yes,1,0.599293691003176,Yes,Medium Risk,84.5,0.0,12,Month-to-month,Electronic check,Fiber optic,No,No
5339-TJFEK,No,0,0.3776246599828471,No,Medium Risk,105.5,0.0,62,Month-to-month,Electronic check,Fiber optic,No,Yes
5572-ZDXHY,Yes,1,0.3544824332577317,No,Medium Risk,84.3,0.0,22,Month-to-month,Mailed check,Fiber optic,No,No
2074-GUHPQ,No,0,0.3699791111611307,No,Medium Risk,92.7,0.0,17,Month-to-month,Credit card (automatic),Fiber optic,Yes,No
4625-XMOYM,No,0,0.02066477272694156,No,Low Risk,26.25,0.0,72,Two year,Bank transfer (automatic),No,No internet service,No internet service
5827-MWCZK,No,0,0.2682800422777278,No,Low Risk,96.95,0.0,56,Month-to-month,Credit card (automatic),Fiber optic,Yes,No
1385-TQOZW,No,0,0.12306381547305874,No,Low Risk,20.45,0.0,9,Month-to-month,Credit card (automatic),No,No internet service,No internet service
5914-XRFQB,No,0,0.04458445993125252,No,Low Risk,115.8,0.0,72,Two year,Bank transfer (automatic),Fiber optic,Yes,Yes
4329-YPDDQ,No,0,0.3605513471368833,No,Medium Risk,108.2,0.0,20,Month-to-month,Bank transfer (automatic),Fiber optic,Yes,Yes
4804-NCPET,No,0,0.02457221559022135,No,Low Risk,20.2,0.0,19,Two year,Mailed check,No,No internet service,No internet service
3750-CKVKH,Yes,1,0.6703239316412379,Yes,High Risk,67.75,67.75,2,Month-to-month,Electronic check,Fiber optic,No,No
5944-UGLLK,No,0,0.08830252753923298,No,Low Risk,54.9,0.0,53,One year,Credit card (automatic),DSL,Yes,No
8063-GBATB,Yes,1,0.5517123836810122,Yes,Medium Risk,85.25,0.0,27,Month-to-month,Electronic check,Fiber optic,No,No
7787-BNTZM,No,0,0.10347861186483555,No,Low Risk,20.15,0.0,6,Month-to-month,Bank transfer (automatic),No,No internet service,No internet service
2252-ISRNH,No,0,0.4291425348128635,No,Medium Risk,90.35,0.0,9,One year,Electronic check,Fiber optic,No,No
9415-TPKRV,No,0,0.3012526740643466,No,Medium Risk,55.75,0.0,8,Month-to-month,Electronic check,DSL,No,No
5322-TEUJK,No,0,0.043444456526497026,No,Low Risk,114.6,0.0,71,Two year,Bank transfer (automatic),Fiber optic,Yes,Yes
4547-KQRTM,Yes,1,0.5390959618954653,Yes,Medium Risk,80.05,0.0,10,Month-to-month,Bank transfer (automatic),Fiber optic,No,No
4877-EVATK,Yes,1,0.29872100466145696,No,Low Risk,20.0,0.0,1,Month-to-month,Mailed check,No,No internet service,No internet service
1866-DIOQZ,No,0,0.04995703732680484,No,Low Risk,66.8,0.0,71,One year,Bank transfer (automatic),DSL,Yes,Yes
8375-KVTHK,No,0,0.1855171750090302,No,Low Risk,100.3,0.0,68,One year,Electronic check,Fiber optic,Yes,No
2697-NQBPF,No,0,0.5116998008750634,Yes,Medium Risk,105.35,0.0,34,Month-to-month,Electronic check,Fiber optic,Yes,No
3709-OIJEA,No,0,0.14468981503793737,No,Low Risk,85.2,0.0,26,One year,Electronic check,Fiber optic,Yes,No
7639-SUPCW,Yes,1,0.1419317111150572,No,Low Risk,48.8,0.0,22,Month-to-month,Credit card (automatic),DSL,No,Yes
1386-ZIKUV,No,0,0.12809427176074242,No,Low Risk,18.95,0.0,7,Month-to-month,Mailed check,No,No internet service,No internet service
0599-XNYDO,No,0,0.33615259592092084,No,Medium Risk,69.8,0.0,20,Month-to-month,Bank transfer (automatic),Fiber optic,No,No
6377-WHAOX,No,0,0.46444715524447344,No,Medium Risk,106.15,0.0,60,Month-to-month,Electronic check,Fiber optic,No,No
6855-VLGOS,No,0,0.024240722967174104,No,Low Risk,20.55,0.0,72,Two year,Electronic check,No,No internet service,No internet service
8999-XXGNS,No,0,0.16968613812557112,No,Low Risk,105.75,0.0,72,One year,Credit card (automatic),Fiber optic,No,No
8746-OQQRW,No,0,0.17007544017466258,No,Low Risk,25.25,0.0,4,Month-to-month,Mailed check,No,No internet service,No internet service
3181-MIZBN,No,0,0.12323914319337016,No,Low Risk,19.75,0.0,16,Month-to-month,Electronic check,No,No internet service,No internet service
0471-ARVMX,No,0,0.22430743988302854,No,Low Risk,104.85,0.0,62,One year,Electronic check,Fiber optic,No,Yes
7766-CLTIC,No,0,0.23323870252970227,No,Low Risk,60.95,0.0,10,Month-to-month,Mailed check,DSL,Yes,No
5650-YLIBA,No,0,0.44818555649113584,No,Medium Risk,81.15,0.0,31,Month-to-month,Electronic check,Fiber optic,No,No
0825-CPPQH,No,0,0.01826244383159915,No,Low Risk,19.1,0.0,71,Two year,Credit card (automatic),No,No internet service,No internet service
9084-OAYKL,No,0,0.021652083126167454,No,Low Risk,20.8,0.0,58,Two year,Mailed check,No,No internet service,No internet service
6122-LJADA,No,0,0.029852797919000078,No,Low Risk,90.15,0.0,70,Two year,Credit card (automatic),DSL,Yes,Yes
2400-XIWIO,No,0,0.03600572453300363,No,Low Risk,90.1,0.0,71,Two year,Electronic check,DSL,Yes,Yes
7524-VRLPL,No,0,0.032764697596229284,No,Low Risk,74.1,0.0,69,Two year,Credit card (automatic),DSL,Yes,Yes
1069-XAIEM,Yes,1,0.8798335007876033,Yes,High Risk,85.05,85.05,1,Month-to-month,Electronic check,Fiber optic,No,No
7569-NMZYQ,No,0,0.04330474759663763,No,Low Risk,118.75,0.0,72,Two year,Bank transfer (automatic),Fiber optic,Yes,Yes
5201-USSQZ,No,0,0.24655161341209192,No,Low Risk,85.9,0.0,26,Month-to-month,Credit card (automatic),Fiber optic,Yes,No
2105-PHWON,No,0,0.36244191885211907,No,Medium Risk,95.0,0.0,33,Month-to-month,Credit card (automatic),Fiber optic,Yes,No
1494-EJZDW,No,0,0.03311005800861855,No,Low Risk,20.15,0.0,10,Two year,Mailed check,No,No internet service,No internet service
4884-TVUQF,No,0,0.08043420964511375,No,Low Risk,101.3,0.0,57,Two year,Credit card (automatic),Fiber optic,Yes,Yes
8003-EWNDZ,No,0,0.16280405278141288,No,Low Risk,21.2,0.0,10,Month-to-month,Electronic check,No,No internet service,No internet service
1897-RCFUM,No,0,0.052276734938770546,No,Low Risk,24.2,0.0,39,One year,Mailed check,No,No internet service,No internet service
9256-JTBNZ,No,0,0.09930474927834759,No,Low Risk,20.3,0.0,11,Month-to-month,Bank transfer (automatic),No,No internet service,No internet service
4658-HCOHW,Yes,1,0.5560187165133821,Yes,Medium Risk,102.8,0.0,21,Month-to-month,Electronic check,Fiber optic,Yes,No
2211-RMNHO,No,0,0.03969025838366554,No,Low Risk,85.3,0.0,68,Two year,Bank transfer (automatic),DSL,Yes,No
2432-TFSMK,No,0,0.1984776298036994,No,Low Risk,89.6,0.0,18,One year,Credit card (automatic),Fiber optic,No,No
3440-JPSCL,Yes,1,0.6303821923122248,Yes,High Risk,99.95,99.95,6,Month-to-month,Mailed check,Fiber optic,Yes,No
4929-ROART,No,0,0.13459150693508612,No,Low Risk,56.25,0.0,18,Month-to-month,Mailed check,DSL,No,Yes
1834-ABKHQ,No,0,0.078025615471831,No,Low Risk,50.95,0.0,52,One year,Bank transfer (automatic),DSL,No,No
1741-WTPON,No,0,0.12492888853581459,No,Low Risk,115.85,0.0,56,Two year,Mailed check,Fiber optic,Yes,Yes
3932-IJWDZ,No,0,0.38020259667377804,No,Medium Risk,103.65,0.0,45,Month-to-month,Bank transfer (automatic),Fiber optic,Yes,No
1240-HCBOH,No,0,0.02428168161540493,No,Low Risk,26.1,0.0,67,Two year,Mailed check,No,No internet service,No internet service
3594-KADLU,No,0,0.239056138146508,No,Low Risk,35.1,0.0,3,Month-to-month,Mailed check,DSL,Yes,Yes
8065-BVEPF,No,0,0.3133008287371323,No,Medium Risk,99.1,0.0,65,Month-to-month,Bank transfer (automatic),Fiber optic,No,No
3796-ENZGF,No,0,0.034932481781216496,No,Low Risk,67.25,0.0,63,Two year,Mailed check,DSL,Yes,No
1734-ZMNTZ,No,0,0.03808254801414206,No,Low Risk,25.0,0.0,11,Two year,Mailed check,No,No internet service,No internet service
2853-CWQFQ,No,0,0.520844885561955,Yes,Medium Risk,59.55,0.0,1,Month-to-month,Mailed check,DSL,Yes,No
0813-TAXXS,No,0,0.07196226594192609,No,Low Risk,77.8,0.0,55,Two year,Bank transfer (automatic),DSL,No,No
2519-TWKFS,No,0,0.08415892785366036,No,Low Risk,55.1,0.0,25,One year,Mailed check,DSL,Yes,No
2889-FPWRM,Yes,1,0.44847646768748695,No,Medium Risk,117.8,0.0,72,One year,Bank transfer (automatic),Fiber optic,Yes,Yes
0626-QXNGV,No,0,0.02129033284753065,No,Low Risk,24.15,0.0,72,Two year,Credit card (automatic),No,No internet service,No internet service
6723-CEGQI,No,0,0.03621052861995933,No,Low Risk,45.25,0.0,65,Two year,Mailed check,DSL,Yes,No
6987-XQSJT,Yes,1,0.40247827692888444,No,Medium Risk,79.5,0.0,54,Month-to-month,Electronic check,Fiber optic,No,No
4732-RRJZC,No,0,0.10294752311383841,No,Low Risk,20.25,0.0,7,Month-to-month,Mailed check,No,No internet service,No internet service
9499-XPZXM,No,0,0.021285348177522916,No,Low Risk,64.75,0.0,72,Two year,Bank transfer (automatic),DSL,Yes,Yes
4338-EYCER,No,0,0.17093110920312354,No,Low Risk,54.6,0.0,21,Month-to-month,Bank transfer (automatic),DSL,No,No
3007-FDPEA,No,0,0.22124700963647537,No,Low Risk,20.7,0.0,2,Month-to-month,Bank transfer (automatic),No,No internet service,No internet service
6350-XFYGW,No,0,0.7551227066655198,Yes,High Risk,94.75,94.75,4,Month-to-month,Electronic check,Fiber optic,No,No
4290-BSXUX,Yes,1,0.600067582434806,Yes,High Risk,79.65,79.65,3,Month-to-month,Bank transfer (automatic),Fiber optic,Yes,No
8513-OLYGY,No,0,0.0698077600349539,No,Low Risk,115.8,0.0,72,Two year,Credit card (automatic),Fiber optic,Yes,Yes
0311-QYWSS,No,0,0.26947749809496363,No,Low Risk,49.45,0.0,6,Month-to-month,Electronic check,DSL,No,Yes
8705-DWKTI,No,0,0.28241479663607383,No,Low Risk,83.8,0.0,52,Month-to-month,Credit card (automatic),Fiber optic,No,No
8755-IWJHN,No,0,0.2845667096163793,No,Low Risk,95.35,0.0,69,Month-to-month,Bank transfer (automatic),Fiber optic,No,No
0325-XBFAC,Yes,1,0.6878125682673004,Yes,High Risk,94.7,94.7,8,Month-to-month,Electronic check,Fiber optic,No,No
4480-QQRHC,No,0,0.5629290963790703,Yes,Medium Risk,74.05,0.0,8,Month-to-month,Bank transfer (automatic),Fiber optic,No,No
0929-PECLO,No,0,0.2918915891213622,No,Low Risk,89.6,0.0,63,Month-to-month,Bank transfer (automatic),Fiber optic,No,No
3680-CTHUH,No,0,0.13713106962209673,No,Low Risk,116.6,0.0,60,One year,Credit card (automatic),Fiber optic,Yes,Yes
1202-KKGFU,No,0,0.11572076211353681,No,Low Risk,54.2,0.0,12,Month-to-month,Bank transfer (automatic),DSL,Yes,Yes
6112-KTHFQ,No,0,0.11649453393091763,No,Low Risk,19.3,0.0,13,Month-to-month,Mailed check,No,No internet service,No internet service
1852-XEMDW,No,0,0.11901825828694819,No,Low Risk,65.05,0.0,22,Month-to-month,Mailed check,DSL,No,Yes
2462-XIIJB,Yes,1,0.7696793616840368,Yes,High Risk,92.5,92.5,5,Month-to-month,Electronic check,Fiber optic,No,No
4760-XOHVN,Yes,1,0.29752040522897016,No,Low Risk,19.45,0.0,1,Month-to-month,Mailed check,No,No internet service,No internet service
1820-DJFPH,No,0,0.02066477272694156,No,Low Risk,24.05,0.0,72,Two year,Bank transfer (automatic),No,No internet service,No internet service
9426-SXNHE,No,0,0.1794584042671467,No,Low Risk,18.75,0.0,2,Month-to-month,Bank transfer (automatic),No,No internet service,No internet service
9068-FHQHD,No,0,0.022063916656277653,No,Low Risk,20.15,0.0,40,Two year,Bank transfer (automatic),No,No internet service,No internet service
1269-FOYWN,No,0,0.03692758139743251,No,Low Risk,20.0,0.0,44,One year,Bank transfer (automatic),No,No internet service,No internet service
9470-YFUYI,No,0,0.038046148376824594,No,Low Risk,71.0,0.0,71,One year,Bank transfer (automatic),DSL,Yes,Yes
7817-BOQPW,Yes,1,0.724266621721809,Yes,High Risk,75.55,75.55,2,Month-to-month,Electronic check,Fiber optic,No,No
7402-EYFXX,No,0,0.5807299471016903,Yes,Medium Risk,93.6,0.0,26,Month-to-month,Electronic check,Fiber optic,No,No
1853-UDXBW,Yes,1,0.8001531129097432,Yes,High Risk,70.0,70.0,1,Month-to-month,Electronic check,Fiber optic,No,No
9895-VFOXH,No,0,0.5408627825360997,Yes,Medium Risk,24.4,0.0,1,Month-to-month,Mailed check,DSL,No,No
5458-CQJTA,Yes,1,0.02942473074943889,No,Low Risk,74.8,0.0,65,Two year,Bank transfer (automatic),DSL,Yes,Yes
1230-QAJDW,No,0,0.4237964445119028,No,Medium Risk,65.25,0.0,3,Month-to-month,Mailed check,DSL,Yes,No
5701-ZIKJE,No,0,0.1972990476829376,No,Low Risk,50.55,0.0,13,Month-to-month,Mailed check,DSL,Yes,No
5219-YIPTK,Yes,1,0.5740146475229408,Yes,Medium Risk,104.4,0.0,33,Month-to-month,Electronic check,Fiber optic,No,No
5032-MIYKT,No,0,0.7653546055196001,Yes,High Risk,70.7,70.7,1,Month-to-month,Mailed check,Fiber optic,No,No
7396-VJUZB,No,0,0.3377346130388865,No,Medium Risk,45.25,0.0,4,Month-to-month,Mailed check,DSL,No,No
9717-QEBGU,No,0,0.6703239316412379,Yes,High Risk,70.3,70.3,2,Month-to-month,Electronic check,Fiber optic,No,No
5172-RKOCB,No,0,0.04458445993125252,No,Low Risk,108.95,0.0,72,Two year,Credit card (automatic),Fiber optic,Yes,Yes
6509-TSGWN,No,0,0.07898864495023585,No,Low Risk,26.45,0.0,37,Month-to-month,Mailed check,No,No internet service,No internet service
3540-RZJYU,Yes,1,0.41409791944767715,No,Medium Risk,86.2,0.0,15,Month-to-month,Electronic check,Fiber optic,No,Yes
3178-CIFOT,No,0,0.0499870195558218,No,Low Risk,19.65,0.0,23,One year,Credit card (automatic),No,No internet service,No internet service
2091-MJTFX,Yes,1,0.1544445695822747,No,Low Risk,51.2,0.0,30,Month-to-month,Credit card (automatic),DSL,Yes,No
4530-NDRKU,No,0,0.06317086854728778,No,Low Risk,19.05,0.0,42,One year,Electronic check,No,No internet service,No internet service
5985-TBABQ,No,0,0.08951883944567639,No,Low Risk,74.75,0.0,32,One year,Mailed check,DSL,No,Yes
9800-ONTFE,No,0,0.38402502703565344,No,Medium Risk,75.8,0.0,22,Month-to-month,Bank transfer (automatic),Fiber optic,No,No
6743-HHQPF,No,0,0.21190958394090312,No,Low Risk,25.1,0.0,42,Month-to-month,Credit card (automatic),DSL,No,No
8455-HIRAQ,No,0,0.2389554882451817,No,Low Risk,44.45,0.0,8,Month-to-month,Mailed check,DSL,No,No
6616-AALSR,No,0,0.09721139162324104,No,Low Risk,104.3,0.0,65,Two year,Credit card (automatic),Fiber optic,No,Yes
0883-EIBTI,Yes,1,0.20101189316519963,No,Low Risk,19.5,0.0,2,Month-to-month,Mailed check,No,No internet service,No internet service
9415-ZNBSX,No,0,0.029852797919000078,No,Low Risk,89.0,0.0,70,Two year,Bank transfer (automatic),DSL,Yes,Yes
4018-KJYUY,No,0,0.07462499583902941,No,Low Risk,20.15,0.0,22,Month-to-month,Credit card (automatic),No,No internet service,No internet service
0722-TROQR,Yes,1,0.737851335286519,Yes,High Risk,74.9,74.9,4,Month-to-month,Electronic check,Fiber optic,No,No
7571-YXDAD,Yes,1,0.6012738980423936,Yes,High Risk,74.9,74.9,2,Month-to-month,Credit card (automatic),Fiber optic,No,No
3884-UEBXB,No,0,0.034838994600675244,No,Low Risk,36.15,0.0,67,Two year,Bank transfer (automatic),DSL,No,Yes
8780-RSYYU,No,0,0.0922178355603814,No,Low Risk,19.2,0.0,25,Month-to-month,Credit card (automatic),No,No internet service,No internet service
5537-UXXVS,No,0,0.0750221930391616,No,Low Risk,19.25,0.0,20,Month-to-month,Bank transfer (automatic),No,No internet service,No internet service
1791-PQHBB,No,0,0.34790612665194753,No,Medium Risk,61.2,0.0,2,Month-to-month,Credit card (automatic),DSL,No,Yes
8701-DGLVH,No,0,0.022188061443804846,No,Low Risk,20.45,0.0,51,Two year,Mailed check,No,No internet service,No internet service
8741-LQOBK,No,0,0.1087739899391774,No,Low Risk,35.05,0.0,46,Month-to-month,Bank transfer (automatic),DSL,No,Yes
3393-FMZPV,Yes,1,0.6460503074661608,Yes,High Risk,100.25,100.25,25,Month-to-month,Electronic check,Fiber optic,No,No
8082-GHXOP,No,0,0.2020811701171375,No,Low Risk,44.0,0.0,13,Month-to-month,Mailed check,DSL,No,No
6402-ZFPPI,Yes,1,0.5023129939134212,Yes,Medium Risk,102.8,0.0,25,Month-to-month,Mailed check,Fiber optic,No,Yes
0980-FEXWF,No,0,0.06637996048373682,No,Low Risk,50.35,0.0,26,One year,Mailed check,DSL,No,No
7486-KSRVI,Yes,1,0.29913576220589455,No,Low Risk,100.0,0.0,43,One year,Electronic check,Fiber optic,Yes,No
3011-WQKSZ,No,0,0.14191424384362464,No,Low Risk,20.0,0.0,19,Month-to-month,Electronic check,No,No internet service,No internet service
8443-WVPSS,Yes,1,0.651592944945037,Yes,High Risk,99.85,99.85,10,Month-to-month,Electronic check,Fiber optic,Yes,No
3006-XIMLN,Yes,1,0.7574160718905563,Yes,High Risk,94.2,94.2,2,Month-to-month,Bank transfer (automatic),Fiber optic,No,No
8218-FFJDS,No,0,0.026776781786140343,No,Low Risk,86.4,0.0,72,Two year,Bank transfer (automatic),DSL,Yes,Yes
1986-PHGZF,No,0,0.18411963741546214,No,Low Risk,58.4,0.0,18,Month-to-month,Credit card (automatic),DSL,No,Yes
9965-YOKZB,Yes,1,0.722847339095284,Yes,High Risk,83.85,83.85,9,Month-to-month,Electronic check,Fiber optic,No,No
0504-HHAPI,Yes,1,0.397600573441729,No,Medium Risk,88.3,0.0,27,Month-to-month,Credit card (automatic),Fiber optic,No,No
9360-OMDZZ,No,0,0.5855111084835861,Yes,Medium Risk,94.1,0.0,24,Month-to-month,Electronic check,Fiber optic,No,No
6305-YLBMM,Yes,1,0.14584593981747912,No,Low Risk,104.05,0.0,69,One year,Bank transfer (automatic),Fiber optic,Yes,No
0345-XMMUG,No,0,0.11260345025730056,No,Low Risk,108.9,0.0,46,Two year,Credit card (automatic),Fiber optic,Yes,No
8024-XNAFQ,No,0,0.05943043571173942,No,Low Risk,107.4,0.0,72,Two year,Bank transfer (automatic),Fiber optic,Yes,Yes
3647-GMGDH,Yes,1,0.4335972859241378,No,Medium Risk,94.7,0.0,22,Month-to-month,Credit card (automatic),Fiber optic,No,No
2988-GBIVW,No,0,0.28423720999174285,No,Low Risk,90.85,0.0,70,Month-to-month,Electronic check,Fiber optic,No,Yes
2832-SCUCO,No,0,0.19845156843653758,No,Low Risk,19.9,0.0,2,Month-to-month,Electronic check,No,No internet service,No internet service
7036-ZZKBD,No,0,0.14662982013963397,No,Low Risk,66.4,0.0,31,Month-to-month,Credit card (automatic),DSL,Yes,No
3791-LGQCY,Yes,1,0.4279335658287091,No,Medium Risk,100.65,0.0,56,Month-to-month,Bank transfer (automatic),Fiber optic,No,No
0265-PSUAE,No,0,0.4404642350327326,No,Medium Risk,100.7,0.0,16,Month-to-month,Bank transfer (automatic),Fiber optic,No,Yes
0463-TXOAK,No,0,0.025140281571952163,No,Low Risk,25.6,0.0,52,Two year,Credit card (automatic),No,No internet service,No internet service
0594-UFTUL,No,0,0.11339575509302462,No,Low Risk,19.85,0.0,13,Month-to-month,Mailed check,No,No internet service,No internet service
9509-MPYOD,No,0,0.03713218255245417,No,Low Risk,20.75,0.0,35,One year,Mailed check,No,No internet service,No internet service
9128-CPXKI,No,0,0.1211884387347866,No,Low Risk,95.8,0.0,59,Two year,Electronic check,Fiber optic,No,No
0129-KPTWJ,No,0,0.34014310175801504,No,Medium Risk,94.65,0.0,72,Month-to-month,Electronic check,Fiber optic,No,No
8166-ZZTFS,Yes,1,0.060413256317096604,No,Low Risk,80.55,0.0,66,Two year,Bank transfer (automatic),DSL,No,No
5855-EIBDE,No,0,0.07579567942302921,No,Low Risk,106.65,0.0,49,Two year,Credit card (automatic),Fiber optic,Yes,Yes
5365-LLFYV,No,0,0.5118797115496203,Yes,Medium Risk,45.85,0.0,2,Month-to-month,Mailed check,DSL,No,No
5956-YHHRX,No,0,0.6951308543468409,Yes,High Risk,104.35,104.35,21,Month-to-month,Electronic check,Fiber optic,No,No
6008-NAIXK,No,0,0.18096455977998896,No,Low Risk,55.45,0.0,54,One year,Electronic check,DSL,No,No
2956-GGUCQ,Yes,1,0.44598797293711673,No,Medium Risk,78.85,0.0,24,Month-to-month,Electronic check,Fiber optic,No,Yes
1928-BXYIV,No,0,0.477448164721302,No,Medium Risk,61.15,0.0,1,Month-to-month,Electronic check,DSL,No,Yes
5760-FXFVO,No,0,0.45319770845705226,No,Medium Risk,78.95,0.0,6,Month-to-month,Electronic check,Fiber optic,No,Yes
6595-COKXZ,Yes,1,0.5919531673413575,Yes,Medium Risk,44.45,0.0,1,Month-to-month,Mailed check,DSL,No,No
0961-ZWLVI,No,0,0.18770527870837692,No,Low Risk,109.2,0.0,49,One year,Credit card (automatic),Fiber optic,No,Yes
5181-OABFK,No,0,0.03310425752386781,No,Low Risk,61.3,0.0,56,Two year,Credit card (automatic),DSL,No,Yes
4007-NHVHI,No,0,0.3698116331863585,No,Medium Risk,96.85,0.0,56,Month-to-month,Electronic check,Fiber optic,No,Yes
7816-VGHTO,No,0,0.06653673813437344,No,Low Risk,40.55,0.0,6,Two year,Mailed check,DSL,Yes,No
5871-DGTXZ,No,0,0.03713218255245417,No,Low Risk,19.8,0.0,32,One year,Mailed check,No,No internet service,No internet service
7550-WIQVA,No,0,0.25724336168236234,No,Low Risk,108.25,0.0,50,One year,Electronic check,Fiber optic,No,Yes
7544-ZVIKX,No,0,0.1920121844635182,No,Low Risk,105.05,0.0,58,One year,Bank transfer (automatic),Fiber optic,Yes,No
0016-QLJIS,No,0,0.029852797919000078,No,Low Risk,90.45,0.0,65,Two year,Mailed check,DSL,Yes,Yes
7508-DQAKK,No,0,0.030747763629654062,No,Low Risk,86.4,0.0,64,Two year,Credit card (automatic),DSL,Yes,Yes
5176-OLSKT,No,0,0.03369277907097905,No,Low Risk,66.9,0.0,66,Two year,Bank transfer (automatic),DSL,No,Yes
9356-AXGMP,No,0,0.2710829527443677,No,Low Risk,110.7,0.0,38,One year,Electronic check,Fiber optic,Yes,Yes
3556-BVQGL,No,0,0.05075750634191885,No,Low Risk,20.0,0.0,20,One year,Mailed check,No,No internet service,No internet service
0362-ZBZWJ,Yes,1,0.509383462300358,Yes,Medium Risk,84.9,0.0,36,Month-to-month,Electronic check,Fiber optic,No,No
8979-CAMGB,No,0,0.2110452488635151,No,Low Risk,102.1,0.0,64,One year,Electronic check,Fiber optic,Yes,No
4211-MMAZN,Yes,1,0.29872100466145696,No,Low Risk,20.25,0.0,1,Month-to-month,Mailed check,No,No internet service,No internet service
7581-EBBOU,No,0,0.05532573197083084,No,Low Risk,70.15,0.0,60,One year,Credit card (automatic),DSL,Yes,No
4274-OWWYO,Yes,1,0.7716894805005178,Yes,High Risk,74.35,74.35,1,Month-to-month,Electronic check,Fiber optic,No,No
5073-RZGBK,No,0,0.05699574608479491,No,Low Risk,80.05,0.0,50,One year,Bank transfer (automatic),DSL,Yes,Yes
1541-ETJZO,Yes,1,0.4608402367848899,No,Medium Risk,62.05,0.0,1,Month-to-month,Mailed check,DSL,Yes,No
2192-CKRLV,No,0,0.05094135114055904,No,Low Risk,49.2,0.0,72,Two year,Electronic check,DSL,No,Yes
3154-HMWUU,No,0,0.021757854686503122,No,Low Risk,20.5,0.0,60,Two year,Bank transfer (automatic),No,No internet service,No internet service
6119-SPUDB,No,0,0.029875233523959113,No,Low Risk,38.25,0.0,46,Two year,Mailed check,DSL,Yes,Yes
6522-OIQSX,No,0,0.05630615125381515,No,Low Risk,54.95,0.0,69,Two year,Credit card (automatic),DSL,No,No
7813-ZGGAW,No,0,0.4518660240545987,No,Medium Risk,96.6,0.0,31,Month-to-month,Bank transfer (automatic),Fiber optic,Yes,No
8748-HFWBO,No,0,0.04105469349653117,No,Low Risk,19.9,0.0,19,One year,Mailed check,No,No internet service,No internet service
1052-QJIBV,No,0,0.018159855412516312,No,Low Risk,19.9,0.0,71,Two year,Credit card (automatic),No,No internet service,No internet service
1319-YLZJG,No,0,0.43657604175750825,No,Medium Risk,84.6,0.0,12,Month-to-month,Electronic check,Fiber optic,No,Yes
4106-HADHQ,Yes,1,0.06440310513722568,No,Low Risk,80.0,0.0,39,One year,Credit card (automatic),DSL,Yes,Yes
0723-FDLAY,No,0,0.08636089674734379,No,Low Risk,85.25,0.0,44,One year,Bank transfer (automatic),DSL,Yes,No
3050-RLLXC,No,0,0.028696141472042885,No,Low Risk,81.25,0.0,56,Two year,Credit card (automatic),DSL,Yes,Yes
9298-WGMRW,No,0,0.04458445993125252,No,Low Risk,115.5,0.0,72,Two year,Bank transfer (automatic),Fiber optic,Yes,Yes
2369-UAPKZ,Yes,1,0.7260494276224646,Yes,High Risk,104.1,104.1,5,Month-to-month,Mailed check,Fiber optic,No,No
3088-LHEFH,No,0,0.43433701932920543,No,Medium Risk,79.0,0.0,11,Month-to-month,Bank transfer (automatic),Fiber optic,No,Yes
2778-OCLGR,Yes,1,0.1889754703412461,No,Low Risk,39.1,0.0,24,Month-to-month,Bank transfer (automatic),DSL,No,Yes
6583-KQJLK,No,0,0.6416933244209232,Yes,High Risk,94.65,94.65,15,Month-to-month,Electronic check,Fiber optic,No,No
8544-JNBOX,No,0,0.019071348129531648,No,Low Risk,20.8,0.0,72,Two year,Mailed check,No,No internet service,No internet service
6681-ZSEXG,No,0,0.04629313227836058,No,Low Risk,59.5,0.0,56,Two year,Credit card (automatic),DSL,No,No
6139-ZZRBQ,No,0,0.02431129779061629,No,Low Risk,20.05,0.0,64,Two year,Bank transfer (automatic),No,No internet service,No internet service
6116-RFVHN,No,0,0.5756955905904309,Yes,Medium Risk,100.45,0.0,34,Month-to-month,Electronic check,Fiber optic,No,No
0637-KVDLV,Yes,1,0.7379741652311117,Yes,High Risk,76.5,76.5,2,Month-to-month,Electronic check,Fiber optic,No,No
8884-FEEWR,No,0,0.03713218255245417,No,Low Risk,20.6,0.0,35,One year,Bank transfer (automatic),No,No internet service,No internet service
3125-RAHBV,No,0,0.041281181191654276,No,Low Risk,20.3,0.0,22,One year,Credit card (automatic),No,No internet service,No internet service
6633-MPWBS,Yes,1,0.3639982471879478,No,Medium Risk,49.2,0.0,5,Month-to-month,Electronic check,DSL,Yes,No
0373-AIVNJ,No,0,0.09600279394673987,No,Low Risk,39.55,0.0,9,One year,Mailed check,DSL,No,Yes
8785-EPNCG,Yes,1,0.11693497622583494,No,Low Risk,23.15,0.0,11,Month-to-month,Credit card (automatic),No,No internet service,No internet service
1682-VCOIO,No,0,0.04064838288920519,No,Low Risk,20.45,0.0,23,One year,Mailed check,No,No internet service,No internet service
5729-KLZAR,Yes,1,0.6126239309922434,Yes,High Risk,80.85,80.85,4,Month-to-month,Electronic check,Fiber optic,No,No
2072-ZVJJX,No,0,0.02325702251472386,No,Low Risk,25.25,0.0,68,Two year,Bank transfer (automatic),No,No internet service,No internet service
8849-AYPTR,No,0,0.3917030562174119,No,Medium Risk,91.25,0.0,33,Month-to-month,Electronic check,Fiber optic,No,No
9518-IMLHK,No,0,0.10143204820763033,No,Low Risk,72.45,0.0,31,Month-to-month,Bank transfer (automatic),DSL,Yes,Yes
1582-RAFML,Yes,1,0.4081168834271981,No,Medium Risk,60.1,0.0,1,Month-to-month,Mailed check,DSL,Yes,No
3646-ITDGM,No,0,0.021652083126167454,No,Low Risk,19.7,0.0,56,Two year,Bank transfer (automatic),No,No internet service,No internet service
8740-CRYFY,Yes,1,0.8370318457513362,Yes,High Risk,78.95,78.95,1,Month-to-month,Electronic check,Fiber optic,No,No
3569-VLDHH,No,0,0.059961077198990506,No,Low Risk,75.1,0.0,66,One year,Electronic check,DSL,Yes,Yes
8224-KDLKN,No,0,0.020274978401497466,No,Low Risk,25.0,0.0,72,Two year,Bank transfer (automatic),No,No internet service,No internet service
7594-LZNWR,No,0,0.3122661270957997,No,Medium Risk,69.15,0.0,34,Month-to-month,Credit card (automatic),Fiber optic,No,No
4001-TSBTV,No,0,0.3147013734236753,No,Medium Risk,91.55,0.0,58,Month-to-month,Electronic check,Fiber optic,No,No
2962-XPMCQ,Yes,1,0.5711556664909222,Yes,Medium Risk,45.15,0.0,2,Month-to-month,Electronic check,DSL,No,No
8727-XDPUD,No,0,0.060678670261619695,No,Low Risk,35.8,0.0,37,Two year,Credit card (automatic),DSL,No,No
1043-UXOVO,No,0,0.04458445993125252,No,Low Risk,113.15,0.0,71,Two year,Credit card (automatic),Fiber optic,Yes,Yes
1064-FBXNK,No,0,0.15906061643135894,No,Low Risk,19.85,0.0,1,One year,Credit card (automatic),No,No internet service,No internet service
3996-ZNWYK,No,0,0.020716294901822044,No,Low Risk,19.8,0.0,71,Two year,Credit card (automatic),No,No internet service,No internet service
2878-DHMIN,No,0,0.048979363580632033,No,Low Risk,19.9,0.0,35,One year,Electronic check,No,No internet service,No internet service
7762-ONLJY,No,0,0.05742691762955648,No,Low Risk,19.7,0.0,6,One year,Mailed check,No,No internet service,No internet service
1678-FYZOW,Yes,1,0.6984100213978972,Yes,High Risk,79.4,79.4,3,Month-to-month,Electronic check,Fiber optic,No,No
5795-BKOYE,No,0,0.04628707987583227,No,Low Risk,59.1,0.0,69,One year,Bank transfer (automatic),DSL,Yes,No
8627-EHGIP,Yes,1,0.11541093232338388,No,Low Risk,53.95,0.0,44,One year,Mailed check,DSL,No,No
7402-PWYJJ,No,0,0.1573107394457488,No,Low Risk,91.15,0.0,53,One year,Electronic check,Fiber optic,Yes,No
5480-TBGPH,Yes,1,0.4918575084448549,No,Medium Risk,99.3,0.0,24,Month-to-month,Credit card (automatic),Fiber optic,No,No
0018-NYROU,No,0,0.6534572742343966,Yes,High Risk,68.95,68.95,5,Month-to-month,Electronic check,Fiber optic,No,No
7501-VTYLJ,No,0,0.39127346468239893,No,Medium Risk,51.55,0.0,2,Month-to-month,Mailed check,DSL,No,No
7608-RGIRO,No,0,0.02357034535425262,No,Low Risk,24.4,0.0,62,Two year,Mailed check,No,No internet service,No internet service
0480-BIXDE,No,0,0.5938067735912238,Yes,Medium Risk,96.8,0.0,19,Month-to-month,Electronic check,Fiber optic,No,No
5895-QSXOD,No,0,0.4259022721303679,No,Medium Risk,70.05,0.0,9,Month-to-month,Mailed check,Fiber optic,No,No
9814-AOUDH,No,0,0.022188061443804846,No,Low Risk,19.5,0.0,53,Two year,Credit card (automatic),No,No internet service,No internet service
6175-IRFIT,No,0,0.5667272091249544,Yes,Medium Risk,78.75,0.0,5,Month-to-month,Mailed check,Fiber optic,No,No
8760-ZRHKE,No,0,0.07228832380996326,No,Low Risk,69.2,0.0,71,One year,Electronic check,DSL,No,Yes
1622-HSHSF,No,0,0.3643492574644425,No,Medium Risk,19.55,0.0,1,Month-to-month,Mailed check,No,No internet service,No internet service
8854-CCVSQ,Yes,1,0.50341886026111,Yes,Medium Risk,80.65,0.0,18,Month-to-month,Electronic check,Fiber optic,No,No
6749-UTDVX,No,0,0.1465350665310631,No,Low Risk,103.65,0.0,72,Two year,Electronic check,Fiber optic,No,No
5542-DHSXL,No,0,0.19588303403945856,No,Low Risk,54.7,0.0,4,Month-to-month,Mailed check,DSL,No,Yes
9102-OXKFY,No,0,0.052622725515084796,No,Low Risk,54.15,0.0,59,Two year,Credit card (automatic),DSL,No,No
0511-JTEOY,Yes,1,0.7024547306130401,Yes,High Risk,71.1,71.1,1,Month-to-month,Mailed check,Fiber optic,No,No
5216-WASFJ,No,0,0.5517123836810122,Yes,Medium Risk,84.85,0.0,31,Month-to-month,Electronic check,Fiber optic,No,No
7808-DVWEP,No,0,0.16696462984100963,No,Low Risk,20.0,0.0,3,Month-to-month,Bank transfer (automatic),No,No internet service,No internet service
7067-KSAZT,Yes,1,0.25453937841496116,No,Low Risk,106.25,0.0,65,One year,Electronic check,Fiber optic,No,No
2284-VFLKH,No,0,0.16387311142937827,No,Low Risk,99.25,0.0,49,One year,Credit card (automatic),Fiber optic,Yes,No
0366-NQSHS,No,0,0.1794584042671467,No,Low Risk,19.35,0.0,2,Month-to-month,Mailed check,No,No internet service,No internet service
6532-YLWSI,Yes,1,0.03713218255245417,No,Low Risk,20.8,0.0,53,One year,Bank transfer (automatic),No,No internet service,No internet service
3807-BPOMJ,No,0,0.17708410527349705,No,Low Risk,94.75,0.0,55,One year,Electronic check,Fiber optic,No,Yes
3892-NXAZG,No,0,0.04330474759663763,No,Low Risk,114.05,0.0,72,Two year,Credit card (automatic),Fiber optic,Yes,Yes
4948-WBBKL,No,0,0.42989635967789236,No,Medium Risk,74.9,0.0,36,Month-to-month,Bank transfer (automatic),Fiber optic,No,No
4182-BGSIQ,No,0,0.11981398980668936,No,Low Risk,19.8,0.0,10,Month-to-month,Bank transfer (automatic),No,No internet service,No internet service
9300-AGZNL,Yes,1,0.8829064880518586,Yes,High Risk,94.0,94.0,1,Month-to-month,Electronic check,Fiber optic,No,No
0988-AADSA,No,0,0.023388200751179256,No,Low Risk,80.85,0.0,72,Two year,Bank transfer (automatic),DSL,Yes,Yes
9972-NKTFD,No,0,0.09510508113402508,No,Low Risk,54.65,0.0,28,Month-to-month,Bank transfer (automatic),DSL,Yes,No
3717-LNXKW,No,0,0.23862322056922486,No,Low Risk,91.7,0.0,38,Month-to-month,Bank transfer (automatic),Fiber optic,No,Yes
5734-EJKXG,No,0,0.19237032518875471,No,Low Risk,118.6,0.0,61,One year,Electronic check,Fiber optic,Yes,Yes
2207-RYYRL,No,0,0.025140281571952163,No,Low Risk,24.55,0.0,52,Two year,Mailed check,No,No internet service,No internet service
6729-FZWSY,No,0,0.03642301575655164,No,Low Risk,19.45,0.0,67,One year,Mailed check,No,No internet service,No internet service
9695-IDRZR,No,0,0.10285062765166163,No,Low Risk,116.15,0.0,34,Two year,Credit card (automatic),Fiber optic,Yes,Yes
8144-DGHXP,No,0,0.042860027544458446,No,Low Risk,80.6,0.0,54,Two year,Electronic check,DSL,Yes,Yes
7814-LEEVE,No,0,0.35666769182703767,No,Medium Risk,20.3,0.0,1,Month-to-month,Bank transfer (automatic),No,No internet service,No internet service
1112-CUNAO,Yes,1,0.5845470848532632,Yes,Medium Risk,89.85,0.0,15,Month-to-month,Electronic check,Fiber optic,No,No
5175-AOBHI,Yes,1,0.4093349399375932,No,Medium Risk,46.0,0.0,4,Month-to-month,Mailed check,DSL,No,No
5174-RNGBH,Yes,1,0.17011729707706497,No,Low Risk,66.25,0.0,9,Month-to-month,Mailed check,DSL,Yes,No
8631-WUXGY,No,0,0.451781402537016,No,Medium Risk,99.8,0.0,46,Month-to-month,Electronic check,Fiber optic,No,No
7270-BDIOA,Yes,1,0.49318448075886345,No,Medium Risk,90.0,0.0,22,Month-to-month,Electronic check,Fiber optic,Yes,No
9565-JSNFM,Yes,1,0.1325849326858058,No,Low Risk,70.45,0.0,38,One year,Bank transfer (automatic),Fiber optic,No,No
5906-DVAPM,No,0,0.052662615251457455,No,Low Risk,75.0,0.0,55,One year,Credit card (automatic),DSL,Yes,Yes
6654-QGBZZ,No,0,0.29872100466145696,No,Low Risk,19.9,0.0,1,Month-to-month,Mailed check,No,No internet service,No internet service
8348-JLBUG,No,0,0.0691014301623603,No,Low Risk,80.3,0.0,64,One year,Credit card (automatic),Fiber optic,No,Yes
0607-DAAHE,Yes,1,0.022063916656277653,No,Low Risk,19.75,0.0,53,Two year,Bank transfer (automatic),No,No internet service,No internet service
5641-DMBFJ,No,0,0.05514103962839076,No,Low Risk,84.3,0.0,58,Two year,Electronic check,DSL,Yes,Yes
9200-NLNPD,No,0,0.0935107473888028,No,Low Risk,54.05,0.0,56,One year,Bank transfer (automatic),DSL,Yes,No
2664-XJZNO,No,0,0.05747585287593092,No,Low Risk,104.9,0.0,72,Two year,Credit card (automatic),Fiber optic,Yes,Yes
9732-KPKBW,Yes,1,0.45851670110817694,No,Medium Risk,53.95,0.0,1,Month-to-month,Electronic check,DSL,Yes,Yes
3339-EAQNV,No,0,0.14561533775714694,No,Low Risk,97.25,0.0,72,One year,Credit card (automatic),Fiber optic,No,No
0921-OHLVP,No,0,0.47019763133109926,No,Medium Risk,83.05,0.0,22,Month-to-month,Electronic check,Fiber optic,No,No
3389-YGYAI,Yes,1,0.783653605940687,Yes,High Risk,105.5,105.5,8,Month-to-month,Electronic check,Fiber optic,No,No
9560-ARGQJ,Yes,1,0.5909303283823768,Yes,Medium Risk,81.0,0.0,16,Month-to-month,Electronic check,Fiber optic,No,No
8350-NYMVI,No,0,0.115215407126348,No,Low Risk,41.1,0.0,39,Month-to-month,Bank transfer (automatic),DSL,Yes,No
1600-DILPE,No,0,0.26809194212287535,No,Low Risk,45.0,0.0,12,Month-to-month,Bank transfer (automatic),DSL,No,No
0536-ESJEP,No,0,0.04289407351828531,No,Low Risk,74.55,0.0,54,Two year,Bank transfer (automatic),DSL,No,Yes
4654-GGUII,No,0,0.0633302957141881,No,Low Risk,40.2,0.0,18,One year,Mailed check,DSL,Yes,Yes
6478-HRRCZ,No,0,0.045639166688774095,No,Low Risk,70.5,0.0,32,One year,Mailed check,DSL,Yes,Yes
8510-BBWMU,No,0,0.045701483445277184,No,Low Risk,19.75,0.0,41,One year,Mailed check,No,No internet service,No internet service
6857-TKDJV,No,0,0.023127038226193948,No,Low Risk,24.65,0.0,67,Two year,Bank transfer (automatic),No,No internet service,No internet service
2360-RDGRO,No,0,0.39815475607948325,No,Medium Risk,104.25,0.0,65,Month-to-month,Electronic check,Fiber optic,No,Yes
0584-BJQGZ,No,0,0.12863624713728944,No,Low Risk,78.35,0.0,25,Month-to-month,Bank transfer (automatic),DSL,Yes,Yes
5134-IKDAY,Yes,1,0.8001531129097432,Yes,High Risk,69.8,69.8,1,Month-to-month,Electronic check,Fiber optic,No,No
1360-XFJMR,No,0,0.16560350059329246,No,Low Risk,109.7,0.0,67,One year,Credit card (automatic),Fiber optic,Yes,No
3070-DVEYC,Yes,1,0.554961681487723,Yes,Medium Risk,73.75,0.0,7,Month-to-month,Mailed check,Fiber optic,No,No
5730-RIITO,No,0,0.1725273844466829,No,Low Risk,33.45,0.0,43,Month-to-month,Credit card (automatic),DSL,No,Yes
9058-MJLZC,No,0,0.44203889324962564,No,Medium Risk,94.6,0.0,24,Month-to-month,Electronic check,Fiber optic,No,Yes
5707-ORNDZ,Yes,1,0.27814782704545754,No,Low Risk,54.55,0.0,9,Month-to-month,Electronic check,DSL,No,Yes
0902-XKXPN,No,0,0.020720675767412843,No,Low Risk,20.2,0.0,69,Two year,Bank transfer (automatic),No,No internet service,No internet service
5177-RVZNU,No,0,0.03692758139743251,No,Low Risk,20.3,0.0,37,One year,Bank transfer (automatic),No,No internet service,No internet service
0056-EPFBG,No,0,0.04035824098464743,No,Low Risk,39.4,0.0,20,Two year,Credit card (automatic),DSL,Yes,Yes
8993-IZEUX,No,0,0.4473174458726164,No,Medium Risk,69.15,0.0,7,Month-to-month,Bank transfer (automatic),Fiber optic,No,No
8696-JKZNU,Yes,1,0.5151384082011681,Yes,Medium Risk,76.25,0.0,37,Month-to-month,Electronic check,Fiber optic,No,No
5380-AFSSK,Yes,1,0.7562368307852361,Yes,High Risk,93.9,93.9,5,Month-to-month,Mailed check,Fiber optic,No,No
8190-ZTQFB,No,0,0.20023793818073699,No,Low Risk,51.35,0.0,41,One year,Electronic check,DSL,No,No
0931-MHTEM,No,0,0.15286872001488697,No,Low Risk,100.05,0.0,54,One year,Credit card (automatic),Fiber optic,No,Yes
2055-PDADH,Yes,1,0.6823052115318063,Yes,High Risk,70.4,70.4,3,Month-to-month,Electronic check,Fiber optic,No,No
7515-LODFU,No,0,0.02376167359152303,No,Low Risk,20.3,0.0,69,Two year,Credit card (automatic),No,No internet service,No internet service
0440-UEDAI,No,0,0.10965127270014326,No,Low Risk,94.45,0.0,53,One year,Credit card (automatic),Fiber optic,Yes,No
1337-BOZWO,No,0,0.09170482448263564,No,Low Risk,46.4,0.0,18,One year,Credit card (automatic),DSL,No,No
0868-VJRDR,No,0,0.0667736903408982,No,Low Risk,104.05,0.0,64,Two year,Credit card (automatic),Fiber optic,Yes,Yes
8714-EUHJO,Yes,1,0.47173821105987523,No,Medium Risk,91.15,0.0,31,Month-to-month,Electronic check,Fiber optic,No,No
6344-SFJVH,No,0,0.1835065610060204,No,Low Risk,24.9,0.0,20,Month-to-month,Credit card (automatic),DSL,No,No
3950-VPYJB,No,0,0.037606550173401435,No,Low Risk,59.6,0.0,57,One year,Mailed check,DSL,Yes,Yes
8041-TMEID,No,0,0.09135571855298219,No,Low Risk,108.5,0.0,63,Two year,Credit card (automatic),Fiber optic,No,Yes
7321-ZNSLA,No,0,0.037085473027605634,No,Low Risk,40.55,0.0,13,Two year,Mailed check,DSL,Yes,Yes
6941-KXRRV,No,0,0.10379123912105898,No,Low Risk,58.95,0.0,48,One year,Bank transfer (automatic),DSL,No,No
3721-CNEYS,Yes,1,0.6703239316412379,Yes,High Risk,70.95,70.95,2,Month-to-month,Electronic check,Fiber optic,No,No
8727-JQFHV,No,0,0.021530871166499266,No,Low Risk,20.75,0.0,57,Two year,Mailed check,No,No internet service,No internet service
9475-NNDGC,No,0,0.17406004029062247,No,Low Risk,113.15,0.0,71,One year,Bank transfer (automatic),Fiber optic,Yes,No
1355-KUSBG,No,0,0.3596524507276288,No,Medium Risk,48.8,0.0,7,Month-to-month,Electronic check,DSL,No,No
3688-FTHLT,No,0,0.31094507397494053,No,Medium Risk,63.05,0.0,16,Month-to-month,Bank transfer (automatic),DSL,No,No
0899-LIIBW,No,0,0.4873443069881752,No,Medium Risk,100.85,0.0,34,Month-to-month,Electronic check,Fiber optic,No,No
2568-OIADY,Yes,1,0.5756955905904309,Yes,Medium Risk,99.5,0.0,37,Month-to-month,Electronic check,Fiber optic,No,No
1384-RCUXW,No,0,0.4756665598742746,No,Medium Risk,80.55,0.0,16,Month-to-month,Mailed check,Fiber optic,No,No
5825-XJOCM,No,0,0.06554848205928822,No,Low Risk,64.4,0.0,48,One year,Bank transfer (automatic),DSL,No,Yes
6848-YLDFR,No,0,0.06863295691452449,No,Low Risk,75.2,0.0,58,One year,Credit card (automatic),DSL,Yes,No
8125-QPFJD,No,0,0.030095151343094505,No,Low Risk,84.9,0.0,72,Two year,Bank transfer (automatic),DSL,Yes,Yes
2320-YKQBO,No,0,0.10347861186483555,No,Low Risk,19.3,0.0,7,Month-to-month,Mailed check,No,No internet service,No internet service
1193-RTSLK,Yes,1,0.2251401551446526,No,Low Risk,83.9,0.0,38,Month-to-month,Credit card (automatic),Fiber optic,No,Yes
2302-ANTDP,Yes,1,0.4838394437979648,No,Medium Risk,117.45,0.0,48,Month-to-month,Electronic check,Fiber optic,Yes,Yes
5923-GXUOC,Yes,1,0.6214730480053977,Yes,High Risk,104.4,104.4,10,Month-to-month,Electronic check,Fiber optic,No,Yes
4973-RLZVI,No,0,0.04578128756733012,No,Low Risk,74.65,0.0,30,One year,Credit card (automatic),DSL,Yes,Yes
7869-ZYDST,No,0,0.2313544573638404,No,Low Risk,59.05,0.0,31,Month-to-month,Credit card (automatic),DSL,No,No
4501-UYKBC,No,0,0.11224546255519766,No,Low Risk,69.1,0.0,46,One year,Credit card (automatic),DSL,Yes,No
1215-EXRMO,No,0,0.022188061443804846,No,Low Risk,20.55,0.0,50,Two year,Mailed check,No,No internet service,No internet service
2305-MRGLV,No,0,0.2240206784692128,No,Low Risk,76.55,0.0,28,Month-to-month,Bank transfer (automatic),Fiber optic,Yes,No
8404-VIOMB,No,0,0.030451312390500973,No,Low Risk,62.5,0.0,66,Two year,Bank transfer (automatic),DSL,Yes,Yes
5233-GEEAX,Yes,1,0.474561386200857,No,Medium Risk,29.4,0.0,8,Month-to-month,Electronic check,DSL,No,No
2359-KLTEK,No,0,0.37041402625705566,No,Medium Risk,94.9,0.0,41,Month-to-month,Bank transfer (automatic),Fiber optic,No,No
5304-EFJLP,No,0,0.056826345356246456,No,Low Risk,111.65,0.0,72,Two year,Bank transfer (automatic),Fiber optic,Yes,No
2673-ZALNP,No,0,0.057738288224302395,No,Low Risk,19.9,0.0,7,One year,Mailed check,No,No internet service,No internet service
9184-GALIL,No,0,0.0673602108474518,No,Low Risk,20.45,0.0,38,Month-to-month,Mailed check,No,No internet service,No internet service
4393-RYCRE,No,0,0.2218131140596826,No,Low Risk,106.05,0.0,44,One year,Electronic check,Fiber optic,No,Yes
9746-MDMBK,No,0,0.1588064451471899,No,Low Risk,113.45,0.0,47,One year,Bank transfer (automatic),Fiber optic,Yes,Yes
3162-ZJZFU,No,0,0.27675019890810587,No,Low Risk,92.55,0.0,53,Month-to-month,Electronic check,Fiber optic,Yes,No
8404-GFGCZ,No,0,0.45048637111435896,No,Medium Risk,65.6,0.0,4,Month-to-month,Electronic check,DSL,No,No
8875-AKBYH,No,0,0.5980028334450604,Yes,Medium Risk,84.35,0.0,20,Month-to-month,Electronic check,Fiber optic,No,No
4432-ADRLB,Yes,1,0.4411769025438335,No,Medium Risk,44.65,0.0,2,Month-to-month,Mailed check,DSL,No,No
0533-UCAAU,No,0,0.10815279348595559,No,Low Risk,71.1,0.0,57,One year,Credit card (automatic),DSL,No,No
1394-SUIUH,No,0,0.21731677634009536,No,Low Risk,85.15,0.0,44,Month-to-month,Electronic check,Fiber optic,Yes,Yes
3521-MNKLV,No,0,0.19227825345562388,No,Low Risk,49.7,0.0,24,Month-to-month,Mailed check,DSL,No,No
2533-TIBIX,No,0,0.2136432208782088,No,Low Risk,30.2,0.0,15,Month-to-month,Bank transfer (automatic),DSL,No,Yes
8993-PHFWD,Yes,1,0.5149221379462037,Yes,Medium Risk,25.25,0.0,3,Month-to-month,Electronic check,DSL,No,No
1565-RHDJD,Yes,1,0.5696157810977323,Yes,Medium Risk,84.05,0.0,4,Month-to-month,Bank transfer (automatic),Fiber optic,No,No
7137-RYLPP,Yes,1,0.5106288614382515,Yes,Medium Risk,85.7,0.0,37,Month-to-month,Electronic check,Fiber optic,No,No
3765-JXVKY,Yes,1,0.7716894805005178,Yes,High Risk,74.7,74.7,1,Month-to-month,Electronic check,Fiber optic,No,No
5092-STPKP,No,0,0.08212184514955817,No,Low Risk,56.35,0.0,24,Month-to-month,Credit card (automatic),DSL,Yes,Yes
7330-WZLNC,Yes,1,0.736743145923306,Yes,High Risk,90.8,90.8,5,Month-to-month,Electronic check,Fiber optic,No,No
0114-PEGZZ,No,0,0.4856260810448052,No,Medium Risk,107.55,0.0,33,Month-to-month,Electronic check,Fiber optic,No,No
3359-DSRKA,No,0,0.022942228916719116,No,Low Risk,19.85,0.0,58,Two year,Mailed check,No,No internet service,No internet service
8639-NHQEI,No,0,0.06180926793312957,No,Low Risk,95.9,0.0,72,Two year,Bank transfer (automatic),Fiber optic,No,Yes
7161-DFHUF,No,0,0.02038926741407629,No,Low Risk,23.85,0.0,71,Two year,Mailed check,No,No internet service,No internet service
3957-LXOLK,Yes,1,0.6033032920023217,Yes,High Risk,106.15,106.15,28,Month-to-month,Electronic check,Fiber optic,No,No
3720-DBRWL,No,0,0.031084164875630708,No,Low Risk,83.85,0.0,51,Two year,Credit card (automatic),DSL,Yes,Yes
6635-MYYYZ,Yes,1,0.05423672482536079,No,Low Risk,85.35,0.0,30,One year,Bank transfer (automatic),DSL,Yes,Yes
8565-WUXZU,No,0,0.027399080724116218,No,Low Risk,84.8,0.0,72,Two year,Credit card (automatic),Fiber optic,Yes,Yes
5281-BUZGT,Yes,1,0.4128446069677915,No,Medium Risk,90.85,0.0,36,Month-to-month,Electronic check,Fiber optic,No,Yes
4994-OBRSZ,No,0,0.0337462922861057,No,Low Risk,76.1,0.0,14,Two year,Bank transfer (automatic),DSL,Yes,Yes
0562-FGDCR,No,0,0.024046375440418582,No,Low Risk,74.55,0.0,72,Two year,Mailed check,DSL,Yes,Yes
2436-QBZFP,No,0,0.2642363126152948,No,Low Risk,39.2,0.0,22,Month-to-month,Electronic check,DSL,No,No
3420-YJLQT,No,0,0.6296465807758473,Yes,High Risk,79.55,79.55,2,Month-to-month,Electronic check,Fiber optic,No,No
6040-CGACY,No,0,0.0938679944595526,No,Low Risk,19.6,0.0,15,Month-to-month,Mailed check,No,No internet service,No internet service
6582-PLFUU,No,0,0.022063916656277653,No,Low Risk,19.55,0.0,51,Two year,Credit card (automatic),No,No internet service,No internet service
8242-PDSGJ,No,0,0.030113267056231036,No,Low Risk,39.15,0.0,70,Two year,Credit card (automatic),DSL,Yes,Yes
0264-CNITK,No,0,0.018159855412516312,No,Low Risk,20.1,0.0,71,Two year,Bank transfer (automatic),No,No internet service,No internet service
0089-IIQKO,No,0,0.40578440144458755,No,Medium Risk,99.95,0.0,39,Month-to-month,Credit card (automatic),Fiber optic,Yes,No
7839-NUIAA,No,0,0.12967485357430217,No,Low Risk,59.8,0.0,61,Month-to-month,Electronic check,DSL,No,Yes
6075-QMNRR,No,0,0.11841607694452441,No,Low Risk,49.75,0.0,52,Month-to-month,Bank transfer (automatic),DSL,No,Yes
5378-IKEEG,Yes,1,0.7040287187475388,Yes,High Risk,35.75,35.75,1,Month-to-month,Electronic check,DSL,No,No
5966-EMAZU,No,0,0.14389560982281643,No,Low Risk,108.5,0.0,64,One year,Mailed check,Fiber optic,Yes,Yes
0440-EKDCF,No,0,0.03008195043036408,No,Low Risk,60.15,0.0,62,Two year,Credit card (automatic),DSL,Yes,No
4774-HHGGS,No,0,0.022188061443804846,No,Low Risk,19.05,0.0,30,Two year,Mailed check,No,No internet service,No internet service
2718-GAXQD,Yes,1,0.40166415794671423,No,Medium Risk,46.0,0.0,4,Month-to-month,Electronic check,DSL,No,No
2055-BFOCC,No,0,0.05154933948207294,No,Low Risk,84.0,0.0,63,One year,Bank transfer (automatic),DSL,Yes,Yes
8180-AKMJV,No,0,0.5729381605344003,Yes,Medium Risk,44.55,0.0,1,Month-to-month,Credit card (automatic),DSL,No,No
4298-OYIFC,No,0,0.7066741103460227,Yes,High Risk,103.45,103.45,15,Month-to-month,Electronic check,Fiber optic,Yes,No
5566-SOEZD,No,0,0.09542426774797678,No,Low Risk,80.65,0.0,27,One year,Credit card (automatic),Fiber optic,No,Yes
9842-EFSYY,No,0,0.31708340731233564,No,Medium Risk,57.2,0.0,4,Month-to-month,Mailed check,DSL,No,Yes
2272-WUSPA,No,0,0.1171214317231459,No,Low Risk,110.75,0.0,72,Two year,Electronic check,Fiber optic,No,Yes
4584-LBNMK,No,0,0.055669184080696,No,Low Risk,24.7,0.0,45,One year,Credit card (automatic),No,No internet service,No internet service
3898-GUYTS,No,0,0.33779412924398233,No,Medium Risk,97.05,0.0,45,Month-to-month,Electronic check,Fiber optic,Yes,Yes
0930-EHUZA,No,0,0.05739393561058948,No,Low Risk,76.35,0.0,36,One year,Mailed check,DSL,Yes,Yes
6413-XKKPU,Yes,1,0.47814221726187717,No,Medium Risk,89.4,0.0,17,Month-to-month,Electronic check,Fiber optic,No,Yes
9975-SKRNR,No,0,0.23110055902288848,No,Low Risk,18.9,0.0,1,Month-to-month,Mailed check,No,No internet service,No internet service
3703-KBKZP,No,0,0.5493369788571498,Yes,Medium Risk,74.45,0.0,16,Month-to-month,Bank transfer (automatic),Fiber optic,No,No
1449-XQEMT,Yes,1,0.203258499557407,No,Low Risk,19.8,0.0,3,Month-to-month,Mailed check,No,No internet service,No internet service
2626-URJFX,Yes,1,0.5140117252417522,Yes,Medium Risk,50.9,0.0,4,Month-to-month,Electronic check,DSL,No,No
4973-MGTON,No,0,0.023999994324004983,No,Low Risk,84.4,0.0,71,Two year,Credit card (automatic),DSL,Yes,Yes
3682-YEUWS,No,0,0.14051730375596191,No,Low Risk,24.4,0.0,10,Month-to-month,Mailed check,No,No internet service,No internet service
1223-UNPKS,No,0,0.02457221559022135,No,Low Risk,20.05,0.0,20,Two year,Mailed check,No,No internet service,No internet service
2612-RRIDN,Yes,1,0.6984100213978972,Yes,High Risk,81.0,81.0,4,Month-to-month,Electronic check,Fiber optic,No,No
4735-ASGMA,Yes,1,0.6192328043502375,Yes,High Risk,98.35,98.35,26,Month-to-month,Electronic check,Fiber optic,No,No
3446-QDSZF,No,0,0.3602388179139676,No,Medium Risk,55.5,0.0,4,Month-to-month,Credit card (automatic),DSL,No,No
3669-LVWZB,Yes,1,0.470482875169325,No,Medium Risk,51.0,0.0,5,Month-to-month,Mailed check,DSL,No,No
6892-EZDTG,Yes,1,0.7268850917436686,Yes,High Risk,91.65,91.65,4,Month-to-month,Electronic check,Fiber optic,No,No
5117-IFGPS,No,0,0.5517123836810122,Yes,Medium Risk,84.3,0.0,29,Month-to-month,Electronic check,Fiber optic,No,No
7379-FNIUJ,No,0,0.5919592661323774,Yes,Medium Risk,100.2,0.0,2,Month-to-month,Electronic check,Fiber optic,No,Yes
1627-AFWVJ,No,0,0.022188061443804846,No,Low Risk,19.4,0.0,29,Two year,Mailed check,No,No internet service,No internet service
9725-SCPZG,Yes,1,0.8512171004925838,Yes,High Risk,90.85,90.85,1,Month-to-month,Electronic check,Fiber optic,No,No
5884-GCYMI,Yes,1,0.7024547306130401,Yes,High Risk,69.4,69.4,1,Month-to-month,Mailed check,Fiber optic,No,No
3217-FZDMN,Yes,1,0.6519444244632576,Yes,High Risk,94.45,94.45,8,Month-to-month,Credit card (automatic),Fiber optic,No,No
4486-EFAEB,No,0,0.16280405278141288,No,Low Risk,20.4,0.0,13,Month-to-month,Electronic check,No,No internet service,No internet service
0060-FUALY,No,0,0.30756936309136224,No,Medium Risk,94.75,0.0,59,Month-to-month,Electronic check,Fiber optic,No,Yes
7853-GVUDZ,Yes,1,0.3395736856261488,No,Medium Risk,20.15,0.0,1,Month-to-month,Credit card (automatic),No,No internet service,No internet service
7480-QNVZJ,Yes,1,0.5234278608785476,Yes,Medium Risk,95.7,0.0,50,Month-to-month,Electronic check,Fiber optic,No,No
6954-OOYZZ,No,0,0.19479227434576415,No,Low Risk,44.35,0.0,18,Month-to-month,Bank transfer (automatic),DSL,No,No
7088-FBAWU,No,0,0.13601491066577884,No,Low Risk,74.55,0.0,17,Month-to-month,Mailed check,DSL,No,Yes
8313-AFGBW,No,0,0.06634903658065713,No,Low Risk,73.6,0.0,47,Two year,Electronic check,DSL,No,No
3943-KDREE,Yes,1,0.3626976914018141,No,Medium Risk,74.95,0.0,26,Month-to-month,Bank transfer (automatic),Fiber optic,No,No
9239-ZBZZV,Yes,1,0.5235118799432099,Yes,Medium Risk,47.95,0.0,6,Month-to-month,Electronic check,DSL,No,No
3097-IDVPU,No,0,0.18149513479711368,No,Low Risk,50.1,0.0,19,Month-to-month,Credit card (automatic),DSL,No,No
4398-HSCJH,Yes,1,0.4816143473895626,No,Medium Risk,63.6,0.0,3,Month-to-month,Electronic check,DSL,Yes,No
2197-OMWGI,No,0,0.08237765091246081,No,Low Risk,53.0,0.0,68,Two year,Electronic check,DSL,No,No
2303-PJYHN,No,0,0.1794584042671467,No,Low Risk,19.85,0.0,2,Month-to-month,Bank transfer (automatic),No,No internet service,No internet service
9795-VOWON,No,0,0.20510133525789956,No,Low Risk,24.35,0.0,7,One year,Credit card (automatic),DSL,No,No
1237-WIYYZ,No,0,0.09357514076029,No,Low Risk,19.55,0.0,18,Month-to-month,Mailed check,No,No internet service,No internet service
1987-AUELQ,No,0,0.02038926741407629,No,Low Risk,25.05,0.0,71,Two year,Credit card (automatic),No,No internet service,No internet service
7852-LECYP,No,0,0.43169953208004874,No,Medium Risk,93.8,0.0,13,Month-to-month,Credit card (automatic),Fiber optic,No,Yes
4430-UZIPO,Yes,1,0.37061869716815304,No,Medium Risk,36.85,0.0,3,Month-to-month,Mailed check,DSL,Yes,No
4822-LPTYJ,No,0,0.10278242858388585,No,Low Risk,103.75,0.0,72,Two year,Bank transfer (automatic),Fiber optic,No,No
8165-CBKXO,No,0,0.05630615125381515,No,Low Risk,56.75,0.0,66,Two year,Credit card (automatic),DSL,No,No
6527-PZFPV,No,0,0.04856011862370782,No,Low Risk,20.8,0.0,24,One year,Credit card (automatic),No,No internet service,No internet service
4855-SNKMY,Yes,1,0.647369152282393,Yes,High Risk,44.1,44.1,1,Month-to-month,Electronic check,DSL,No,No
9593-CVZKR,No,0,0.025599843469399784,No,Low Risk,24.45,0.0,56,Two year,Mailed check,No,No internet service,No internet service
8595-SIZNC,No,0,0.06242023480571088,No,Low Risk,25.6,0.0,22,One year,Bank transfer (automatic),No,No internet service,No internet service
8008-HAWED,Yes,1,0.45299848570083806,No,Medium Risk,50.75,0.0,14,Month-to-month,Electronic check,DSL,No,No
7124-UGSUR,Yes,1,0.19507061710921877,No,Low Risk,104.4,0.0,61,One year,Credit card (automatic),Fiber optic,No,No
1862-SKORY,Yes,1,0.3204671115959876,No,Medium Risk,39.3,0.0,40,Month-to-month,Electronic check,DSL,No,No
5236-XMZJY,No,0,0.0938845027905196,No,Low Risk,59.65,0.0,42,Month-to-month,Bank transfer (automatic),DSL,No,Yes
4827-DPADN,No,0,0.029218608392106334,No,Low Risk,83.3,0.0,72,Two year,Bank transfer (automatic),DSL,Yes,Yes
2694-CIUMO,No,0,0.47127479831222596,No,Medium Risk,79.55,0.0,12,Month-to-month,Credit card (automatic),Fiber optic,Yes,No
5846-ABOBJ,No,0,0.02038926741407629,No,Low Risk,24.45,0.0,71,Two year,Bank transfer (automatic),No,No internet service,No internet service
1439-LCGVL,No,0,0.03713218255245417,No,Low Risk,19.2,0.0,26,One year,Mailed check,No,No internet service,No internet service
0909-SDHNU,No,0,0.18871668572601205,No,Low Risk,29.8,0.0,7,Month-to-month,Mailed check,DSL,No,Yes
4647-XXZAM,No,0,0.26340687927611256,No,Low Risk,45.5,0.0,6,Month-to-month,Mailed check,DSL,No,No
1502-XFCVR,Yes,1,0.21723193840547106,No,Low Risk,106.45,0.0,58,One year,Electronic check,Fiber optic,No,Yes
7740-KKCXF,No,0,0.17560275007746756,No,Low Risk,30.05,0.0,51,Month-to-month,Credit card (automatic),DSL,No,No
5360-XGYAZ,No,0,0.025521445337405805,No,Low Risk,65.65,0.0,72,Two year,Bank transfer (automatic),DSL,Yes,Yes
9692-TUSXH,Yes,1,0.5132458485220714,Yes,Medium Risk,96.05,0.0,18,Month-to-month,Electronic check,Fiber optic,No,Yes
7912-SYRQT,Yes,1,0.5812453135265712,Yes,Medium Risk,75.1,0.0,7,Month-to-month,Bank transfer (automatic),Fiber optic,No,No
3557-HTYWR,No,0,0.02914036512850984,No,Low Risk,74.05,0.0,47,Two year,Mailed check,DSL,Yes,Yes
4816-JBHOV,Yes,1,0.6084503529025584,Yes,High Risk,44.7,44.7,2,Month-to-month,Electronic check,DSL,No,No
8920-NAVAY,No,0,0.16526854023278287,No,Low Risk,110.75,0.0,62,One year,Bank transfer (automatic),Fiber optic,Yes,No
1699-TLDLZ,No,0,0.02984325288295144,No,Low Risk,19.7,0.0,16,Two year,Mailed check,No,No internet service,No internet service
5600-PDUJF,No,0,0.2403865487916816,No,Low Risk,49.5,0.0,6,Month-to-month,Credit card (automatic),DSL,Yes,No
8292-TYSPY,Yes,1,0.1473194845383418,No,Low Risk,55.0,0.0,19,Month-to-month,Credit card (automatic),DSL,Yes,No
0567-XRHCU,No,0,0.04375367254306294,No,Low Risk,43.95,0.0,69,Two year,Credit card (automatic),DSL,No,Yes
1867-BDVFH,Yes,1,0.6038907661491248,Yes,High Risk,74.35,74.35,11,Month-to-month,Electronic check,Fiber optic,No,No
2067-QYTCF,No,0,0.402780254891361,No,Medium Risk,111.15,0.0,64,Month-to-month,Electronic check,Fiber optic,Yes,No
2359-QWQUL,Yes,1,0.17071999736627355,No,Low Risk,104.7,0.0,39,One year,Credit card (automatic),Fiber optic,Yes,Yes
9103-TCIHJ,Yes,1,0.2144258318460506,No,Low Risk,55.7,0.0,15,Month-to-month,Mailed check,DSL,No,Yes
7407-SUJIZ,No,0,0.07391205402699334,No,Low Risk,20.6,0.0,25,Month-to-month,Mailed check,No,No internet service,No internet service
9150-KPBJQ,No,0,0.034800823540453676,No,Low Risk,19.65,0.0,6,Two year,Credit card (automatic),No,No internet service,No internet service
0052-DCKON,No,0,0.2035568026159197,No,Low Risk,115.8,0.0,66,One year,Bank transfer (automatic),Fiber optic,Yes,Yes
3654-ARMGP,No,0,0.03990953212652176,No,Low Risk,88.65,0.0,61,Two year,Credit card (automatic),DSL,Yes,No
9699-UBQFS,No,0,0.4116157031507186,No,Medium Risk,94.5,0.0,43,Month-to-month,Electronic check,Fiber optic,No,Yes
9367-TCUYN,No,0,0.09930474927834759,No,Low Risk,20.1,0.0,12,Month-to-month,Mailed check,No,No internet service,No internet service
1261-FWTTE,No,0,0.3066095855882681,No,Medium Risk,34.65,0.0,23,Month-to-month,Bank transfer (automatic),DSL,No,No
3528-HFRIQ,No,0,0.17584672460775314,No,Low Risk,52.3,0.0,71,Month-to-month,Bank transfer (automatic),DSL,No,No
0708-SJDIS,No,0,0.14552115044982922,No,Low Risk,65.0,0.0,34,Month-to-month,Mailed check,DSL,Yes,No
4140-WJAWW,Yes,1,0.14575567919699448,No,Low Risk,19.85,0.0,5,Month-to-month,Credit card (automatic),No,No internet service,No internet service
2073-QBVBI,No,0,0.05862049545044154,No,Low Risk,35.45,0.0,41,One year,Mailed check,DSL,Yes,No
6928-ONTRW,No,0,0.018159855412516312,No,Low Risk,19.7,0.0,72,Two year,Credit card (automatic),No,No internet service,No internet service
3320-VEOYC,No,0,0.7311299335956324,Yes,High Risk,95.6,95.6,14,Month-to-month,Electronic check,Fiber optic,No,No
5231-FIQPA,No,0,0.02740674878396731,No,Low Risk,19.85,0.0,41,Two year,Mailed check,No,No internet service,No internet service
6617-WLBQC,No,0,0.1079839872321259,No,Low Risk,81.85,0.0,23,One year,Credit card (automatic),Fiber optic,No,Yes
2599-CIPQE,No,0,0.05546746208216369,No,Low Risk,109.3,0.0,71,Two year,Credit card (automatic),Fiber optic,Yes,Yes
6653-CBBOM,Yes,1,0.804979670889202,Yes,High Risk,70.3,70.3,1,Month-to-month,Electronic check,Fiber optic,No,No
8774-GSBUN,No,0,0.02038926741407629,No,Low Risk,25.4,0.0,72,Two year,Mailed check,No,No internet service,No internet service
7326-RIGQZ,No,0,0.6068137248580598,Yes,High Risk,69.8,69.8,6,Month-to-month,Electronic check,Fiber optic,No,No
1401-FTHFQ,No,0,0.04856011862370782,No,Low Risk,20.0,0.0,23,One year,Credit card (automatic),No,No internet service,No internet service
3247-ZVOUO,Yes,1,0.6605449537401107,Yes,High Risk,85.55,85.55,10,Month-to-month,Electronic check,Fiber optic,No,No
0254-FNMCI,No,0,0.08053136380726202,No,Low Risk,109.9,0.0,72,Two year,Electronic check,Fiber optic,Yes,Yes
1848-LBZHY,No,0,0.21023731817758465,No,Low Risk,50.3,0.0,7,Month-to-month,Bank transfer (automatic),DSL,No,Yes
6101-IMRMM,Yes,1,0.5726859482134451,Yes,Medium Risk,94.5,0.0,6,Month-to-month,Mailed check,Fiber optic,No,No
8118-TJAFG,No,0,0.6446460171039741,Yes,High Risk,101.5,101.5,9,Month-to-month,Electronic check,Fiber optic,Yes,No
5429-LWCMV,No,0,0.6293080592132014,Yes,High Risk,89.15,89.15,12,Month-to-month,Electronic check,Fiber optic,No,No
7298-IZWLY,No,0,0.3643492574644425,No,Medium Risk,19.4,0.0,1,Month-to-month,Mailed check,No,No internet service,No internet service
9758-MFWGD,No,0,0.08543911243390954,No,Low Risk,29.9,0.0,48,One year,Bank transfer (automatic),DSL,No,No
3955-JBZZM,No,0,0.40716659054338383,No,Medium Risk,78.8,0.0,20,Month-to-month,Electronic check,Fiber optic,No,No
1268-ASBGA,Yes,1,0.6112261551440844,Yes,High Risk,85.35,85.35,16,Month-to-month,Credit card (automatic),Fiber optic,No,No
8943-URTMR,Yes,1,0.6781866163148315,Yes,High Risk,79.65,79.65,2,Month-to-month,Mailed check,Fiber optic,No,No
4815-TUMEQ,No,0,0.06776162124440625,No,Low Risk,19.3,0.0,10,One year,Mailed check,No,No internet service,No internet service
4713-LZDRV,Yes,1,0.7540436667946472,Yes,High Risk,79.6,79.6,2,Month-to-month,Electronic check,Fiber optic,No,No
9909-IDLEK,No,0,0.3297939241900199,No,Medium Risk,96.8,0.0,20,Month-to-month,Mailed check,Fiber optic,Yes,No
4092-OFQZS,No,0,0.041281181191654276,No,Low Risk,20.65,0.0,20,One year,Mailed check,No,No internet service,No internet service
1561-BWHIN,No,0,0.04105469349653117,No,Low Risk,19.8,0.0,19,One year,Mailed check,No,No internet service,No internet service
4325-NFSKC,Yes,1,0.5042447371527419,Yes,Medium Risk,90.6,0.0,19,Month-to-month,Electronic check,Fiber optic,No,Yes
9927-DSWDF,No,0,0.48219552463142235,No,Medium Risk,104.6,0.0,22,Month-to-month,Electronic check,Fiber optic,Yes,Yes
9500-LTVBP,No,0,0.25814473057764187,No,Low Risk,80.05,0.0,35,Month-to-month,Credit card (automatic),Fiber optic,Yes,No
7252-NTGSS,No,0,0.512196654971884,Yes,Medium Risk,45.15,0.0,1,Month-to-month,Mailed check,DSL,No,No
8149-AIQCG,No,0,0.36982463469547006,No,Medium Risk,73.15,0.0,39,Month-to-month,Credit card (automatic),Fiber optic,No,No
1360-JYXKQ,No,0,0.22843790407470352,No,Low Risk,99.1,0.0,54,One year,Electronic check,Fiber optic,Yes,No
2955-PSXOE,Yes,1,0.3643492574644425,No,Medium Risk,20.2,0.0,1,Month-to-month,Bank transfer (automatic),No,No internet service,No internet service
7762-URZQH,Yes,1,0.09991774127414849,No,Low Risk,106.05,0.0,66,Two year,Credit card (automatic),Fiber optic,No,Yes
0899-WZRSD,No,0,0.2818788862050611,No,Low Risk,105.35,0.0,56,Month-to-month,Mailed check,Fiber optic,Yes,Yes
3255-GRXMG,No,0,0.19005879540911422,No,Low Risk,45.65,0.0,18,Month-to-month,Credit card (automatic),DSL,No,No
4828-FAZPK,No,0,0.46807540380396834,No,Medium Risk,79.95,0.0,16,Month-to-month,Credit card (automatic),Fiber optic,No,No
6094-ZIVKX,No,0,0.05407819144023196,No,Low Risk,54.45,0.0,68,One year,Credit card (automatic),DSL,No,Yes
6925-BAYGL,No,0,0.03231114480585156,No,Low Risk,25.1,0.0,53,Two year,Credit card (automatic),No,No internet service,No internet service
3262-EIDHV,No,0,0.02931426536569724,No,Low Risk,84.7,0.0,72,Two year,Credit card (automatic),DSL,Yes,Yes
7354-OIJLX,No,0,0.6454339158123362,Yes,High Risk,75.85,75.85,9,Month-to-month,Electronic check,Fiber optic,No,No
1376-HHBDV,No,0,0.12673542740268134,No,Low Risk,48.8,0.0,30,Month-to-month,Mailed check,DSL,No,Yes
6907-NZZIJ,Yes,1,0.5584674136000028,Yes,Medium Risk,99.15,0.0,36,Month-to-month,Electronic check,Fiber optic,No,No
6133-OZILE,No,0,0.2726114472693556,No,Low Risk,35.2,0.0,18,Month-to-month,Electronic check,DSL,Yes,No
4135-FRWKJ,No,0,0.08772645004641935,No,Low Risk,76.25,0.0,55,One year,Electronic check,DSL,Yes,Yes
2911-UREFD,Yes,1,0.20693317266137715,No,Low Risk,55.9,0.0,39,Month-to-month,Electronic check,DSL,No,Yes
3744-ZRRDZ,Yes,1,0.50341886026111,Yes,Medium Risk,82.35,0.0,21,Month-to-month,Electronic check,Fiber optic,No,No
5673-TIYIB,Yes,1,0.39262393669891266,No,Medium Risk,40.4,0.0,2,Month-to-month,Credit card (automatic),DSL,Yes,No
6551-ZCOTS,No,0,0.06690721851044355,No,Low Risk,24.9,0.0,33,One year,Bank transfer (automatic),No,No internet service,No internet service
7191-ADRGF,No,0,0.059928001523989645,No,Low Risk,54.3,0.0,44,Two year,Bank transfer (automatic),DSL,No,No
5018-LXQQG,No,0,0.0840589618720105,No,Low Risk,66.3,0.0,30,Month-to-month,Bank transfer (automatic),DSL,Yes,Yes
6892-BOGQE,No,0,0.019071348129531648,No,Low Risk,20.9,0.0,71,Two year,Bank transfer (automatic),No,No internet service,No internet service
1602-IJQQE,Yes,1,0.6285838554687767,Yes,High Risk,75.35,75.35,4,Month-to-month,Electronic check,Fiber optic,No,No
4628-WQCQQ,Yes,1,0.20514143654528066,No,Low Risk,85.15,0.0,35,One year,Electronic check,Fiber optic,No,No
1746-TGTWV,No,0,0.6858563791271575,Yes,High Risk,75.35,75.35,1,Month-to-month,Credit card (automatic),Fiber optic,No,No
5995-SNNEW,No,0,0.6690362451729494,Yes,High Risk,104.45,104.45,23,Month-to-month,Electronic check,Fiber optic,No,No
8050-WYBND,No,0,0.1488110432754547,No,Low Risk,49.45,0.0,22,One year,Credit card (automatic),DSL,No,No
2821-WARNZ,No,0,0.03692758139743251,No,Low Risk,19.45,0.0,49,One year,Credit card (automatic),No,No internet service,No internet service
4879-GZLFH,No,0,0.43477955079415026,No,Medium Risk,92.15,0.0,42,Month-to-month,Electronic check,Fiber optic,No,No
1644-IRKSF,Yes,1,0.259225324520494,No,Low Risk,93.8,0.0,33,One year,Electronic check,Fiber optic,No,No
8314-HTWVE,No,0,0.034608606625352194,No,Low Risk,19.85,0.0,7,Two year,Mailed check,No,No internet service,No internet service
9402-ROUMJ,No,0,0.1151342151694272,No,Low Risk,100.25,0.0,67,One year,Bank transfer (automatic),Fiber optic,Yes,Yes
2507-QZPQS,No,0,0.49389787002805247,No,Medium Risk,95.7,0.0,15,Month-to-month,Electronic check,Fiber optic,Yes,No
7159-NOKYQ,No,0,0.0945471075401465,No,Low Risk,93.15,0.0,67,Two year,Electronic check,Fiber optic,No,No
5707-ZMDJP,No,0,0.02675892962568316,No,Low Risk,69.7,0.0,53,Two year,Mailed check,DSL,Yes,Yes
8779-YIQQA,No,0,0.04105469349653117,No,Low Risk,19.8,0.0,21,One year,Mailed check,No,No internet service,No internet service
7136-IHZJA,No,0,0.09729456136711406,No,Low Risk,71.35,0.0,40,Month-to-month,Mailed check,DSL,Yes,Yes
8966-OIQHG,No,0,0.04105469349653117,No,Low Risk,20.75,0.0,22,One year,Bank transfer (automatic),No,No internet service,No internet service
7074-STDCN,No,0,0.2446440454251575,No,Low Risk,40.6,0.0,39,Month-to-month,Electronic check,DSL,Yes,No
3705-PSNGL,Yes,1,0.057696899488244885,No,Low Risk,20.4,0.0,45,One year,Electronic check,No,No internet service,No internet service
8739-QOTTN,No,0,0.1794584042671467,No,Low Risk,20.35,0.0,2,Month-to-month,Mailed check,No,No internet service,No internet service
1399-OUPJN,No,0,0.021530871166499266,No,Low Risk,19.75,0.0,57,Two year,Bank transfer (automatic),No,No internet service,No internet service
0277-BKSQP,No,0,0.39252344769759334,No,Medium Risk,54.4,0.0,8,Month-to-month,Electronic check,DSL,No,No
6502-HCJTI,Yes,1,0.5349914472242271,Yes,Medium Risk,94.7,0.0,7,Month-to-month,Credit card (automatic),Fiber optic,No,Yes
2606-RMDHZ,Yes,1,0.34594047855219745,No,Medium Risk,30.5,0.0,6,Month-to-month,Credit card (automatic),DSL,No,No
5774-XZTQC,No,0,0.10294752311383841,No,Low Risk,20.45,0.0,7,Month-to-month,Mailed check,No,No internet service,No internet service
2676-SSLTO,No,0,0.048559261278071524,No,Low Risk,66.15,0.0,49,Two year,Bank transfer (automatic),DSL,Yes,No
6266-QHOJZ,No,0,0.08262599924958947,No,Low Risk,89.85,0.0,65,One year,Electronic check,Fiber optic,Yes,Yes
7269-JISCY,No,0,0.06828171258447376,No,Low Risk,45.05,0.0,55,One year,Bank transfer (automatic),DSL,No,No
0363-SVHYR,No,0,0.02607968312218924,No,Low Risk,86.85,0.0,71,Two year,Bank transfer (automatic),DSL,Yes,Yes
8547-NSBBO,No,0,0.24340629292332427,No,Low Risk,96.75,0.0,35,Month-to-month,Mailed check,Fiber optic,Yes,Yes
8258-GSTJK,Yes,1,0.7420310654248509,Yes,High Risk,77.0,77.0,3,Month-to-month,Electronic check,Fiber optic,No,No
6861-OKBCE,Yes,1,0.09879272168175501,No,Low Risk,20.1,0.0,11,Month-to-month,Credit card (automatic),No,No internet service,No internet service
9940-RHLFB,Yes,1,0.7343580511959091,Yes,High Risk,75.3,75.3,1,Month-to-month,Electronic check,Fiber optic,No,No
6591-QGOYB,No,0,0.43317990199944495,No,Medium Risk,106.65,0.0,17,Month-to-month,Bank transfer (automatic),Fiber optic,Yes,Yes
9070-BCKQP,No,0,0.04703260554790716,No,Low Risk,110.15,0.0,72,Two year,Credit card (automatic),Fiber optic,Yes,Yes
6421-SZVEM,No,0,0.12055509329865512,No,Low Risk,82.85,0.0,28,One year,Bank transfer (automatic),Fiber optic,No,Yes
1328-EUZHC,No,0,0.024710116960603334,No,Low Risk,20.1,0.0,18,Two year,Mailed check,No,No internet service,No internet service
2995-UPRYS,Yes,1,0.21082266145595868,No,Low Risk,99.2,0.0,40,One year,Credit card (automatic),Fiber optic,Yes,No
8878-RYUKI,No,0,0.24427248972295318,No,Low Risk,59.45,0.0,52,Month-to-month,Electronic check,DSL,No,No
9633-DENPU,No,0,0.16916524956857454,No,Low Risk,58.6,0.0,47,Month-to-month,Bank transfer (automatic),DSL,No,No
7811-JIVPF,No,0,0.14979282897624027,No,Low Risk,49.7,0.0,23,Month-to-month,Credit card (automatic),DSL,No,No
7113-HIPFI,No,0,0.021630999868510754,No,Low Risk,65.85,0.0,66,Two year,Mailed check,DSL,Yes,Yes
8541-QVFKM,No,0,0.641109881456416,Yes,High Risk,73.5,73.5,8,Month-to-month,Electronic check,Fiber optic,No,No
6686-YPGHK,Yes,1,0.23297454711361368,No,Low Risk,85.5,0.0,47,Month-to-month,Mailed check,Fiber optic,No,Yes
1383-EZRWL,Yes,1,0.10347861186483555,No,Low Risk,20.05,0.0,7,Month-to-month,Mailed check,No,No internet service,No internet service
9258-CNWAC,No,0,0.043444456526497026,No,Low Risk,113.65,0.0,71,Two year,Credit card (automatic),Fiber optic,Yes,Yes
5371-VYLSX,No,0,0.3153292769078943,No,Medium Risk,83.4,0.0,50,Month-to-month,Electronic check,Fiber optic,No,Yes
6374-AFWOX,No,0,0.023493249489175482,No,Low Risk,65.65,0.0,46,Two year,Mailed check,DSL,Yes,Yes
4759-TRPLW,Yes,1,0.7343580511959091,Yes,High Risk,70.4,70.4,1,Month-to-month,Electronic check,Fiber optic,No,No
5317-FLPJF,No,0,0.0342090494423566,No,Low Risk,61.35,0.0,66,Two year,Bank transfer (automatic),DSL,Yes,Yes
7621-VPNET,No,0,0.2758801816018219,No,Low Risk,85.9,0.0,42,Month-to-month,Credit card (automatic),Fiber optic,Yes,No
6034-YMTOB,No,0,0.5285472908523868,Yes,Medium Risk,75.65,0.0,5,Month-to-month,Mailed check,Fiber optic,Yes,No
8563-IIOXK,Yes,1,0.14996253989982886,No,Low Risk,49.75,0.0,7,One year,Electronic check,DSL,No,Yes
4903-CNOZC,No,0,0.0836843656398747,No,Low Risk,70.9,0.0,29,One year,Credit card (automatic),DSL,No,No
4353-HYOJD,No,0,0.12325688778926132,No,Low Risk,49.85,0.0,27,Month-to-month,Mailed check,DSL,No,No
8020-BWHYL,Yes,1,0.4703942078012738,No,Medium Risk,75.3,0.0,15,Month-to-month,Credit card (automatic),Fiber optic,No,No
7267-FRMJW,No,0,0.024189086290159246,No,Low Risk,20.1,0.0,25,Two year,Mailed check,No,No internet service,No internet service
2982-VPSGI,Yes,1,0.7098489689860442,Yes,High Risk,94.0,94.0,11,Month-to-month,Electronic check,Fiber optic,No,No
4188-FRABG,No,0,0.3291932312700278,No,Medium Risk,103.05,0.0,57,Month-to-month,Electronic check,Fiber optic,Yes,Yes
8199-ZLLSA,Yes,1,0.16674490465646338,No,Low Risk,118.35,0.0,67,One year,Bank transfer (automatic),Fiber optic,Yes,Yes
4128-ETESU,No,0,0.5030653987747967,Yes,Medium Risk,99.7,0.0,47,Month-to-month,Electronic check,Fiber optic,No,No
0620-DLSLK,No,0,0.5075719694074697,Yes,Medium Risk,81.9,0.0,13,Month-to-month,Mailed check,Fiber optic,No,No
4625-EWPTF,Yes,1,0.32232373806784365,No,Medium Risk,30.45,0.0,8,Month-to-month,Electronic check,DSL,No,Yes
5980-NOPLP,Yes,1,0.5228592678585384,Yes,Medium Risk,96.1,0.0,44,Month-to-month,Electronic check,Fiber optic,No,No
3850-OKINF,No,0,0.09160965472627101,No,Low Risk,66.2,0.0,71,One year,Electronic check,DSL,No,Yes
6892-XPFPU,Yes,1,0.6690362451729494,Yes,High Risk,104.25,104.25,24,Month-to-month,Electronic check,Fiber optic,No,No
8010-EZLOU,Yes,1,0.6313724324922935,Yes,High Risk,80.2,80.2,15,Month-to-month,Electronic check,Fiber optic,No,No
1156-ZFYDO,No,0,0.3327967081322716,No,Medium Risk,19.75,0.0,1,Month-to-month,Electronic check,No,No internet service,No internet service
3295-YVUSR,No,0,0.7169298181260949,Yes,High Risk,72.6,72.6,2,Month-to-month,Mailed check,Fiber optic,No,No
8016-NCFVO,No,0,0.3801289133275284,No,Medium Risk,116.5,0.0,55,Month-to-month,Electronic check,Fiber optic,Yes,Yes
4119-ZYPZY,No,0,0.10937788704014156,No,Low Risk,106.8,0.0,71,Two year,Electronic check,Fiber optic,Yes,No
5549-ZGHFB,No,0,0.025140281571952163,No,Low Risk,24.95,0.0,50,Two year,Mailed check,No,No internet service,No internet service
7577-SWIFR,No,0,0.8550338314190217,Yes,High Risk,89.25,89.25,1,Month-to-month,Electronic check,Fiber optic,No,No
0303-WMMRN,No,0,0.17842673298966455,No,Low Risk,19.25,0.0,5,Month-to-month,Mailed check,No,No internet service,No internet service
6408-OTUBZ,No,0,0.11962483178499768,No,Low Risk,104.55,0.0,66,One year,Bank transfer (automatic),Fiber optic,Yes,Yes
5204-HMGYF,No,0,0.05536694714344998,No,Low Risk,87.2,0.0,49,One year,Mailed check,DSL,Yes,Yes
1078-TDCRN,No,0,0.5958855875769187,Yes,Medium Risk,30.75,0.0,3,Month-to-month,Electronic check,DSL,No,No
3727-OVPRY,No,0,0.04087649116674171,No,Low Risk,25.7,0.0,66,One year,Credit card (automatic),No,No internet service,No internet service
3797-FKOGQ,No,0,0.5798931674547794,Yes,Medium Risk,86.2,0.0,11,Month-to-month,Electronic check,Fiber optic,No,No
7622-NXQZR,No,0,0.16290515761374574,No,Low Risk,30.1,0.0,28,Month-to-month,Credit card (automatic),DSL,Yes,No
6196-HBOBZ,No,0,0.11740169647124508,No,Low Risk,99.35,0.0,65,Two year,Electronic check,Fiber optic,No,Yes
3970-XGJDU,No,0,0.021757854686503122,No,Low Risk,19.2,0.0,62,Two year,Credit card (automatic),No,No internet service,No internet service
7017-VFULY,No,0,0.1794584042671467,No,Low Risk,20.1,0.0,2,Month-to-month,Bank transfer (automatic),No,No internet service,No internet service
5562-YJQGT,No,0,0.19124710041482818,No,Low Risk,20.35,0.0,2,Month-to-month,Credit card (automatic),No,No internet service,No internet service
8807-OPMBM,No,0,0.025599843469399784,No,Low Risk,25.65,0.0,55,Two year,Credit card (automatic),No,No internet service,No internet service
5439-WIKXB,No,0,0.4674187704708462,No,Medium Risk,94.55,0.0,41,Month-to-month,Electronic check,Fiber optic,No,No
9874-QLCLH,Yes,1,0.6532779345984516,Yes,High Risk,104.2,104.2,17,Month-to-month,Electronic check,Fiber optic,No,Yes
8294-UIMBA,No,0,0.18380980089585208,No,Low Risk,94.4,0.0,30,One year,Bank transfer (automatic),Fiber optic,Yes,No
8109-YUOHE,No,0,0.05920889445244141,No,Low Risk,56.1,0.0,17,One year,Mailed check,DSL,No,Yes
5840-NVDCG,No,0,0.03172753132048446,No,Low Risk,68.25,0.0,16,Two year,Bank transfer (automatic),DSL,Yes,Yes
8092-NLTGF,No,0,0.02038926741407629,No,Low Risk,24.75,0.0,72,Two year,Bank transfer (automatic),No,No internet service,No internet service
5928-QLDHB,No,0,0.6454339158123362,Yes,High Risk,76.25,76.25,9,Month-to-month,Electronic check,Fiber optic,No,No
9840-EFJQB,No,0,0.6936012280504453,Yes,High Risk,74.35,74.35,1,Month-to-month,Electronic check,Fiber optic,No,No
0696-UKTOX,No,0,0.136531084771447,No,Low Risk,54.15,0.0,23,Month-to-month,Electronic check,DSL,Yes,No
4801-KFYKL,No,0,0.0993172638344018,No,Low Risk,19.45,0.0,8,Month-to-month,Bank transfer (automatic),No,No internet service,No internet service
3472-OAOOR,No,0,0.15120439316946382,No,Low Risk,34.95,0.0,19,Month-to-month,Mailed check,DSL,No,Yes
6135-OZQVA,No,0,0.32176464946404293,No,Medium Risk,53.65,0.0,7,Month-to-month,Electronic check,DSL,No,Yes
8062-YBDOE,Yes,1,0.8338856621320575,Yes,High Risk,69.65,69.65,1,Month-to-month,Electronic check,Fiber optic,No,No
2252-JHJGE,No,0,0.21157266220607512,No,Low Risk,104.0,0.0,61,One year,Electronic check,Fiber optic,No,Yes
4188-PCPIG,No,0,0.026901516243598964,No,Low Risk,70.35,0.0,57,Two year,Credit card (automatic),DSL,Yes,Yes
6000-APYLU,Yes,1,0.6311084047841645,Yes,High Risk,80.8,80.8,9,Month-to-month,Electronic check,Fiber optic,No,No
7105-BENQF,No,0,0.08628246264506194,No,Low Risk,64.85,0.0,15,One year,Mailed check,DSL,No,Yes
7721-DVEKZ,No,0,0.29872100466145696,No,Low Risk,19.65,0.0,1,Month-to-month,Mailed check,No,No internet service,No internet service
3566-VVORZ,No,0,0.21327812909752014,No,Low Risk,45.9,0.0,12,Month-to-month,Bank transfer (automatic),DSL,No,No
9507-HSMMZ,No,0,0.022188061443804846,No,Low Risk,20.0,0.0,54,Two year,Mailed check,No,No internet service,No internet service
2480-SQIOB,No,0,0.3660070816531563,No,Medium Risk,44.8,0.0,4,Month-to-month,Electronic check,DSL,No,No
0947-IDHRQ,Yes,1,0.5809196370179368,Yes,Medium Risk,80.3,0.0,7,Month-to-month,Mailed check,Fiber optic,No,No
7813-TKCVO,No,0,0.041281181191654276,No,Low Risk,20.35,0.0,20,One year,Mailed check,No,No internet service,No internet service
0128-MKWSG,No,0,0.10145863910123332,No,Low Risk,45.8,0.0,26,Month-to-month,Mailed check,DSL,Yes,Yes
3672-YITQD,Yes,1,0.5517123836810122,Yes,Medium Risk,84.1,0.0,36,Month-to-month,Electronic check,Fiber optic,No,No
4350-ZTLPI,No,0,0.1955314359237525,No,Low Risk,108.95,0.0,53,One year,Bank transfer (automatic),Fiber optic,Yes,No
9048-JVYVF,Yes,1,0.44832130272153553,No,Medium Risk,69.35,0.0,3,Month-to-month,Electronic check,DSL,Yes,No
0361-HJRDX,No,0,0.029827056963995832,No,Low Risk,64.35,0.0,68,Two year,Credit card (automatic),DSL,Yes,Yes
5727-MYATE,No,0,0.025994298435742698,No,Low Risk,90.8,0.0,72,Two year,Credit card (automatic),DSL,Yes,Yes
3823-KYNQY,No,0,0.06568235552816058,No,Low Risk,24.95,0.0,12,One year,Credit card (automatic),No,No internet service,No internet service
8988-ECPJR,Yes,1,0.398610345679605,No,Medium Risk,79.6,0.0,34,Month-to-month,Mailed check,Fiber optic,No,No
7570-WELNY,No,0,0.04484687250171448,No,Low Risk,84.7,0.0,68,Two year,Bank transfer (automatic),Fiber optic,No,Yes
3021-VLNRJ,No,0,0.05075033133095529,No,Low Risk,70.8,0.0,50,One year,Credit card (automatic),DSL,Yes,Yes
3776-EKTKM,Yes,1,0.8072779706903468,Yes,High Risk,36.45,36.45,1,Month-to-month,Electronic check,DSL,No,No
2080-CAZNM,No,0,0.598773367092027,Yes,Medium Risk,104.4,0.0,41,Month-to-month,Electronic check,Fiber optic,No,No
1028-FFNJK,No,0,0.5808144782107432,Yes,Medium Risk,101.5,0.0,30,Month-to-month,Electronic check,Fiber optic,Yes,No
6907-FLBER,No,0,0.5823079871125395,Yes,Medium Risk,54.3,0.0,1,Month-to-month,Electronic check,DSL,No,No
3001-UNBTL,No,0,0.6405509534103752,Yes,High Risk,103.95,103.95,29,Month-to-month,Electronic check,Fiber optic,No,No
5982-PSMKW,No,0,0.04245302406874103,No,Low Risk,91.1,0.0,23,Two year,Credit card (automatic),DSL,Yes,Yes
3507-GASNP,No,0,0.020720675767412843,No,Low Risk,19.95,0.0,60,Two year,Mailed check,No,No internet service,No internet service
7096-ZNBZI,No,0,0.02038926741407629,No,Low Risk,26.45,0.0,72,Two year,Credit card (automatic),No,No internet service,No internet service
1902-XBTFB,Yes,1,0.47194126099061506,No,Medium Risk,89.4,0.0,22,Month-to-month,Electronic check,Fiber optic,No,No
1676-MQAOA,No,0,0.02212514648286149,No,Low Risk,75.1,0.0,72,Two year,Bank transfer (automatic),DSL,Yes,Yes
0786-IVLAW,No,0,0.18577116503058128,No,Low Risk,108.1,0.0,66,One year,Bank transfer (automatic),Fiber optic,No,No
7566-DSRLQ,No,0,0.08300661033689898,No,Low Risk,110.15,0.0,72,Two year,Electronic check,Fiber optic,Yes,No
0643-OKLRP,Yes,1,0.30080880324417547,No,Medium Risk,80.35,0.0,47,Month-to-month,Electronic check,Fiber optic,No,Yes
7245-JMTTQ,No,0,0.26701577458449766,No,Low Risk,111.5,0.0,51,One year,Electronic check,Fiber optic,Yes,No
6050-IJRHS,No,0,0.2609987123502871,No,Low Risk,106.5,0.0,70,One year,Electronic check,Fiber optic,No,No
6202-JVYEU,No,0,0.09150695925940686,No,Low Risk,19.9,0.0,9,One year,Electronic check,No,No internet service,No internet service
8591-TKMZH,No,0,0.07970226637560603,No,Low Risk,111.1,0.0,59,Two year,Mailed check,Fiber optic,Yes,Yes
0734-OXWBT,No,0,0.3371994078193472,No,Medium Risk,70.7,0.0,3,Month-to-month,Mailed check,DSL,Yes,No
4282-ACRXS,No,0,0.32327639276682846,No,Medium Risk,24.85,0.0,38,Month-to-month,Electronic check,DSL,No,No
0365-TRTPY,No,0,0.1944165736217801,No,Low Risk,91.2,0.0,37,Month-to-month,Bank transfer (automatic),Fiber optic,No,Yes
7349-ALMUX,No,0,0.023493249489175482,No,Low Risk,65.6,0.0,37,Two year,Bank transfer (automatic),DSL,Yes,Yes
9381-NDKME,Yes,1,0.3066095855882681,No,Medium Risk,40.65,0.0,24,Month-to-month,Credit card (automatic),DSL,No,No
6502-KUGLL,No,0,0.0941412075972654,No,Low Risk,59.45,0.0,14,Month-to-month,Bank transfer (automatic),DSL,Yes,Yes
1841-YSJGV,No,0,0.06324129330078507,No,Low Risk,109.95,0.0,72,Two year,Credit card (automatic),Fiber optic,Yes,Yes
2794-XIMMO,Yes,1,0.13497225583822026,No,Low Risk,60.45,0.0,53,One year,Electronic check,DSL,Yes,No
8382-SHQEH,Yes,1,0.7013019075133793,Yes,High Risk,84.9,84.9,8,Month-to-month,Electronic check,Fiber optic,No,No
3511-BFTJW,No,0,0.03058782436384179,No,Low Risk,38.5,0.0,72,Two year,Credit card (automatic),DSL,No,Yes
7668-XCFYV,No,0,0.6885106366147479,Yes,High Risk,92.55,92.55,17,Month-to-month,Electronic check,Fiber optic,No,No
2983-ZANRP,Yes,1,0.5781336355217191,Yes,Medium Risk,73.55,0.0,2,Month-to-month,Bank transfer (automatic),Fiber optic,No,No
7845-URHJN,Yes,1,0.0998317088961367,No,Low Risk,20.15,0.0,8,Month-to-month,Bank transfer (automatic),No,No internet service,No internet service
3034-ZBEQN,Yes,1,0.07533606466475976,No,Low Risk,34.7,0.0,48,One year,Mailed check,DSL,No,No
5018-HEKFO,No,0,0.14423666214571995,No,Low Risk,24.5,0.0,10,Month-to-month,Mailed check,No,No internet service,No internet service
2923-ARZLG,No,0,0.20054725821096311,No,Low Risk,19.7,0.0,0,One year,Mailed check,No,No internet service,No internet service
3976-NLDEZ,No,0,0.29872100466145696,No,Low Risk,20.6,0.0,1,Month-to-month,Mailed check,No,No internet service,No internet service
2282-YGNOR,No,0,0.041439449917993185,No,Low Risk,58.0,0.0,29,One year,Credit card (automatic),DSL,Yes,Yes
5336-UFNZP,No,0,0.24880265049084033,No,Low Risk,107.45,0.0,65,One year,Electronic check,Fiber optic,No,No
6854-EXGSF,No,0,0.21061538477709585,No,Low Risk,65.5,0.0,8,Month-to-month,Bank transfer (automatic),DSL,No,Yes
1241-EZFMJ,No,0,0.02325702251472386,No,Low Risk,25.45,0.0,61,Two year,Bank transfer (automatic),No,No internet service,No internet service
9233-PSYHO,No,0,0.2540961748380938,No,Low Risk,100.15,0.0,45,One year,Bank transfer (automatic),Fiber optic,No,No
5376-PCKNB,No,0,0.1657726292433842,No,Low Risk,104.45,0.0,72,One year,Credit card (automatic),Fiber optic,No,No
8044-BGWPI,No,0,0.15869469394024052,No,Low Risk,21.15,0.0,12,Month-to-month,Electronic check,No,No internet service,No internet service
4060-LDNLU,No,0,0.7055794475192466,Yes,High Risk,96.2,96.2,7,Month-to-month,Electronic check,Fiber optic,No,No
3589-PPVKW,No,0,0.2978699273522017,No,Low Risk,44.4,0.0,9,Month-to-month,Mailed check,DSL,No,No
8327-LZKAS,Yes,1,0.33965882303521333,No,Medium Risk,107.55,0.0,43,One year,Electronic check,Fiber optic,Yes,No
5887-IKKYO,No,0,0.0696363751729729,No,Low Risk,94.35,0.0,58,Two year,Bank transfer (automatic),Fiber optic,Yes,No
1075-BGWOH,Yes,1,0.7743142684779305,Yes,High Risk,98.75,98.75,16,Month-to-month,Electronic check,Fiber optic,No,No
1755-RMCXH,No,0,0.17861505164249633,No,Low Risk,20.3,0.0,2,Month-to-month,Mailed check,No,No internet service,No internet service
0302-JOIVN,Yes,1,0.6387092786376092,Yes,High Risk,101.15,101.15,8,Month-to-month,Electronic check,Fiber optic,No,No
3858-XHYJO,No,0,0.19381702195728723,No,Low Risk,105.75,0.0,40,One year,Bank transfer (automatic),Fiber optic,No,Yes
4299-SIMNS,No,0,0.5464503452464563,Yes,Medium Risk,81.15,0.0,9,Month-to-month,Electronic check,Fiber optic,No,Yes
7025-IWFHT,No,0,0.1381046000409317,No,Low Risk,89.55,0.0,41,One year,Electronic check,Fiber optic,Yes,No
6261-LHRTG,No,0,0.16040028574468473,No,Low Risk,54.75,0.0,26,Month-to-month,Credit card (automatic),DSL,No,No
7841-FCRQD,No,0,0.059847363493740965,No,Low Risk,53.75,0.0,33,One year,Credit card (automatic),DSL,Yes,No
2056-EVGZL,No,0,0.14010937953670574,No,Low Risk,105.75,0.0,68,One year,Credit card (automatic),Fiber optic,Yes,No
8777-MBMTS,No,0,0.08456894306086715,No,Low Risk,105.85,0.0,65,Two year,Credit card (automatic),Fiber optic,Yes,No
7753-USQYQ,No,0,0.08590524028294347,No,Low Risk,64.2,0.0,55,One year,Electronic check,DSL,Yes,No
5366-IJEQJ,Yes,1,0.5683191879698304,Yes,Medium Risk,88.7,0.0,20,Month-to-month,Electronic check,Fiber optic,No,No
7661-CPURM,No,0,0.1380757309243137,No,Low Risk,87.7,0.0,19,One year,Credit card (automatic),Fiber optic,Yes,No
6233-HXJMX,No,0,0.3264457809880794,No,Medium Risk,89.3,0.0,45,Month-to-month,Credit card (automatic),Fiber optic,No,No
5902-WBLSE,No,0,0.02111885409148618,No,Low Risk,20.15,0.0,70,Two year,Credit card (automatic),No,No internet service,No internet service
1981-INRFU,Yes,1,0.720529192408088,Yes,High Risk,79.75,79.75,2,Month-to-month,Electronic check,Fiber optic,No,No
4971-PUYQO,Yes,1,0.4696762789193138,No,Medium Risk,94.55,0.0,27,Month-to-month,Mailed check,Fiber optic,No,No
3239-TPHPZ,No,0,0.05595092965234503,No,Low Risk,20.05,0.0,12,Two year,Electronic check,No,No internet service,No internet service
5115-GZDEL,No,0,0.02560531765282729,No,Low Risk,67.2,0.0,72,Two year,Credit card (automatic),DSL,Yes,Yes
3338-CVVEH,No,0,0.626230983425661,Yes,High Risk,94.55,94.55,12,Month-to-month,Electronic check,Fiber optic,No,No
8485-GJCDN,Yes,1,0.6512519056172204,Yes,High Risk,69.05,69.05,5,Month-to-month,Mailed check,Fiber optic,No,No
2615-YVMYX,No,0,0.3309557425218168,No,Medium Risk,107.5,0.0,71,Month-to-month,Electronic check,Fiber optic,No,Yes
2851-STERV,No,0,0.141017208003254,No,Low Risk,73.0,0.0,35,One year,Electronic check,DSL,Yes,No
4393-GEADV,No,0,0.07228536500188212,No,Low Risk,114.75,0.0,70,Two year,Credit card (automatic),Fiber optic,Yes,Yes
8486-AYEQH,No,0,0.4726569469066579,No,Medium Risk,76.05,0.0,31,Month-to-month,Electronic check,Fiber optic,No,No
1527-SXDPN,Yes,1,0.0922768031398067,No,Low Risk,96.25,0.0,52,Two year,Bank transfer (automatic),Fiber optic,Yes,No
6029-WTIPC,Yes,1,0.6004246203234568,Yes,High Risk,101.1,101.1,37,Month-to-month,Electronic check,Fiber optic,No,No
8634-CILSZ,Yes,1,0.16560350059329246,No,Low Risk,104.7,0.0,69,One year,Bank transfer (automatic),Fiber optic,Yes,No
5419-JKZNQ,No,0,0.3680082097909276,No,Medium Risk,77.9,0.0,30,Month-to-month,Mailed check,Fiber optic,No,No
2495-KZNFB,No,0,0.41517007113816273,No,Medium Risk,90.65,0.0,33,Month-to-month,Electronic check,Fiber optic,No,Yes
1409-PHXTF,No,0,0.17332566599493168,No,Low Risk,110.45,0.0,54,Two year,Electronic check,Fiber optic,Yes,No
4560-WQAQW,No,0,0.056831593533290245,No,Low Risk,68.7,0.0,59,One year,Bank transfer (automatic),DSL,Yes,Yes
9591-YVTEB,No,0,0.21257042904907442,No,Low Risk,44.85,0.0,55,Month-to-month,Electronic check,DSL,No,Yes
9309-BZGNT,No,0,0.08717466382130663,No,Low Risk,29.8,0.0,69,One year,Credit card (automatic),DSL,No,No
4274-DRSQT,No,0,0.10506804964536164,No,Low Risk,88.9,0.0,66,One year,Bank transfer (automatic),Fiber optic,No,No
2027-DNKIV,No,0,0.05188106856708282,No,Low Risk,58.75,0.0,37,One year,Mailed check,DSL,Yes,Yes
8075-GXIUB,No,0,0.07007141271669812,No,Low Risk,19.85,0.0,9,One year,Credit card (automatic),No,No internet service,No internet service
2885-HIJDH,No,0,0.03364854403488091,No,Low Risk,86.9,0.0,69,Two year,Bank transfer (automatic),DSL,Yes,Yes
5424-RLQLC,No,0,0.2900973960318808,No,Low Risk,59.65,0.0,10,Month-to-month,Mailed check,DSL,No,No
6682-QJDGB,Yes,1,0.1174983083503586,No,Low Risk,55.25,0.0,40,Month-to-month,Mailed check,DSL,No,Yes
6507-DTJZV,No,0,0.24010812232242296,No,Low Risk,66.4,0.0,13,Month-to-month,Credit card (automatic),DSL,No,No
8780-IXSTS,Yes,1,0.698602113289309,Yes,High Risk,90.1,90.1,6,Month-to-month,Electronic check,Fiber optic,No,No
7673-BQGKU,No,0,0.020720675767412843,No,Low Risk,20.15,0.0,69,Two year,Bank transfer (automatic),No,No internet service,No internet service
6723-WSNTY,No,0,0.16526854023278287,No,Low Risk,108.1,0.0,66,One year,Credit card (automatic),Fiber optic,Yes,No
9530-EHPOH,Yes,1,0.3089414592950475,No,Medium Risk,53.75,0.0,11,Month-to-month,Electronic check,DSL,No,No
2725-IWWBA,No,0,0.04321510677426738,No,Low Risk,56.9,0.0,46,One year,Mailed check,DSL,Yes,Yes
0345-HKJVM,Yes,1,0.6187242674595214,Yes,High Risk,89.3,89.3,6,Month-to-month,Electronic check,Fiber optic,No,No
1061-PNTHC,No,0,0.284523457807164,No,Low Risk,109.6,0.0,56,Month-to-month,Mailed check,Fiber optic,Yes,Yes
0394-YONDK,No,0,0.023127038226193948,No,Low Risk,25.15,0.0,70,Two year,Credit card (automatic),No,No internet service,No internet service
6574-MCOEH,No,0,0.15444317043820696,No,Low Risk,79.15,0.0,33,One year,Electronic check,DSL,Yes,No
7399-QHBJS,No,0,0.021166144844320257,No,Low Risk,66.75,0.0,72,Two year,Credit card (automatic),DSL,Yes,Yes
3049-SOLAY,Yes,1,0.7884414025861128,Yes,High Risk,95.2,95.2,3,Month-to-month,Electronic check,Fiber optic,No,No
0997-YTLNY,No,0,0.11686197176400018,No,Low Risk,48.8,0.0,19,Month-to-month,Mailed check,DSL,Yes,No
3317-HRTNN,Yes,1,0.5042995023757518,Yes,Medium Risk,45.7,0.0,5,Month-to-month,Electronic check,DSL,No,No
9479-HYNYL,No,0,0.03248255109303026,No,Low Risk,80.7,0.0,71,Two year,Credit card (automatic),DSL,Yes,No
3235-ETOOB,Yes,1,0.46044644372096843,No,Medium Risk,74.5,0.0,8,Month-to-month,Electronic check,Fiber optic,No,Yes
9708-KFDBY,No,0,0.2826017694481827,No,Low Risk,20.55,0.0,1,Month-to-month,Credit card (automatic),No,No internet service,No internet service
8058-INTPH,Yes,1,0.8370318457513362,Yes,High Risk,79.65,79.65,1,Month-to-month,Electronic check,Fiber optic,No,No
3642-GKTCT,No,0,0.13713106962209673,No,Low Risk,115.1,0.0,61,One year,Mailed check,Fiber optic,Yes,Yes
0774-RMNUW,No,0,0.02560531765282729,No,Low Risk,59.7,0.0,71,Two year,Bank transfer (automatic),DSL,Yes,Yes
1334-PDUKM,No,0,0.08593713147386693,No,Low Risk,86.45,0.0,68,One year,Credit card (automatic),Fiber optic,No,No
0756-MPZRL,No,0,0.06561908757046996,No,Low Risk,33.7,0.0,46,One year,Credit card (automatic),DSL,Yes,No
2242-MFOTG,No,0,0.1032388253296142,No,Low Risk,80.1,0.0,33,One year,Bank transfer (automatic),Fiber optic,No,Yes
2927-CVULT,No,0,0.078384449911944,No,Low Risk,104.05,0.0,53,Two year,Bank transfer (automatic),Fiber optic,Yes,Yes
2144-BFDSO,No,0,0.3509404863937305,No,Medium Risk,108.75,0.0,50,Month-to-month,Bank transfer (automatic),Fiber optic,No,Yes
8745-PVESG,No,0,0.05630140499430959,No,Low Risk,41.1,0.0,57,One year,Credit card (automatic),DSL,Yes,Yes
7647-GYYKX,No,0,0.023509376239516242,No,Low Risk,20.35,0.0,54,Two year,Bank transfer (automatic),No,No internet service,No internet service
5647-FXOTP,No,0,0.4485141428710381,No,Medium Risk,105.9,0.0,60,Month-to-month,Electronic check,Fiber optic,No,No
5569-OUICF,Yes,1,0.49581800674551735,No,Medium Risk,101.3,0.0,28,Month-to-month,Credit card (automatic),Fiber optic,Yes,No
8821-XNHVZ,Yes,1,0.7974441760262518,Yes,High Risk,80.05,80.05,1,Month-to-month,Mailed check,Fiber optic,No,No
2082-OJVTK,Yes,1,0.5017691500409982,Yes,Medium Risk,89.2,0.0,29,Month-to-month,Electronic check,Fiber optic,No,No
9700-ISPUP,No,0,0.2579234823079665,No,Low Risk,65.5,0.0,10,Month-to-month,Electronic check,DSL,Yes,No
9839-ETQOE,No,0,0.1912081337248355,No,Low Risk,40.45,0.0,43,Month-to-month,Electronic check,DSL,No,Yes
6078-VESFR,No,0,0.43654676973606843,No,Medium Risk,70.45,0.0,13,Month-to-month,Bank transfer (automatic),Fiber optic,No,No
9027-TMATR,No,0,0.05548205762130865,No,Low Risk,78.8,0.0,43,Two year,Electronic check,DSL,Yes,Yes
5940-NFXKV,Yes,1,0.5569411035441593,Yes,Medium Risk,83.65,0.0,19,Month-to-month,Electronic check,Fiber optic,No,No
1941-HOSAM,No,0,0.8512171004925838,Yes,High Risk,90.1,90.1,1,Month-to-month,Electronic check,Fiber optic,No,No
9110-HSGTV,No,0,0.030538536381229737,No,Low Risk,82.45,0.0,69,Two year,Credit card (automatic),DSL,Yes,Yes
0704-VCUMB,No,0,0.020837423718393398,No,Low Risk,20.25,0.0,61,Two year,Credit card (automatic),No,No internet service,No internet service
6171-ZTVYB,No,0,0.08378968525667518,No,Low Risk,66.25,0.0,43,Month-to-month,Bank transfer (automatic),DSL,Yes,Yes
8053-WWDRO,Yes,1,0.10347861186483555,No,Low Risk,19.5,0.0,6,Month-to-month,Bank transfer (automatic),No,No internet service,No internet service
9564-KCLHR,Yes,1,0.4396013727619959,No,Medium Risk,51.25,0.0,1,Month-to-month,Mailed check,DSL,Yes,No
1935-IMVBB,No,0,0.26094730855375126,No,Low Risk,89.7,0.0,56,Month-to-month,Mailed check,Fiber optic,No,No
2535-PBCGC,No,0,0.029827056963995832,No,Low Risk,64.55,0.0,70,Two year,Bank transfer (automatic),DSL,Yes,Yes
2082-CEFLT,Yes,1,0.647369152282393,Yes,High Risk,45.6,45.6,1,Month-to-month,Electronic check,DSL,No,No
1470-PSXNM,No,0,0.16914445741498788,No,Low Risk,93.65,0.0,49,One year,Electronic check,Fiber optic,No,No
1213-NGCUN,Yes,1,0.2403865487916816,No,Low Risk,49.65,0.0,6,Month-to-month,Bank transfer (automatic),DSL,Yes,No
2498-XLDZR,No,0,0.02533891546288727,No,Low Risk,73.6,0.0,32,Two year,Mailed check,DSL,Yes,Yes
9866-OCCKE,No,0,0.04692398707344279,No,Low Risk,109.75,0.0,72,Two year,Mailed check,Fiber optic,Yes,Yes
5338-YHWYT,No,0,0.02336197649885684,No,Low Risk,61.45,0.0,37,Two year,Credit card (automatic),DSL,Yes,Yes
7718-UPSKJ,No,0,0.1202807729520427,No,Low Risk,106.4,0.0,69,One year,Credit card (automatic),Fiber optic,Yes,Yes
8731-WBBMB,No,0,0.13052238654683482,No,Low Risk,81.9,0.0,26,Month-to-month,Bank transfer (automatic),DSL,Yes,No
1448-CYWKC,No,0,0.21570659348734936,No,Low Risk,105.2,0.0,58,One year,Credit card (automatic),Fiber optic,No,No
7901-IIDQV,No,0,0.0695911304367332,No,Low Risk,54.6,0.0,24,One year,Bank transfer (automatic),DSL,Yes,No
2690-DVRVK,No,0,0.0848730288412502,No,Low Risk,20.55,0.0,5,One year,Electronic check,No,No internet service,No internet service
5688-KZTSN,Yes,1,0.15869469394024052,No,Low Risk,20.0,0.0,15,Month-to-month,Electronic check,No,No internet service,No internet service
1270-XKUCC,No,0,0.022063916656277653,No,Low Risk,19.7,0.0,30,Two year,Mailed check,No,No internet service,No internet service
0334-ZFJSR,No,0,0.04656562301910425,No,Low Risk,66.05,0.0,55,One year,Credit card (automatic),DSL,Yes,Yes
2894-QOJRX,Yes,1,0.26267885526826806,No,Low Risk,34.0,0.0,25,Month-to-month,Bank transfer (automatic),DSL,No,No
5747-PMBSQ,Yes,1,0.48820610661082875,No,Medium Risk,92.5,0.0,10,Month-to-month,Mailed check,Fiber optic,Yes,No
5583-EJXRD,No,0,0.030735032600515962,No,Low Risk,54.05,0.0,44,Two year,Credit card (automatic),DSL,Yes,Yes
4565-EVZMJ,No,0,0.04280800615841754,No,Low Risk,58.9,0.0,47,One year,Mailed check,DSL,Yes,Yes
3143-JQEGI,Yes,1,0.5436786669141015,Yes,Medium Risk,88.35,0.0,13,Month-to-month,Electronic check,Fiber optic,No,No
6386-SZZKH,Yes,1,0.10959533584071901,No,Low Risk,107.95,0.0,49,Two year,Bank transfer (automatic),Fiber optic,Yes,No
3327-YBAKM,No,0,0.11187597279010934,No,Low Risk,96.9,0.0,64,One year,Mailed check,Fiber optic,Yes,Yes
9441-QHEVC,No,0,0.23110055902288848,No,Low Risk,19.1,0.0,1,Month-to-month,Mailed check,No,No internet service,No internet service
6705-LNMDD,No,0,0.1174554439853913,No,Low Risk,50.0,0.0,20,Month-to-month,Mailed check,DSL,Yes,No
2580-ASVVY,No,0,0.04446827725344531,No,Low Risk,45.4,0.0,37,Two year,Electronic check,DSL,Yes,Yes
3370-GQEAL,No,0,0.4179996287899858,No,Medium Risk,85.45,0.0,30,Month-to-month,Electronic check,Fiber optic,No,No
5032-USPKF,No,0,0.08826665359814063,No,Low Risk,84.1,0.0,38,One year,Bank transfer (automatic),DSL,No,Yes
2982-IHMFT,Yes,1,0.8184042153556013,Yes,High Risk,74.45,74.45,1,Month-to-month,Mailed check,Fiber optic,No,No
3521-SYVOR,Yes,1,0.29704853717330754,No,Low Risk,64.75,0.0,37,Month-to-month,Electronic check,DSL,No,No
4254-QPEDE,No,0,0.03240419990186567,No,Low Risk,66.25,0.0,52,Two year,Credit card (automatic),DSL,Yes,Yes
6283-GITPX,No,0,0.021475595801050046,No,Low Risk,76.9,0.0,71,Two year,Credit card (automatic),DSL,Yes,Yes
9526-JAWYF,Yes,1,0.3439496053572663,No,Medium Risk,89.8,0.0,26,Month-to-month,Electronic check,Fiber optic,No,No
0771-CHWSK,No,0,0.039439232716914324,No,Low Risk,74.6,0.0,66,Two year,Credit card (automatic),DSL,No,Yes
9788-HNGUT,No,0,0.04458445993125252,No,Low Risk,116.95,0.0,72,Two year,Credit card (automatic),Fiber optic,Yes,Yes
9495-REDIY,No,0,0.10279274015451612,No,Low Risk,40.65,0.0,25,One year,Credit card (automatic),DSL,No,Yes
5375-XLDOF,No,0,0.07205989617698506,No,Low Risk,114.35,0.0,69,Two year,Bank transfer (automatic),Fiber optic,Yes,Yes
1172-VIYBP,No,0,0.03942446155766715,No,Low Risk,69.7,0.0,53,Two year,Bank transfer (automatic),DSL,No,Yes
5649-VUKMC,Yes,1,0.2963190632058875,No,Low Risk,95.5,0.0,12,One year,Mailed check,Fiber optic,No,No
6559-PDZLR,No,0,0.5040255796489151,Yes,Medium Risk,98.65,0.0,26,Month-to-month,Electronic check,Fiber optic,Yes,No
8992-OBVDG,No,0,0.16584311461771706,No,Low Risk,61.65,0.0,21,Month-to-month,Mailed check,DSL,No,No
4273-MBHYA,No,0,0.8512171004925838,Yes,High Risk,89.35,89.35,1,Month-to-month,Electronic check,Fiber optic,No,No
4724-WXVWF,No,0,0.30067941126011194,No,Medium Risk,95.4,0.0,48,Month-to-month,Electronic check,Fiber optic,Yes,Yes
5701-GUXDC,No,0,0.06769817201541617,No,Low Risk,35.4,0.0,26,One year,Credit card (automatic),DSL,No,Yes
1460-UZPRJ,No,0,0.020837423718393398,No,Low Risk,19.95,0.0,60,Two year,Mailed check,No,No internet service,No internet service
6082-GLJIX,No,0,0.0750221930391616,No,Low Risk,19.25,0.0,18,Month-to-month,Mailed check,No,No internet service,No internet service
5143-EGQFK,Yes,1,0.36535064996000777,No,Medium Risk,29.65,0.0,10,Month-to-month,Electronic check,DSL,Yes,No
4919-IKATY,Yes,1,0.6179483906210489,Yes,High Risk,84.5,84.5,5,Month-to-month,Electronic check,Fiber optic,No,Yes
2495-TTHBQ,No,0,0.09029281952153792,No,Low Risk,20.4,0.0,4,One year,Mailed check,No,No internet service,No internet service
0485-ZBSLN,No,0,0.023127038226193948,No,Low Risk,24.75,0.0,65,Two year,Credit card (automatic),No,No internet service,No internet service
3810-PJUHR,No,0,0.023127038226193948,No,Low Risk,25.35,0.0,70,Two year,Mailed check,No,No internet service,No internet service
9050-QLROH,Yes,1,0.43180267637844444,No,Medium Risk,90.7,0.0,18,Month-to-month,Credit card (automatic),Fiber optic,No,No
0847-HGRML,No,0,0.020720675767412843,No,Low Risk,20.0,0.0,62,Two year,Bank transfer (automatic),No,No internet service,No internet service
8232-CTLKO,No,0,0.05368281304678781,No,Low Risk,59.75,0.0,66,Two year,Electronic check,DSL,No,Yes
9227-YBAXE,No,0,0.029852797919000078,No,Low Risk,82.5,0.0,65,Two year,Bank transfer (automatic),DSL,Yes,Yes
6168-WFVVF,Yes,1,0.6823052115318063,Yes,High Risk,70.3,70.3,3,Month-to-month,Electronic check,Fiber optic,No,No
9860-LISIZ,No,0,0.06772157046635292,No,Low Risk,20.35,0.0,34,Month-to-month,Mailed check,No,No internet service,No internet service
0112-QAWRZ,No,0,0.554501771988913,Yes,Medium Risk,90.8,0.0,16,Month-to-month,Bank transfer (automatic),Fiber optic,No,No
0877-SDMBN,Yes,1,0.2012488679867623,No,Low Risk,103.95,0.0,54,One year,Bank transfer (automatic),Fiber optic,No,Yes
2786-GCDPI,No,0,0.49250141309883627,No,Medium Risk,104.95,0.0,50,Month-to-month,Electronic check,Fiber optic,Yes,No
4043-MKDTV,No,0,0.10181555852219179,No,Low Risk,105.25,0.0,71,Two year,Electronic check,Fiber optic,Yes,No
8065-YKXKD,Yes,1,0.6454339158123362,Yes,High Risk,74.75,74.75,10,Month-to-month,Electronic check,Fiber optic,No,No
9637-EIHEQ,Yes,1,0.5685492827105272,Yes,Medium Risk,50.8,0.0,1,Month-to-month,Electronic check,DSL,Yes,No
9229-RQABD,No,0,0.049172490270969815,No,Low Risk,23.75,0.0,18,One year,Mailed check,No,No internet service,No internet service
8313-KTIHG,No,0,0.38586863571414287,No,Medium Risk,61.3,0.0,4,Month-to-month,Electronic check,DSL,Yes,No
5320-BRKGK,No,0,0.032000725916218845,No,Low Risk,75.8,0.0,58,Two year,Mailed check,DSL,Yes,Yes
6284-KMNUF,No,0,0.23792377247725735,No,Low Risk,98.0,0.0,56,One year,Electronic check,Fiber optic,No,Yes
9689-PTNPG,Yes,1,0.720529192408088,Yes,High Risk,80.25,80.25,2,Month-to-month,Electronic check,Fiber optic,No,No
9465-RWMXL,Yes,1,0.47807404753253296,No,Medium Risk,78.9,0.0,32,Month-to-month,Electronic check,Fiber optic,No,No
6229-UOLQL,No,0,0.053594935729663964,No,Low Risk,52.0,0.0,56,One year,Mailed check,DSL,Yes,Yes
2362-IBOOY,Yes,1,0.509383462300358,Yes,Medium Risk,84.75,0.0,36,Month-to-month,Electronic check,Fiber optic,No,No
3137-LUPIX,No,0,0.3850425856637867,No,Medium Risk,64.4,0.0,4,Month-to-month,Mailed check,DSL,Yes,No
0843-WTBXE,Yes,1,0.2973929063820967,No,Low Risk,85.45,0.0,53,Month-to-month,Bank transfer (automatic),Fiber optic,No,No
6143-JQKEA,No,0,0.2978699273522017,No,Low Risk,45.8,0.0,10,Month-to-month,Credit card (automatic),DSL,No,No
8676-OOQEJ,No,0,0.35021008464503406,No,Medium Risk,30.5,0.0,4,Month-to-month,Electronic check,DSL,Yes,No
5515-IDEJJ,Yes,1,0.29752040522897016,No,Low Risk,19.9,0.0,1,Month-to-month,Mailed check,No,No internet service,No internet service
9701-CDXHR,No,0,0.22277019407948104,No,Low Risk,69.15,0.0,51,Month-to-month,Mailed check,Fiber optic,No,No
7450-NWRTR,Yes,1,0.7743142684779305,Yes,High Risk,99.45,99.45,12,Month-to-month,Electronic check,Fiber optic,No,No
8124-NZVGJ,No,0,0.19069752018011515,No,Low Risk,49.25,0.0,6,One year,Mailed check,DSL,Yes,No
2162-FRZAA,No,0,0.03333003445046778,No,Low Risk,39.35,0.0,63,Two year,Bank transfer (automatic),DSL,Yes,No
5376-DEQCP,Yes,1,0.804979670889202,Yes,High Risk,70.6,70.6,1,Month-to-month,Electronic check,Fiber optic,No,No
5118-MUEYH,No,0,0.3670926438583527,No,Medium Risk,105.1,0.0,48,Month-to-month,Credit card (automatic),Fiber optic,Yes,No
9095-HFAFX,Yes,1,0.6543239561306845,Yes,High Risk,81.0,81.0,5,Month-to-month,Credit card (automatic),Fiber optic,No,No
5627-TVBPP,No,0,0.04439119875938083,No,Low Risk,20.1,0.0,35,One year,Credit card (automatic),No,No internet service,No internet service
2379-ENZGV,Yes,1,0.6465723638789538,Yes,High Risk,84.85,84.85,6,Month-to-month,Electronic check,Fiber optic,No,No
3936-QQFLL,No,0,0.1794584042671467,No,Low Risk,19.75,0.0,2,Month-to-month,Mailed check,No,No internet service,No internet service
2589-AYCRP,No,0,0.03713218255245417,No,Low Risk,19.75,0.0,50,One year,Bank transfer (automatic),No,No internet service,No internet service
4067-HLYQI,No,0,0.32274630108174857,No,Medium Risk,70.4,0.0,33,Month-to-month,Bank transfer (automatic),Fiber optic,No,No
5124-EOGYE,No,0,0.022188061443804846,No,Low Risk,20.45,0.0,31,Two year,Mailed check,No,No internet service,No internet service
5057-RKGLH,No,0,0.03311005800861855,No,Low Risk,20.35,0.0,9,Two year,Mailed check,No,No internet service,No internet service
0292-WEGCH,No,0,0.2220595453001018,No,Low Risk,86.2,0.0,54,Month-to-month,Electronic check,DSL,Yes,No
8910-ICHIU,No,0,0.11558421773847896,No,Low Risk,95.65,0.0,46,One year,Credit card (automatic),Fiber optic,No,Yes
4097-YODCF,No,0,0.2945322372528718,No,Low Risk,103.8,0.0,34,One year,Electronic check,Fiber optic,No,Yes
9715-WZCLW,No,0,0.1097718598221328,No,Low Risk,97.2,0.0,71,Two year,Electronic check,Fiber optic,No,Yes
9786-YWNHU,No,0,0.021630999868510754,No,Low Risk,63.55,0.0,63,Two year,Mailed check,DSL,Yes,Yes
6407-GSJNL,No,0,0.02528128834911229,No,Low Risk,24.95,0.0,51,Two year,Bank transfer (automatic),No,No internet service,No internet service
6005-OBZPH,Yes,1,0.5200462122912851,Yes,Medium Risk,89.15,0.0,26,Month-to-month,Electronic check,Fiber optic,No,No
4049-ZPALD,No,0,0.0797652827567442,No,Low Risk,99.0,0.0,64,Two year,Bank transfer (automatic),Fiber optic,No,Yes
7932-WPTDS,Yes,1,0.7971008268093246,Yes,High Risk,24.8,24.8,1,Month-to-month,Electronic check,DSL,No,No
3733-UOCWF,No,0,0.07794084638637361,No,Low Risk,85.55,0.0,61,One year,Bank transfer (automatic),Fiber optic,Yes,No
6833-JMZYP,No,0,0.5582219161376423,Yes,Medium Risk,94.0,0.0,15,Month-to-month,Credit card (automatic),Fiber optic,No,No
2722-VOJQL,Yes,1,0.16560350059329246,No,Low Risk,105.65,0.0,64,One year,Credit card (automatic),Fiber optic,Yes,No
1310-QRITU,No,0,0.3394286292940866,No,Medium Risk,50.3,0.0,18,Month-to-month,Electronic check,DSL,No,No
8961-QDZZJ,No,0,0.19003781179792015,No,Low Risk,95.0,0.0,57,One year,Electronic check,Fiber optic,No,No
9715-SBVSU,No,0,0.05596077466546239,No,Low Risk,61.4,0.0,14,Two year,Bank transfer (automatic),DSL,No,Yes
8490-BXHEO,No,0,0.4284467745420906,No,Medium Risk,80.55,0.0,18,Month-to-month,Credit card (automatic),Fiber optic,No,No
7173-TETGO,No,0,0.04496645061070995,No,Low Risk,78.5,0.0,72,Two year,Bank transfer (automatic),Fiber optic,No,Yes
7929-SKFGK,No,0,0.05138496509864595,No,Low Risk,114.3,0.0,70,Two year,Credit card (automatic),Fiber optic,Yes,Yes
2300-RQGOI,No,0,0.022188061443804846,No,Low Risk,20.05,0.0,38,Two year,Mailed check,No,No internet service,No internet service
3563-SVYLG,No,0,0.021630999868510754,No,Low Risk,62.65,0.0,68,Two year,Credit card (automatic),DSL,Yes,Yes
5228-EXCET,Yes,1,0.5963095842070705,Yes,Medium Risk,80.85,0.0,13,Month-to-month,Electronic check,Fiber optic,No,No
6435-VWCCY,No,0,0.050723427664180455,No,Low Risk,92.7,0.0,65,Two year,Credit card (automatic),Fiber optic,No,Yes
4998-IKFSE,No,0,0.49098482968005513,No,Medium Risk,100.45,0.0,30,Month-to-month,Electronic check,Fiber optic,No,No
8630-QSGXK,No,0,0.05235666390244979,No,Low Risk,75.2,0.0,51,Two year,Bank transfer (automatic),DSL,Yes,No
2455-USLMV,No,0,0.2947186828017655,No,Low Risk,84.75,0.0,31,Month-to-month,Credit card (automatic),Fiber optic,No,Yes
7394-FKDNK,Yes,1,0.5862102034000714,Yes,Medium Risk,89.45,0.0,9,Month-to-month,Electronic check,Fiber optic,No,No
9488-FVZCC,No,0,0.023311417039379206,No,Low Risk,79.5,0.0,72,Two year,Bank transfer (automatic),DSL,Yes,Yes
6331-LWDTQ,Yes,1,0.3973295391437793,No,Medium Risk,72.15,0.0,10,Month-to-month,Credit card (automatic),DSL,No,No
5995-WWKKG,No,0,0.06499776545341711,No,Low Risk,19.8,0.0,37,One year,Electronic check,No,No internet service,No internet service
1597-FZREH,Yes,1,0.4060412905554049,No,Medium Risk,76.4,0.0,2,Month-to-month,Electronic check,DSL,Yes,No
7879-CGSFV,No,0,0.14399412732176692,No,Low Risk,100.9,0.0,55,One year,Mailed check,Fiber optic,No,Yes
9921-EZKBY,No,0,0.33349810851072276,No,Medium Risk,95.3,0.0,33,Month-to-month,Bank transfer (automatic),Fiber optic,No,Yes
7432-FFVAR,No,0,0.08610970658577832,No,Low Risk,90.95,0.0,46,One year,Bank transfer (automatic),Fiber optic,Yes,No
7246-ZGQDF,No,0,0.3744416237922965,No,Medium Risk,54.5,0.0,1,Month-to-month,Electronic check,DSL,Yes,Yes
7000-WCEVQ,Yes,1,0.3010274800494472,No,Medium Risk,61.6,0.0,20,Month-to-month,Mailed check,DSL,No,No
0727-IWKVK,Yes,1,0.5691232483678104,Yes,Medium Risk,79.9,0.0,9,Month-to-month,Electronic check,Fiber optic,No,No
5959-BELXA,Yes,1,0.551803457251738,Yes,Medium Risk,96.15,0.0,32,Month-to-month,Credit card (automatic),Fiber optic,No,No
4456-RHSNB,No,0,0.19005879540911422,No,Low Risk,49.6,0.0,19,Month-to-month,Bank transfer (automatic),DSL,No,No
3512-IZIKN,Yes,1,0.02729316177766143,No,Low Risk,65.3,0.0,70,Two year,Credit card (automatic),DSL,Yes,Yes
2481-SBOYW,No,0,0.02357034535425262,No,Low Risk,25.0,0.0,61,Two year,Credit card (automatic),No,No internet service,No internet service
7109-MFBYV,No,0,0.17786446198445188,No,Low Risk,45.45,0.0,26,Month-to-month,Electronic check,DSL,No,No
1833-TCXKK,No,0,0.42720409380217256,No,Medium Risk,107.75,0.0,45,Month-to-month,Bank transfer (automatic),Fiber optic,No,No
1832-PEUTS,No,0,0.07271105604396552,No,Low Risk,89.1,0.0,62,Two year,Credit card (automatic),Fiber optic,No,No
6141-OOXUQ,Yes,1,0.29872100466145696,No,Low Risk,19.65,0.0,1,Month-to-month,Mailed check,No,No internet service,No internet service
8660-BUETV,No,0,0.3773528888370504,No,Medium Risk,44.75,0.0,3,Month-to-month,Mailed check,DSL,No,No
0580-PIQHM,No,0,0.19002442823806065,No,Low Risk,101.6,0.0,41,One year,Bank transfer (automatic),Fiber optic,No,Yes
5696-CEIQJ,No,0,0.08119479708043104,No,Low Risk,103.15,0.0,67,Two year,Bank transfer (automatic),Fiber optic,Yes,No
7503-ZGUZJ,Yes,1,0.8282198280653958,Yes,High Risk,84.65,84.65,1,Month-to-month,Mailed check,Fiber optic,No,No
1696-HXOWK,No,0,0.09782392341799225,No,Low Risk,95.65,0.0,71,One year,Mailed check,Fiber optic,No,Yes
3026-ATZYV,No,0,0.06668523072688948,No,Low Risk,75.1,0.0,37,One year,Bank transfer (automatic),DSL,No,Yes
4012-YCFAI,No,0,0.022211899125897758,No,Low Risk,61.35,0.0,60,Two year,Mailed check,DSL,Yes,Yes
2506-TNFCO,Yes,1,0.8338856621320575,Yes,High Risk,69.55,69.55,1,Month-to-month,Electronic check,Fiber optic,No,No
9970-QBCDA,No,0,0.10347861186483555,No,Low Risk,19.7,0.0,6,Month-to-month,Credit card (automatic),No,No internet service,No internet service
8718-PTMEZ,Yes,1,0.3632244132856861,No,Medium Risk,31.05,0.0,13,Month-to-month,Electronic check,DSL,No,No
9496-IVVRP,No,0,0.14897034245730126,No,Low Risk,51.0,0.0,11,Month-to-month,Bank transfer (automatic),DSL,No,Yes
2207-OBZNX,Yes,1,0.21023731817758465,No,Low Risk,51.0,0.0,7,Month-to-month,Mailed check,DSL,No,Yes
2657-VPXTA,No,0,0.6673953521963478,Yes,High Risk,88.85,88.85,10,Month-to-month,Electronic check,Fiber optic,No,No
6551-VLJMV,No,0,0.022188061443804846,No,Low Risk,20.05,0.0,34,Two year,Credit card (automatic),No,No internet service,No internet service
1221-GHZEP,No,0,0.0266976302059376,No,Low Risk,65.1,0.0,62,Two year,Mailed check,DSL,Yes,Yes
9289-LBQVU,No,0,0.06467203879304832,No,Low Risk,70.15,0.0,64,One year,Mailed check,DSL,Yes,No
6142-VSJQO,Yes,1,0.5845752299806034,Yes,Medium Risk,44.35,0.0,1,Month-to-month,Bank transfer (automatic),DSL,No,No
3458-IDMFK,No,0,0.030030730572128125,No,Low Risk,20.75,0.0,25,Two year,Mailed check,No,No internet service,No internet service
6933-FHBZC,No,0,0.07820950367769348,No,Low Risk,56.05,0.0,26,One year,Mailed check,DSL,No,No
0221-NAUXK,No,0,0.06586251257610298,No,Low Risk,19.95,0.0,10,One year,Bank transfer (automatic),No,No internet service,No internet service
9770-KXGQU,No,0,0.132436526334239,No,Low Risk,98.6,0.0,53,One year,Mailed check,Fiber optic,No,Yes
6437-UKHMV,Yes,1,0.6576344280243135,Yes,High Risk,79.7,79.7,7,Month-to-month,Electronic check,Fiber optic,No,No
6538-POCHL,No,0,0.30876454745497556,No,Medium Risk,79.0,0.0,33,Month-to-month,Credit card (automatic),Fiber optic,No,No
6726-NNFWD,No,0,0.050452592444488,No,Low Risk,89.45,0.0,71,Two year,Credit card (automatic),Fiber optic,No,No
3002-WQZWT,No,0,0.4726569469066579,No,Medium Risk,74.2,0.0,29,Month-to-month,Electronic check,Fiber optic,No,No
4277-UDIEF,No,0,0.12847521491959024,No,Low Risk,81.0,0.0,24,Month-to-month,Bank transfer (automatic),DSL,Yes,Yes
1208-NBVFH,No,0,0.2793064865420051,No,Low Risk,49.6,0.0,20,Month-to-month,Electronic check,DSL,No,No
4912-PIGUY,No,0,0.8630086499327415,Yes,High Risk,84.6,84.6,1,Month-to-month,Electronic check,Fiber optic,No,No
1114-CENIM,Yes,1,0.1722391343517596,No,Low Risk,55.0,0.0,54,Month-to-month,Credit card (automatic),DSL,No,No
6060-DRTNL,Yes,1,0.6999464386248445,Yes,High Risk,84.85,84.85,5,Month-to-month,Mailed check,Fiber optic,No,No
2725-TTRIQ,No,0,0.029218608392106334,No,Low Risk,84.2,0.0,72,Two year,Bank transfer (automatic),DSL,Yes,Yes
3374-TTZTK,No,0,0.11072221702658663,No,Low Risk,106.3,0.0,52,Two year,Electronic check,Fiber optic,Yes,Yes
8990-ZXLSU,No,0,0.48750611924316833,No,Medium Risk,69.05,0.0,9,Month-to-month,Electronic check,Fiber optic,No,No
2275-RBYQS,No,0,0.5919531673413575,Yes,Medium Risk,45.4,0.0,1,Month-to-month,Mailed check,DSL,No,No
8473-VUVJN,Yes,1,0.8469943135896922,Yes,High Risk,73.65,73.65,1,Month-to-month,Electronic check,Fiber optic,No,No
6289-CPNLD,Yes,1,0.09002837272266918,No,Low Risk,73.9,0.0,33,One year,Mailed check,DSL,Yes,No
5536-SLHPM,Yes,1,0.3624602463798604,No,Medium Risk,77.75,0.0,55,Month-to-month,Electronic check,Fiber optic,No,No
4419-UJMUS,No,0,0.127709758396634,No,Low Risk,99.35,0.0,69,Two year,Electronic check,Fiber optic,Yes,No
7794-JASDG,No,0,0.5326897997019531,Yes,Medium Risk,50.75,0.0,1,Month-to-month,Mailed check,DSL,No,Yes
7609-YBPXG,No,0,0.037240486415675525,No,Low Risk,87.1,0.0,54,Two year,Bank transfer (automatic),DSL,Yes,Yes
5519-TEEUH,No,0,0.04439119875938083,No,Low Risk,20.15,0.0,33,One year,Mailed check,No,No internet service,No internet service
7856-GANIL,No,0,0.16955594253783904,No,Low Risk,98.7,0.0,45,One year,Bank transfer (automatic),Fiber optic,Yes,No
0804-XBFBV,No,0,0.30581540603531576,No,Medium Risk,25.2,0.0,11,Month-to-month,Electronic check,DSL,No,No
2676-OXPPQ,No,0,0.18453331771468892,No,Low Risk,55.7,0.0,6,Month-to-month,Bank transfer (automatic),DSL,No,Yes
3703-TTEPD,No,0,0.12346212175371986,No,Low Risk,65.35,0.0,21,Month-to-month,Bank transfer (automatic),DSL,No,Yes
2799-TSLAG,No,0,0.02357034535425262,No,Low Risk,25.3,0.0,65,Two year,Bank transfer (automatic),No,No internet service,No internet service
0196-VULGZ,Yes,1,0.7416395192169073,Yes,High Risk,84.35,84.35,6,Month-to-month,Electronic check,Fiber optic,No,No
8837-VVWLQ,Yes,1,0.44171850487761255,No,Medium Risk,84.95,0.0,8,Month-to-month,Electronic check,Fiber optic,No,Yes
2696-NARTR,Yes,1,0.47995067646659034,No,Medium Risk,73.85,0.0,11,Month-to-month,Electronic check,Fiber optic,Yes,No
2208-NKVVH,No,0,0.025140281571952163,No,Low Risk,24.25,0.0,43,Two year,Mailed check,No,No internet service,No internet service
7614-QVWQL,Yes,1,0.11068376393877452,No,Low Risk,51.8,0.0,49,One year,Bank transfer (automatic),DSL,No,No
1976-CFOCS,Yes,1,0.6042176725509479,Yes,High Risk,46.0,46.0,1,Month-to-month,Electronic check,DSL,No,No
4631-OACRM,Yes,1,0.6364907785174215,Yes,High Risk,79.4,79.4,15,Month-to-month,Electronic check,Fiber optic,No,No
7139-JZFVG,No,0,0.029434164616026298,No,Low Risk,60.5,0.0,60,Two year,Bank transfer (automatic),DSL,No,Yes
4987-GQWPO,No,0,0.20867730451763083,No,Low Risk,25.1,0.0,17,Month-to-month,Credit card (automatic),DSL,No,No
3755-JBMNH,Yes,1,0.4950252437348818,No,Medium Risk,71.8,0.0,16,Month-to-month,Bank transfer (automatic),Fiber optic,No,No
1757-TCATG,No,0,0.03692758139743251,No,Low Risk,20.05,0.0,35,One year,Bank transfer (automatic),No,No internet service,No internet service
6345-ULYRW,Yes,1,0.13892165043389196,No,Low Risk,88.4,0.0,44,One year,Mailed check,Fiber optic,No,No
4776-XSKYQ,No,0,0.1070334266535398,No,Low Risk,30.25,0.0,12,One year,Credit card (automatic),DSL,Yes,No
8048-DSDFQ,No,0,0.29872100466145696,No,Low Risk,20.2,0.0,1,Month-to-month,Mailed check,No,No internet service,No internet service
5753-QQWPW,No,0,0.06554354473056627,No,Low Risk,59.9,0.0,28,One year,Electronic check,DSL,Yes,Yes
6010-DDPPW,No,0,0.02325702251472386,No,Low Risk,25.15,0.0,70,Two year,Bank transfer (automatic),No,No internet service,No internet service
1809-DMJHQ,Yes,1,0.3377346130388865,No,Medium Risk,46.0,0.0,5,Month-to-month,Mailed check,DSL,No,No
6693-FRIRW,No,0,0.42135590269731854,No,Medium Risk,101.3,0.0,18,Month-to-month,Credit card (automatic),Fiber optic,No,No
6586-MYGKD,No,0,0.034540779928224616,No,Low Risk,76.95,0.0,70,Two year,Credit card (automatic),DSL,Yes,Yes
3173-NVMPX,No,0,0.30033371799681013,No,Medium Risk,55.3,0.0,9,Month-to-month,Mailed check,DSL,No,No
0248-PGHBZ,No,0,0.03346204022440025,No,Low Risk,92.45,0.0,67,Two year,Bank transfer (automatic),Fiber optic,Yes,Yes
0623-GDISB,No,0,0.4824560438136038,No,Medium Risk,48.45,0.0,1,Month-to-month,Bank transfer (automatic),DSL,No,Yes
2892-GESUL,No,0,0.02457221559022135,No,Low Risk,19.35,0.0,18,Two year,Mailed check,No,No internet service,No internet service
6923-EFPNL,Yes,1,0.3898217529945974,No,Medium Risk,51.75,0.0,4,Month-to-month,Credit card (automatic),DSL,No,No
7472-EQOAV,No,0,0.05530035354793843,No,Low Risk,86.7,0.0,71,One year,Bank transfer (automatic),Fiber optic,No,Yes
9574-RKJIF,Yes,1,0.4207895076558224,No,Medium Risk,94.4,0.0,30,Month-to-month,Electronic check,Fiber optic,No,Yes
2043-WVTQJ,No,0,0.45696256164367083,No,Medium Risk,55.7,0.0,1,Month-to-month,Mailed check,DSL,No,Yes
8034-RYTVV,No,0,0.08675236434182401,No,Low Risk,84.25,0.0,55,One year,Credit card (automatic),Fiber optic,No,Yes
3863-QSTYI,No,0,0.16990914445738803,No,Low Risk,64.65,0.0,59,Month-to-month,Electronic check,DSL,Yes,No
2619-WFQWU,Yes,1,0.7653546055196001,Yes,High Risk,70.15,70.15,1,Month-to-month,Mailed check,Fiber optic,No,No
5044-LRQAQ,No,0,0.5223444832539909,Yes,Medium Risk,69.2,0.0,7,Month-to-month,Bank transfer (automatic),Fiber optic,No,No
1716-LSAMB,No,0,0.025888690591377998,No,Low Risk,54.65,0.0,45,Two year,Bank transfer (automatic),DSL,Yes,Yes
1333-PBMXB,No,0,0.0463339487319688,No,Low Risk,24.75,0.0,54,One year,Bank transfer (automatic),No,No internet service,No internet service
6546-OPBBH,No,0,0.0463339487319688,No,Low Risk,23.95,0.0,51,One year,Mailed check,No,No internet service,No internet service
5985-BEHZK,No,0,0.16135424010226793,No,Low Risk,105.0,0.0,72,One year,Credit card (automatic),Fiber optic,No,No
9127-QRZMH,No,0,0.04280800615841754,No,Low Risk,59.85,0.0,44,One year,Bank transfer (automatic),DSL,Yes,Yes
5919-VCZYM,No,0,0.1794584042671467,No,Low Risk,20.05,0.0,2,Month-to-month,Mailed check,No,No internet service,No internet service
9644-KVCNC,No,0,0.11692318168805078,No,Low Risk,92.15,0.0,66,One year,Bank transfer (automatic),Fiber optic,No,No
2137-DQMEV,No,0,0.06258831923036597,No,Low Risk,44.8,0.0,68,One year,Mailed check,DSL,No,Yes
8174-LNWMW,No,0,0.022188061443804846,No,Low Risk,20.9,0.0,31,Two year,Credit card (automatic),No,No internet service,No internet service
9279-CJEOJ,No,0,0.529047852564783,Yes,Medium Risk,95.4,0.0,21,Month-to-month,Bank transfer (automatic),Fiber optic,No,No
7964-VEXDG,No,0,0.35186950073416523,No,Medium Risk,80.35,0.0,21,Month-to-month,Electronic check,Fiber optic,No,Yes
2404-JIBFC,No,0,0.036395096055252034,No,Low Risk,85.1,0.0,55,Two year,Bank transfer (automatic),DSL,Yes,Yes
0778-NELLA,Yes,1,0.38452866867445246,No,Medium Risk,34.7,0.0,9,Month-to-month,Credit card (automatic),DSL,No,No
8029-XYPWT,No,0,0.044481231375082655,No,Low Risk,115.05,0.0,71,Two year,Bank transfer (automatic),Fiber optic,Yes,Yes
4614-NUVZD,Yes,1,0.8365008288606641,Yes,High Risk,81.1,81.1,1,Month-to-month,Electronic check,Fiber optic,No,No
4632-PAOYU,No,0,0.04105469349653117,No,Low Risk,19.95,0.0,22,One year,Mailed check,No,No internet service,No internet service
3803-KMQFW,Yes,1,0.29752040522897016,No,Low Risk,20.55,0.0,1,Month-to-month,Mailed check,No,No internet service,No internet service
6804-GDMOI,Yes,1,0.14107311432383818,No,Low Risk,106.6,0.0,61,Two year,Electronic check,Fiber optic,Yes,No
2990-OGYTD,No,0,0.03990953212652176,No,Low Risk,86.15,0.0,67,Two year,Bank transfer (automatic),DSL,Yes,No
6646-JPPHA,No,0,0.363636399073458,No,Medium Risk,78.85,0.0,14,Month-to-month,Electronic check,Fiber optic,No,Yes
9572-MTILT,Yes,1,0.32875066404599995,No,Medium Risk,106.75,0.0,59,Month-to-month,Electronic check,Fiber optic,Yes,Yes
7658-UYUQS,No,0,0.3601772306137666,No,Medium Risk,86.55,0.0,21,Month-to-month,Bank transfer (automatic),Fiber optic,No,No
7880-XSOJX,No,0,0.17660429813278722,No,Low Risk,42.4,0.0,4,Month-to-month,Mailed check,DSL,Yes,Yes
9611-CTWIH,Yes,1,0.7312417763252,Yes,High Risk,89.45,89.45,3,Month-to-month,Electronic check,Fiber optic,No,No
4589-IUAJB,No,0,0.02325702251472386,No,Low Risk,24.25,0.0,70,Two year,Bank transfer (automatic),No,No internet service,No internet service
0329-GTIAJ,Yes,1,0.7012233124025921,Yes,High Risk,97.9,97.9,3,Month-to-month,Electronic check,Fiber optic,Yes,No
8746-BFOAJ,No,0,0.05252033281156111,No,Low Risk,20.5,0.0,21,One year,Bank transfer (automatic),No,No internet service,No internet service
8457-XIGKN,No,0,0.09357514076029,No,Low Risk,19.6,0.0,20,Month-to-month,Credit card (automatic),No,No internet service,No internet service
6072-NUQCB,No,0,0.04105469349653117,No,Low Risk,20.25,0.0,22,One year,Bank transfer (automatic),No,No internet service,No internet service
6629-CZTTH,Yes,1,0.6562439600229955,Yes,High Risk,55.7,55.7,1,Month-to-month,Mailed check,DSL,No,No
8838-GPHZP,No,0,0.021757854686503122,No,Low Risk,20.6,0.0,63,Two year,Mailed check,No,No internet service,No internet service
8750-QWZAJ,No,0,0.020720675767412843,No,Low Risk,19.8,0.0,70,Two year,Bank transfer (automatic),No,No internet service,No internet service
5364-EVNIB,Yes,1,0.5328057488956665,Yes,Medium Risk,79.8,0.0,13,Month-to-month,Electronic check,Fiber optic,No,No
6918-UMQCG,No,0,0.6132913601042805,Yes,High Risk,80.2,80.2,5,Month-to-month,Electronic check,Fiber optic,No,No
0675-NCDYU,No,0,0.04330474759663763,No,Low Risk,116.4,0.0,72,Two year,Credit card (automatic),Fiber optic,Yes,Yes
6339-DKLMK,No,0,0.3632244132856861,No,Medium Risk,31.65,0.0,13,Month-to-month,Electronic check,DSL,No,No
1346-PJWTK,No,0,0.18454652795594378,No,Low Risk,94.15,0.0,61,Month-to-month,Credit card (automatic),Fiber optic,Yes,No
5088-QZLRL,No,0,0.3327967081322716,No,Medium Risk,20.65,0.0,1,Month-to-month,Electronic check,No,No internet service,No internet service
8023-QHAIO,No,0,0.2611972829923002,No,Low Risk,76.85,0.0,56,Month-to-month,Bank transfer (automatic),Fiber optic,Yes,No
4397-FRLTA,No,0,0.14575567919699448,No,Low Risk,20.15,0.0,4,Month-to-month,Mailed check,No,No internet service,No internet service
3057-VJJQE,No,0,0.03971879831521946,No,Low Risk,55.25,0.0,35,Two year,Mailed check,DSL,No,Yes
5087-SUURX,Yes,1,0.38171733264616414,No,Medium Risk,39.05,0.0,18,Month-to-month,Electronic check,DSL,No,No
2302-OUZXB,No,0,0.048094848784158095,No,Low Risk,82.15,0.0,72,Two year,Bank transfer (automatic),DSL,No,No
8133-ANHHJ,No,0,0.1597456473603399,No,Low Risk,103.0,0.0,49,One year,Bank transfer (automatic),Fiber optic,Yes,Yes
2270-CHBFN,No,0,0.18328442810320314,No,Low Risk,95.1,0.0,44,Month-to-month,Credit card (automatic),Fiber optic,Yes,Yes
0013-EXCHZ,Yes,1,0.6094378961648786,Yes,High Risk,83.9,83.9,3,Month-to-month,Mailed check,Fiber optic,Yes,No
5982-FPVQN,No,0,0.4553919956370357,No,Medium Risk,95.15,0.0,37,Month-to-month,Electronic check,Fiber optic,No,No
9107-UKCKY,No,0,0.1430250550664743,No,Low Risk,79.8,0.0,61,One year,Electronic check,DSL,No,No
4654-ULTTN,No,0,0.03076920638789866,No,Low Risk,74.8,0.0,70,Two year,Credit card (automatic),DSL,Yes,Yes
5550-VFRLC,Yes,1,0.8338856621320575,Yes,High Risk,69.85,69.85,1,Month-to-month,Electronic check,Fiber optic,No,No
5546-BYZSM,No,0,0.08889570097676655,No,Low Risk,20.45,0.0,41,Month-to-month,Electronic check,No,No internet service,No internet service
1492-KGETH,No,0,0.04984844935133018,No,Low Risk,78.35,0.0,70,One year,Bank transfer (automatic),DSL,Yes,Yes
4929-BSTRX,Yes,1,0.6571204483126537,Yes,High Risk,53.55,53.55,1,Month-to-month,Mailed check,DSL,No,No
4163-HFTUK,No,0,0.049247324364634845,No,Low Risk,19.1,0.0,51,One year,Electronic check,No,No internet service,No internet service
8215-NGSPE,No,0,0.022063916656277653,No,Low Risk,20.0,0.0,42,Two year,Mailed check,No,No internet service,No internet service
2225-ZRGSG,Yes,1,0.044227025026214374,No,Low Risk,93.9,0.0,70,Two year,Bank transfer (automatic),Fiber optic,Yes,Yes
8859-YSTWS,No,0,0.03713218255245417,No,Low Risk,19.95,0.0,48,One year,Bank transfer (automatic),No,No internet service,No internet service
5271-YNWVR,Yes,1,0.10425413274131187,No,Low Risk,113.15,0.0,68,Two year,Electronic check,Fiber optic,Yes,Yes
7601-DHFWZ,No,0,0.02528128834911229,No,Low Risk,24.0,0.0,48,Two year,Credit card (automatic),No,No internet service,No internet service
2657-ALMWY,Yes,1,0.38444278559018397,No,Medium Risk,84.95,0.0,26,Month-to-month,Electronic check,Fiber optic,No,No
6330-JKLPC,Yes,1,0.5024601271151182,Yes,Medium Risk,80.5,0.0,11,Month-to-month,Bank transfer (automatic),Fiber optic,No,No
4667-OHGKG,Yes,1,0.3643492574644425,No,Medium Risk,19.3,0.0,1,Month-to-month,Mailed check,No,No internet service,No internet service
1998-VHJHK,No,0,0.03713218255245417,No,Low Risk,19.15,0.0,27,One year,Mailed check,No,No internet service,No internet service
1707-HABPF,No,0,0.12183290927445553,No,Low Risk,91.3,0.0,46,One year,Bank transfer (automatic),Fiber optic,No,No
1660-HSOOQ,Yes,1,0.5919531673413575,Yes,Medium Risk,49.65,0.0,1,Month-to-month,Mailed check,DSL,No,No
7253-UVNDW,Yes,1,0.03454524025619747,No,Low Risk,54.35,0.0,46,Two year,Credit card (automatic),DSL,Yes,No
0487-VVUVK,No,0,0.08969925963564497,No,Low Risk,19.15,0.0,25,Month-to-month,Mailed check,No,No internet service,No internet service
7228-OMTPN,Yes,1,0.7312417763252,Yes,High Risk,88.45,88.45,4,Month-to-month,Electronic check,Fiber optic,No,No
5063-IUOKK,No,0,0.031345668258446514,No,Low Risk,19.75,0.0,13,Two year,Mailed check,No,No internet service,No internet service
4508-OEBEY,No,0,0.05706288108878231,No,Low Risk,75.5,0.0,31,One year,Credit card (automatic),DSL,Yes,Yes
0027-KWYKW,No,0,0.5259362420315611,Yes,Medium Risk,83.75,0.0,23,Month-to-month,Electronic check,Fiber optic,No,No
2308-STERM,No,0,0.1794584042671467,No,Low Risk,19.4,0.0,2,Month-to-month,Mailed check,No,No internet service,No internet service
5982-XMDEX,No,0,0.02325702251472386,No,Low Risk,26.5,0.0,65,Two year,Bank transfer (automatic),No,No internet service,No internet service
6284-AHOOQ,Yes,1,0.4068433269514404,No,Medium Risk,90.5,0.0,22,Month-to-month,Bank transfer (automatic),Fiber optic,Yes,No
6051-PTVNS,No,0,0.03604867929473934,No,Low Risk,19.15,0.0,55,One year,Credit card (automatic),No,No internet service,No internet service
2344-JMOGN,Yes,1,0.4580704021450759,No,Medium Risk,94.85,0.0,9,Month-to-month,Mailed check,Fiber optic,Yes,No
3799-ISUZQ,Yes,1,0.5147396971368005,Yes,Medium Risk,69.95,0.0,7,Month-to-month,Bank transfer (automatic),Fiber optic,No,No
2877-VDUER,No,0,0.07327966858012991,No,Low Risk,40.9,0.0,35,One year,Mailed check,DSL,Yes,No
9152-AMKAK,No,0,0.06424442073314361,No,Low Risk,80.25,0.0,6,Two year,Mailed check,DSL,Yes,Yes
1794-HBQTJ,Yes,1,0.4629676256897485,No,Medium Risk,48.6,0.0,1,Month-to-month,Credit card (automatic),DSL,No,Yes
9432-VOFYX,No,0,0.5052759192192682,Yes,Medium Risk,70.8,0.0,17,Month-to-month,Electronic check,Fiber optic,No,No
8049-WJCLQ,No,0,0.26131082754267937,No,Low Risk,60.2,0.0,10,Month-to-month,Mailed check,DSL,No,No
6586-PSJOX,No,0,0.08258820742882166,No,Low Risk,55.2,0.0,15,One year,Credit card (automatic),DSL,Yes,No
2460-FPSYH,Yes,1,0.27234459756166013,No,Low Risk,55.8,0.0,40,Month-to-month,Electronic check,DSL,No,Yes
9705-ZJBCG,No,0,0.06094753822442073,No,Low Risk,54.15,0.0,13,One year,Bank transfer (automatic),DSL,Yes,Yes
4818-DRBQT,Yes,1,0.35145521143066455,No,Medium Risk,80.15,0.0,29,Month-to-month,Bank transfer (automatic),Fiber optic,No,No
1320-HTRDR,Yes,1,0.7119176124462673,Yes,High Risk,75.5,75.5,3,Month-to-month,Electronic check,Fiber optic,No,No
6847-KJLTS,No,0,0.36778537863028077,No,Medium Risk,100.4,0.0,58,Month-to-month,Bank transfer (automatic),Fiber optic,Yes,No
9670-BPNXF,No,0,0.04280800615841754,No,Low Risk,62.55,0.0,45,One year,Credit card (automatic),DSL,Yes,Yes
3913-FCUUW,No,0,0.021096498580400552,No,Low Risk,70.45,0.0,72,Two year,Bank transfer (automatic),DSL,Yes,Yes
3301-VKTGC,No,0,0.0698280961808399,No,Low Risk,85.5,0.0,68,One year,Bank transfer (automatic),Fiber optic,No,Yes
1493-AMTIE,Yes,1,0.3643492574644425,No,Medium Risk,20.2,0.0,1,Month-to-month,Bank transfer (automatic),No,No internet service,No internet service
9555-SAHUZ,No,0,0.11636062993790332,No,Low Risk,54.5,0.0,38,Month-to-month,Electronic check,DSL,No,Yes
0816-TSPHQ,No,0,0.1794584042671467,No,Low Risk,20.75,0.0,2,Month-to-month,Mailed check,No,No internet service,No internet service
9932-WBWIK,No,0,0.09930474927834759,No,Low Risk,20.35,0.0,11,Month-to-month,Mailed check,No,No internet service,No internet service
4619-EVPHY,No,0,0.21843169038783977,No,Low Risk,91.0,0.0,20,One year,Bank transfer (automatic),Fiber optic,No,No
5286-YHCVC,No,0,0.10278242858388585,No,Low Risk,104.8,0.0,72,Two year,Bank transfer (automatic),Fiber optic,No,No
6424-ELEYH,Yes,1,0.6617457823283381,Yes,High Risk,74.75,74.75,3,Month-to-month,Credit card (automatic),Fiber optic,No,No
4391-RESHN,Yes,1,0.494164149400493,No,Medium Risk,104.05,0.0,23,Month-to-month,Mailed check,Fiber optic,Yes,No
9115-YQHGA,No,0,0.18035697204024598,No,Low Risk,51.1,0.0,40,Month-to-month,Electronic check,DSL,Yes,No
4462-CYWMH,No,0,0.2676733722476295,No,Low Risk,89.8,0.0,62,Month-to-month,Bank transfer (automatic),Fiber optic,No,No
8963-MQVYN,No,0,0.14191424384362464,No,Low Risk,20.55,0.0,22,Month-to-month,Electronic check,No,No internet service,No internet service
2458-EOMRE,No,0,0.16237023428515562,No,Low Risk,64.05,0.0,11,Month-to-month,Bank transfer (automatic),DSL,No,Yes
9334-GWGOW,No,0,0.6934328187141576,Yes,High Risk,74.85,74.85,7,Month-to-month,Electronic check,Fiber optic,No,No
6821-BUXUX,Yes,1,0.5813544327517942,Yes,Medium Risk,96.65,0.0,13,Month-to-month,Electronic check,Fiber optic,No,Yes
5028-HTLJB,Yes,1,0.46080532861653306,No,Medium Risk,20.05,0.0,1,Month-to-month,Mailed check,No,No internet service,No internet service
9801-GDWGV,Yes,1,0.5740146475229408,Yes,Medium Risk,103.45,0.0,39,Month-to-month,Electronic check,Fiber optic,No,No
6542-LWGXJ,No,0,0.4759413198455601,No,Medium Risk,25.0,0.0,3,Month-to-month,Mailed check,DSL,No,No
5567-GZKQY,No,0,0.021652083126167454,No,Low Risk,20.3,0.0,58,Two year,Credit card (automatic),No,No internet service,No internet service
1222-LRYKO,No,0,0.12113749543886661,No,Low Risk,26.35,0.0,6,Month-to-month,Mailed check,No,No internet service,No internet service
2320-JRSDE,Yes,1,0.413006936199585,No,Medium Risk,19.9,0.0,1,Month-to-month,Electronic check,No,No internet service,No internet service
2087-QAREY,No,0,0.17580789133996977,No,Low Risk,54.7,0.0,22,Month-to-month,Mailed check,DSL,No,No
0601-WZHJF,Yes,1,0.361898829375379,No,Medium Risk,46.35,0.0,14,Month-to-month,Electronic check,DSL,No,No
4423-JWZJN,No,0,0.10976784441776943,No,Low Risk,90.25,0.0,64,One year,Credit card (automatic),Fiber optic,No,No
5143-WMWOG,Yes,1,0.3327967081322716,No,Medium Risk,19.95,0.0,1,Month-to-month,Electronic check,No,No internet service,No internet service
6490-FGZAT,No,0,0.10347861186483555,No,Low Risk,20.65,0.0,6,Month-to-month,Mailed check,No,No internet service,No internet service
5393-RXQSZ,Yes,1,0.774090400252101,Yes,High Risk,79.6,79.6,1,Month-to-month,Electronic check,Fiber optic,No,No
7452-FOLON,No,0,0.04354771852167524,No,Low Risk,25.45,0.0,39,One year,Bank transfer (automatic),No,No internet service,No internet service
2320-TZRRH,No,0,0.041281181191654276,No,Low Risk,19.5,0.0,20,One year,Mailed check,No,No internet service,No internet service
0231-LXVAP,Yes,1,0.7288571990587409,Yes,High Risk,75.9,75.9,1,Month-to-month,Electronic check,Fiber optic,Yes,No
9444-JTXHZ,Yes,1,0.7436194471256012,Yes,High Risk,76.2,76.2,1,Month-to-month,Electronic check,Fiber optic,No,No
4942-VZZOM,No,0,0.07352306669989278,No,Low Risk,66.15,0.0,64,One year,Credit card (automatic),DSL,No,Yes
5510-BOIUJ,Yes,1,0.28854668307528797,No,Low Risk,19.25,0.0,1,Month-to-month,Mailed check,No,No internet service,No internet service
7502-BNYGS,No,0,0.187512270760863,No,Low Risk,69.1,0.0,46,Month-to-month,Credit card (automatic),DSL,No,No
4291-HYEBC,No,0,0.17552485442991184,No,Low Risk,39.1,0.0,28,One year,Electronic check,DSL,No,No
6147-CBCRA,No,0,0.06772157046635292,No,Low Risk,20.05,0.0,33,Month-to-month,Mailed check,No,No internet service,No internet service
6047-SUHPR,No,0,0.06535651029017026,No,Low Risk,59.8,0.0,39,One year,Electronic check,DSL,No,Yes
4471-KXAUH,Yes,1,0.36346741873757404,No,Medium Risk,84.3,0.0,42,Month-to-month,Electronic check,Fiber optic,Yes,No
9752-ZNQUT,No,0,0.6005260182978827,Yes,High Risk,48.6,48.6,1,Month-to-month,Electronic check,DSL,No,No
7638-QVMVY,Yes,1,0.6576344280243135,Yes,High Risk,79.0,79.0,7,Month-to-month,Electronic check,Fiber optic,No,No
1576-PFZIW,No,0,0.08084062346119472,No,Low Risk,105.35,0.0,70,Two year,Credit card (automatic),Fiber optic,No,Yes
5666-MBJPT,No,0,0.02428168161540493,No,Low Risk,25.1,0.0,65,Two year,Bank transfer (automatic),No,No internet service,No internet service
7312-XSBAT,No,0,0.4462350126491351,No,Medium Risk,49.75,0.0,1,Month-to-month,Electronic check,DSL,No,Yes
3096-GKWEB,No,0,0.6191957375440463,Yes,High Risk,94.75,94.75,18,Month-to-month,Electronic check,Fiber optic,No,No
2371-JQHZZ,No,0,0.5645375045026675,Yes,Medium Risk,93.0,0.0,24,Month-to-month,Electronic check,Fiber optic,No,No
0674-GCDXG,No,0,0.030212188850939434,No,Low Risk,71.9,0.0,63,Two year,Bank transfer (automatic),DSL,Yes,Yes
1121-QSIVB,No,0,0.11099795230026499,No,Low Risk,77.55,0.0,44,One year,Mailed check,DSL,No,No
4396-KLSEH,No,0,0.20992034089727402,No,Low Risk,19.85,0.0,4,Month-to-month,Electronic check,No,No internet service,No internet service
3244-DCJWY,Yes,1,0.804979670889202,Yes,High Risk,70.25,70.25,1,Month-to-month,Electronic check,Fiber optic,No,No
2824-MYYBN,No,0,0.5205916970580158,Yes,Medium Risk,95.25,0.0,37,Month-to-month,Electronic check,Fiber optic,No,No
0875-CABNR,Yes,1,0.6242285138381563,Yes,High Risk,84.6,84.6,10,Month-to-month,Credit card (automatic),Fiber optic,No,No
6345-HOVES,No,0,0.21190958394090312,No,Low Risk,25.05,0.0,34,Month-to-month,Bank transfer (automatic),DSL,No,No
8318-LCNBW,No,0,0.08539331233030974,No,Low Risk,53.15,0.0,35,One year,Credit card (automatic),DSL,No,Yes
6469-QJKZW,No,0,0.16188561110614572,No,Low Risk,20.15,0.0,4,Month-to-month,Electronic check,No,No internet service,No internet service
0147-ESWWR,No,0,0.5388695310440109,Yes,Medium Risk,101.25,0.0,39,Month-to-month,Electronic check,Fiber optic,Yes,No
1217-VASWC,No,0,0.24245171645456157,No,Low Risk,100.55,0.0,43,One year,Bank transfer (automatic),Fiber optic,No,No
7812-FZHPE,Yes,1,0.09874309030088316,No,Low Risk,24.1,0.0,17,Month-to-month,Mailed check,No,No internet service,No internet service
6370-ZVHDV,No,0,0.02325702251472386,No,Low Risk,25.3,0.0,61,Two year,Bank transfer (automatic),No,No internet service,No internet service
5915-DGNVC,No,0,0.09218610451530727,No,Low Risk,71.8,0.0,49,One year,Electronic check,DSL,No,Yes
6260-XLACS,No,0,0.07612574092107081,No,Low Risk,19.7,0.0,4,One year,Mailed check,No,No internet service,No internet service
3566-CAAYU,No,0,0.05216048214636221,No,Low Risk,49.85,0.0,64,Two year,Electronic check,DSL,Yes,No
4983-CCWMC,No,0,0.6065023758185168,Yes,High Risk,69.6,69.6,3,Month-to-month,Mailed check,Fiber optic,No,No
9103-CXVOK,No,0,0.3315238981683396,No,Medium Risk,19.75,0.0,1,Month-to-month,Electronic check,No,No internet service,No internet service
2896-TBNBE,No,0,0.1118683479048068,No,Low Risk,80.8,0.0,40,One year,Electronic check,Fiber optic,No,No
4797-AXPXK,Yes,1,0.40212595583590455,No,Medium Risk,60.0,0.0,1,Month-to-month,Electronic check,DSL,Yes,Yes
5229-PRWKT,Yes,1,0.7013019075133793,Yes,High Risk,86.55,86.55,8,Month-to-month,Electronic check,Fiber optic,No,No
6982-UQZLY,Yes,1,0.5214127882506167,Yes,Medium Risk,20.85,0.0,1,Month-to-month,Mailed check,No,No internet service,No internet service
2522-WLNSF,No,0,0.07656508414839333,No,Low Risk,64.2,0.0,34,One year,Bank transfer (automatic),DSL,Yes,No
3841-CONLJ,No,0,0.6134418482496382,Yes,High Risk,35.0,35.0,1,Month-to-month,Electronic check,DSL,No,No
5057-LCOUI,Yes,1,0.34207828523254286,No,Medium Risk,50.75,0.0,39,Month-to-month,Electronic check,DSL,No,No
0193-ESZXP,Yes,1,0.15195310617456909,No,Low Risk,105.5,0.0,58,One year,Credit card (automatic),Fiber optic,Yes,Yes
4475-NVTLU,No,0,0.029412905525514108,No,Low Risk,19.2,0.0,45,Two year,Electronic check,No,No internet service,No internet service
4369-HTUIF,Yes,1,0.49559607062215316,No,Medium Risk,85.15,0.0,6,Month-to-month,Bank transfer (automatic),Fiber optic,No,Yes
9386-LDCZR,No,0,0.06783040775349608,No,Low Risk,90.65,0.0,43,One year,Credit card (automatic),Fiber optic,Yes,Yes
9585-KKMFD,No,0,0.02660635952766149,No,Low Risk,20.0,0.0,41,Two year,Mailed check,No,No internet service,No internet service
5399-ZIMKF,No,0,0.6202664927029802,Yes,High Risk,74.65,74.65,5,Month-to-month,Electronic check,Fiber optic,No,No
0336-KXKFK,No,0,0.03003235535607338,No,Low Risk,61.2,0.0,72,Two year,Credit card (automatic),DSL,Yes,Yes
5619-XZZKR,No,0,0.07612574092107081,No,Low Risk,19.95,0.0,4,One year,Mailed check,No,No internet service,No internet service
3948-FVVRP,No,0,0.1524491568678765,No,Low Risk,54.8,0.0,9,Month-to-month,Mailed check,DSL,Yes,No
5327-XOKKY,No,0,0.0581291254561474,No,Low Risk,73.45,0.0,72,Two year,Credit card (automatic),DSL,No,No
0983-TATYJ,No,0,0.06605326765089843,No,Low Risk,51.45,0.0,33,One year,Mailed check,DSL,Yes,No
1813-JYWTO,No,0,0.04140429356836883,No,Low Risk,80.45,0.0,72,Two year,Bank transfer (automatic),Fiber optic,No,Yes
0156-FVPTA,Yes,1,0.16325191975135167,No,Low Risk,54.2,0.0,22,Month-to-month,Electronic check,DSL,Yes,Yes
1984-FCOWB,Yes,1,0.22926465020405154,No,Low Risk,109.5,0.0,70,One year,Electronic check,Fiber optic,Yes,No
0654-HMSHN,Yes,1,0.583656874615909,Yes,Medium Risk,104.4,0.0,21,Month-to-month,Electronic check,Fiber optic,No,No
6719-OXYBR,No,0,0.5211458907404174,Yes,Medium Risk,85.3,0.0,15,Month-to-month,Electronic check,Fiber optic,No,No
3312-ZWLGF,No,0,0.4452289077324217,No,Medium Risk,79.3,0.0,29,Month-to-month,Electronic check,Fiber optic,Yes,No
6476-YHMGA,No,0,0.1721326003266581,No,Low Risk,76.5,0.0,15,Month-to-month,Bank transfer (automatic),DSL,Yes,No
5287-QWLKY,Yes,1,0.2540413082244017,No,Low Risk,105.1,0.0,71,Month-to-month,Credit card (automatic),Fiber optic,No,Yes
0795-XCCTE,No,0,0.02325211813512593,No,Low Risk,25.4,0.0,72,Two year,Bank transfer (automatic),No,No internet service,No internet service
0168-XZKBB,No,0,0.5683191879698304,Yes,Medium Risk,86.85,0.0,19,Month-to-month,Electronic check,Fiber optic,No,No
3785-NRHYR,No,0,0.29872100466145696,No,Low Risk,19.65,0.0,1,Month-to-month,Mailed check,No,No internet service,No internet service
5196-SGOAK,Yes,1,0.780039190648186,Yes,High Risk,75.7,75.7,1,Month-to-month,Electronic check,Fiber optic,No,No
4537-DKTAL,No,0,0.47193797387130487,No,Medium Risk,45.55,0.0,2,Month-to-month,Electronic check,DSL,No,No
7072-MBHEV,No,0,0.5786079393394991,Yes,Medium Risk,78.1,0.0,11,Month-to-month,Credit card (automatic),Fiber optic,No,No
5602-BVFMK,No,0,0.055295591634267206,No,Low Risk,19.3,0.0,12,One year,Mailed check,No,No internet service,No internet service
6297-NOOPG,No,0,0.1344204262707181,No,Low Risk,110.5,0.0,70,Two year,Electronic check,Fiber optic,Yes,No
1891-UAWWU,Yes,1,0.5098275811651992,Yes,Medium Risk,90.8,0.0,20,Month-to-month,Electronic check,Fiber optic,No,No
8204-TIFGJ,No,0,0.0922178355603814,No,Low Risk,20.3,0.0,23,Month-to-month,Bank transfer (automatic),No,No internet service,No internet service
8050-DVOJX,No,0,0.037988233236364806,No,Low Risk,81.35,0.0,49,Two year,Credit card (automatic),DSL,Yes,Yes
6108-OQZDQ,Yes,1,0.7934187523103664,Yes,High Risk,97.95,97.95,4,Month-to-month,Electronic check,Fiber optic,No,No
0363-QJVFX,Yes,1,0.3352430404121381,No,Medium Risk,108.15,0.0,32,Month-to-month,Credit card (automatic),Fiber optic,Yes,Yes
8903-XEBGX,No,0,0.5436962218054437,Yes,Medium Risk,55.3,0.0,2,Month-to-month,Electronic check,DSL,No,No
8169-SAEJD,No,0,0.0448668592951015,No,Low Risk,56.55,0.0,69,Two year,Credit card (automatic),DSL,No,Yes
9840-DVNDC,Yes,1,0.5927370571027033,Yes,Medium Risk,80.5,0.0,6,Month-to-month,Credit card (automatic),Fiber optic,No,No
1089-XZWHH,No,0,0.029156007519566488,No,Low Risk,19.7,0.0,24,Two year,Mailed check,No,No internet service,No internet service
2325-WINES,No,0,0.2639687258136228,No,Low Risk,104.05,0.0,32,One year,Credit card (automatic),Fiber optic,No,No
6064-ZATLR,No,0,0.03044896815194916,No,Low Risk,52.85,0.0,27,Two year,Bank transfer (automatic),DSL,No,Yes
3096-JRDSO,Yes,1,0.4224315109661892,No,Medium Risk,104.3,0.0,27,Month-to-month,Bank transfer (automatic),Fiber optic,Yes,Yes
7824-PANSQ,No,0,0.20055325436916824,No,Low Risk,80.65,0.0,58,Month-to-month,Bank transfer (automatic),Fiber optic,Yes,No
8042-JVNFH,Yes,1,0.7653546055196001,Yes,High Risk,71.35,71.35,1,Month-to-month,Mailed check,Fiber optic,No,No
9648-BCHKM,No,0,0.03408158237072016,No,Low Risk,24.65,0.0,18,Two year,Credit card (automatic),No,No internet service,No internet service
2888-ADFAO,No,0,0.023509376239516242,No,Low Risk,21.3,0.0,47,Two year,Bank transfer (automatic),No,No internet service,No internet service
8707-HOEDG,No,0,0.1309154707233625,No,Low Risk,110.2,0.0,70,Two year,Electronic check,Fiber optic,Yes,No
3374-LXDEV,Yes,1,0.4482209659303658,No,Medium Risk,89.4,0.0,13,Month-to-month,Electronic check,Fiber optic,Yes,No
4072-IPYLT,No,0,0.09822529113752372,No,Low Risk,51.05,0.0,36,Month-to-month,Credit card (automatic),DSL,No,Yes
7167-PCEYD,No,0,0.021757854686503122,No,Low Risk,19.8,0.0,67,Two year,Mailed check,No,No internet service,No internet service
4936-YPJNK,No,0,0.12306381547305874,No,Low Risk,19.9,0.0,10,Month-to-month,Mailed check,No,No internet service,No internet service
1580-BMCMR,No,0,0.4495472227402939,No,Medium Risk,87.3,0.0,19,Month-to-month,Electronic check,Fiber optic,No,Yes
4817-KEQSP,No,0,0.018159855412516312,No,Low Risk,19.85,0.0,71,Two year,Bank transfer (automatic),No,No internet service,No internet service
6408-WHTEF,No,0,0.025994298435742698,No,Low Risk,89.4,0.0,72,Two year,Mailed check,DSL,Yes,Yes
9251-AWQGT,No,0,0.022063916656277653,No,Low Risk,20.0,0.0,48,Two year,Mailed check,No,No internet service,No internet service
8749-CLJXC,No,0,0.29872100466145696,No,Low Risk,20.05,0.0,1,Month-to-month,Mailed check,No,No internet service,No internet service
7989-VCQOH,No,0,0.1608487607923832,No,Low Risk,83.25,0.0,18,Month-to-month,Electronic check,DSL,Yes,Yes
5049-GLYVG,Yes,1,0.29872100466145696,No,Low Risk,20.6,0.0,1,Month-to-month,Mailed check,No,No internet service,No internet service
4199-QHJNM,No,0,0.09196738730167862,No,Low Risk,102.9,0.0,67,Two year,Bank transfer (automatic),Fiber optic,Yes,No
8882-TLVRW,No,0,0.02822802463804634,No,Low Risk,39.1,0.0,69,Two year,Mailed check,DSL,Yes,Yes
5883-GTGVD,Yes,1,0.6730716312584512,Yes,High Risk,99.95,99.95,19,Month-to-month,Electronic check,Fiber optic,No,No
5135-GRQJV,No,0,0.044481231375082655,No,Low Risk,114.5,0.0,72,Two year,Mailed check,Fiber optic,Yes,Yes
2384-OVPSA,No,0,0.028382843766431264,No,Low Risk,20.2,0.0,38,Two year,Mailed check,No,No internet service,No internet service
1371-WEPDS,No,0,0.1250005960514069,No,Low Risk,55.8,0.0,40,One year,Electronic check,DSL,No,No
3580-GICBM,No,0,0.02357034535425262,No,Low Risk,24.2,0.0,61,Two year,Mailed check,No,No internet service,No internet service
4817-QRJSX,Yes,1,0.5390959618954653,Yes,Medium Risk,81.0,0.0,10,Month-to-month,Credit card (automatic),Fiber optic,No,No
9730-DRTMJ,No,0,0.07261253215743947,No,Low Risk,72.8,0.0,32,One year,Credit card (automatic),DSL,Yes,Yes
4686-UXDML,No,0,0.5469592471461507,Yes,Medium Risk,99.85,0.0,21,Month-to-month,Credit card (automatic),Fiber optic,No,No
3349-ANQNH,No,0,0.261644402150018,No,Low Risk,99.5,0.0,59,One year,Electronic check,Fiber optic,No,No
2398-YPMUR,Yes,1,0.5870476722386488,Yes,Medium Risk,70.15,0.0,13,Month-to-month,Electronic check,Fiber optic,No,No
0932-YIXYU,No,0,0.022188061443804846,No,Low Risk,20.25,0.0,47,Two year,Credit card (automatic),No,No internet service,No internet service
7480-SPLEF,No,0,0.02357034535425262,No,Low Risk,26.0,0.0,69,Two year,Bank transfer (automatic),No,No internet service,No internet service
7636-XUHWW,No,0,0.23499464505099146,No,Low Risk,19.9,0.0,2,Month-to-month,Credit card (automatic),No,No internet service,No internet service
1431-CYWMH,No,0,0.07462499583902941,No,Low Risk,19.05,0.0,22,Month-to-month,Bank transfer (automatic),No,No internet service,No internet service
5937-EORGB,No,0,0.6470179322665474,Yes,High Risk,96.5,96.5,15,Month-to-month,Electronic check,Fiber optic,No,Yes
6349-JDHQP,No,0,0.022188061443804846,No,Low Risk,19.85,0.0,53,Two year,Credit card (automatic),No,No internet service,No internet service
5539-HIVAK,No,0,0.09994422322977552,No,Low Risk,25.7,0.0,28,Month-to-month,Mailed check,No,No internet service,No internet service
5847-MXBEO,No,0,0.041281181191654276,No,Low Risk,20.3,0.0,22,One year,Mailed check,No,No internet service,No internet service
9985-MWVIX,Yes,1,0.7653546055196001,Yes,High Risk,70.15,70.15,1,Month-to-month,Mailed check,Fiber optic,No,No
4583-PARNH,No,0,0.580233513729643,Yes,Medium Risk,91.55,0.0,16,Month-to-month,Electronic check,Fiber optic,Yes,No
1116-FRYVH,No,0,0.026006274305754667,No,Low Risk,39.4,0.0,48,Two year,Mailed check,DSL,Yes,Yes
1421-HCERK,No,0,0.34817567895033247,No,Medium Risk,105.7,0.0,30,Month-to-month,Bank transfer (automatic),Fiber optic,Yes,Yes
9633-XQABV,No,0,0.6534572742343966,Yes,High Risk,70.25,70.25,3,Month-to-month,Electronic check,Fiber optic,No,No
0716-BQNDX,No,0,0.08509503772914495,No,Low Risk,93.75,0.0,57,Two year,Electronic check,Fiber optic,Yes,Yes
1265-XTECC,Yes,1,0.12849375000215046,No,Low Risk,96.55,0.0,68,One year,Credit card (automatic),Fiber optic,No,Yes
1183-CANVH,No,0,0.06598527956027024,No,Low Risk,60.0,0.0,23,One year,Bank transfer (automatic),DSL,Yes,No
1972-XMUWV,No,0,0.03710064252865482,No,Low Risk,59.8,0.0,65,Two year,Credit card (automatic),DSL,Yes,No
8679-LZBMD,No,0,0.1304269375989208,No,Low Risk,90.65,0.0,44,One year,Bank transfer (automatic),Fiber optic,No,No
3407-JMJQQ,No,0,0.07906768356995003,No,Low Risk,109.0,0.0,71,Two year,Bank transfer (automatic),Fiber optic,No,Yes
6252-DFGTK,No,0,0.05191201980655058,No,Low Risk,68.1,0.0,37,One year,Credit card (automatic),DSL,Yes,Yes
1539-LNKHM,No,0,0.09930474927834759,No,Low Risk,20.4,0.0,12,Month-to-month,Mailed check,No,No internet service,No internet service
8645-KOMJQ,No,0,0.04031851491869811,No,Low Risk,81.95,0.0,69,Two year,Bank transfer (automatic),DSL,Yes,No
0289-IVARM,No,0,0.12216690723280135,No,Low Risk,60.55,0.0,35,Month-to-month,Electronic check,DSL,No,Yes
9761-XUJWD,No,0,0.30452120085300277,No,Medium Risk,65.6,0.0,5,Month-to-month,Bank transfer (automatic),DSL,Yes,No
4057-FKCZK,No,0,0.07156251111734191,No,Low Risk,82.5,0.0,58,Two year,Bank transfer (automatic),Fiber optic,No,No
4291-TPNFG,No,0,0.024015131218901375,No,Low Risk,82.3,0.0,72,Two year,Bank transfer (automatic),DSL,Yes,Yes
6087-YPWHO,No,0,0.021285348177522916,No,Low Risk,68.15,0.0,72,Two year,Mailed check,DSL,Yes,Yes
3090-QFUVD,No,0,0.2826017694481827,No,Low Risk,20.3,0.0,1,Month-to-month,Credit card (automatic),No,No internet service,No internet service
2237-ZFSMY,Yes,1,0.16775458369850887,No,Low Risk,95.55,0.0,39,One year,Electronic check,Fiber optic,Yes,Yes
1722-LDZJS,No,0,0.03692758139743251,No,Low Risk,20.2,0.0,53,One year,Credit card (automatic),No,No internet service,No internet service
1818-ESQMW,No,0,0.3814329429978523,No,Medium Risk,89.2,0.0,27,Month-to-month,Electronic check,Fiber optic,Yes,No
4871-JTKJF,Yes,1,0.8338856621320575,Yes,High Risk,69.65,69.65,1,Month-to-month,Electronic check,Fiber optic,No,No
1415-YFWLT,Yes,1,0.8677231863836754,Yes,High Risk,89.3,89.3,1,Month-to-month,Electronic check,Fiber optic,No,No
7401-RUBNK,No,0,0.2892696781476217,No,Low Risk,74.8,0.0,18,Month-to-month,Electronic check,Fiber optic,No,Yes
0506-YLVKJ,No,0,0.023509376239516242,No,Low Risk,20.2,0.0,46,Two year,Mailed check,No,No internet service,No internet service
8661-BOYNW,No,0,0.030095151343094505,No,Low Risk,84.4,0.0,72,Two year,Credit card (automatic),DSL,Yes,Yes
6711-VTNRE,Yes,1,0.3814329429978523,No,Medium Risk,87.55,0.0,36,Month-to-month,Electronic check,Fiber optic,Yes,No
4815-GBTCD,No,0,0.5688803086920802,Yes,Medium Risk,25.15,0.0,4,Month-to-month,Electronic check,DSL,No,No
2805-AUFQN,No,0,0.024324891126048586,No,Low Risk,19.8,0.0,25,Two year,Credit card (automatic),No,No internet service,No internet service
0980-PVMRC,No,0,0.305457574406374,No,Medium Risk,50.85,0.0,40,Month-to-month,Electronic check,DSL,No,No
7233-DRTRF,No,0,0.46444715524447344,No,Medium Risk,102.4,0.0,63,Month-to-month,Electronic check,Fiber optic,No,No
3500-RMZLT,Yes,1,0.44829824380208066,No,Medium Risk,96.3,0.0,15,Month-to-month,Mailed check,Fiber optic,Yes,Yes
3873-NFTGI,No,0,0.26416486502301323,No,Low Risk,55.5,0.0,14,Month-to-month,Credit card (automatic),DSL,No,No
1162-ECVII,No,0,0.056826345356246456,No,Low Risk,109.75,0.0,72,Two year,Bank transfer (automatic),Fiber optic,Yes,No
7048-GXDAY,No,0,0.492880668835752,No,Medium Risk,106.4,0.0,39,Month-to-month,Electronic check,Fiber optic,No,Yes
8571-ZCMCX,No,0,0.04917364659630123,No,Low Risk,60.0,0.0,47,Two year,Credit card (automatic),DSL,No,Yes
1169-WCVAK,No,0,0.2310353235629947,No,Low Risk,88.8,0.0,19,Month-to-month,Credit card (automatic),Fiber optic,Yes,Yes
4548-SDBKE,Yes,1,0.7696793616840368,Yes,High Risk,85.2,85.2,5,Month-to-month,Electronic check,Fiber optic,No,No
8066-POXGX,Yes,1,0.42855746613849705,No,Medium Risk,35.1,0.0,13,Month-to-month,Electronic check,DSL,No,No
7129-CAKJW,No,0,0.399240187842138,No,Medium Risk,80.05,0.0,17,Month-to-month,Bank transfer (automatic),Fiber optic,No,No
8695-ARGXZ,No,0,0.5151384082011681,Yes,Medium Risk,75.55,0.0,34,Month-to-month,Electronic check,Fiber optic,No,No
3570-YUEKJ,No,0,0.21710745722388414,No,Low Risk,49.55,0.0,42,Month-to-month,Electronic check,DSL,No,No
4143-OOBWZ,Yes,1,0.6943650134338519,Yes,High Risk,81.3,81.3,5,Month-to-month,Electronic check,Fiber optic,No,No
1555-HAPSU,No,0,0.020274978401497466,No,Low Risk,23.9,0.0,71,Two year,Credit card (automatic),No,No internet service,No internet service
1697-NVVGY,No,0,0.14737249521912243,No,Low Risk,66.4,0.0,19,Month-to-month,Bank transfer (automatic),DSL,No,Yes
7854-EKTJL,Yes,1,0.2671473429058075,No,Low Risk,19.6,0.0,2,Month-to-month,Electronic check,No,No internet service,No internet service
8464-EETCQ,No,0,0.021652083126167454,No,Low Risk,18.8,0.0,57,Two year,Credit card (automatic),No,No internet service,No internet service
2419-FSORS,No,0,0.11579297933659317,No,Low Risk,108.4,0.0,72,Two year,Electronic check,Fiber optic,Yes,No
8132-YPVBX,No,0,0.5619463904036652,Yes,Medium Risk,85.95,0.0,6,Month-to-month,Mailed check,Fiber optic,No,No
9102-IAYHT,Yes,1,0.6261100230715572,Yes,High Risk,85.45,85.45,17,Month-to-month,Electronic check,Fiber optic,No,No
6754-LZUKA,No,0,0.0550484664504049,No,Low Risk,80.9,0.0,61,Two year,Bank transfer (automatic),DSL,No,No
3422-LYEPQ,Yes,1,0.8001531129097432,Yes,High Risk,71.0,71.0,1,Month-to-month,Electronic check,Fiber optic,No,No
8099-MZPUJ,No,0,0.08355897959536218,No,Low Risk,111.8,0.0,48,Two year,Credit card (automatic),Fiber optic,Yes,Yes
0787-LHDYT,No,0,0.11194932642730071,No,Low Risk,20.6,0.0,16,Month-to-month,Credit card (automatic),No,No internet service,No internet service
2642-DTVCO,Yes,1,0.7356652149054671,Yes,High Risk,85.05,85.05,9,Month-to-month,Electronic check,Fiber optic,No,No
0374-IOEGQ,No,0,0.4069041691864057,No,Medium Risk,44.6,0.0,3,Month-to-month,Electronic check,DSL,No,No
4361-JEIVL,Yes,1,0.6403844862268419,Yes,High Risk,44.4,44.4,1,Month-to-month,Electronic check,DSL,No,No
3197-NNYNB,No,0,0.11132370655017824,No,Low Risk,105.1,0.0,65,Two year,Credit card (automatic),Fiber optic,No,No
3396-DKDEL,No,0,0.05094296353931647,No,Low Risk,115.15,0.0,70,Two year,Credit card (automatic),Fiber optic,Yes,Yes
1752-OZXFY,No,0,0.0617656584430737,No,Low Risk,59.8,0.0,60,One year,Mailed check,DSL,No,Yes
9066-QRSDU,No,0,0.06178266284419731,No,Low Risk,26.3,0.0,69,One year,Electronic check,No,No internet service,No internet service
9112-WSNPU,No,0,0.3644014272120425,No,Medium Risk,70.55,0.0,35,Month-to-month,Electronic check,Fiber optic,No,No
9867-NNXLC,No,0,0.09357514076029,No,Low Risk,20.05,0.0,22,Month-to-month,Mailed check,No,No internet service,No internet service
5321-NTRKC,No,0,0.054750758645064505,No,Low Risk,79.85,0.0,66,Two year,Bank transfer (automatic),DSL,No,No
1363-TXLSL,Yes,1,0.8280611934643353,Yes,High Risk,70.3,70.3,1,Month-to-month,Electronic check,Fiber optic,No,No
9507-EXLTT,Yes,1,0.8023199950476321,Yes,High Risk,79.35,79.35,1,Month-to-month,Bank transfer (automatic),Fiber optic,No,No
3161-GETRM,No,0,0.37039652443339094,No,Medium Risk,90.05,0.0,34,Month-to-month,Credit card (automatic),Fiber optic,No,No
0402-OAMEN,No,0,0.020274978401497466,No,Low Risk,24.45,0.0,72,Two year,Bank transfer (automatic),No,No internet service,No internet service
6933-VLYFX,No,0,0.0882319108388825,No,Low Risk,59.95,0.0,31,One year,Electronic check,DSL,Yes,Yes
6754-WKSHP,No,0,0.04354771852167524,No,Low Risk,25.35,0.0,30,One year,Bank transfer (automatic),No,No internet service,No internet service
9846-GKXAS,Yes,1,0.5988484589428574,Yes,Medium Risk,90.8,0.0,9,Month-to-month,Bank transfer (automatic),Fiber optic,No,No
6017-PPLPX,Yes,1,0.44788377573778526,No,Medium Risk,70.45,0.0,20,Month-to-month,Electronic check,Fiber optic,No,No
4976-LNFVV,No,0,0.25616232951980933,No,Low Risk,34.3,0.0,19,Month-to-month,Credit card (automatic),DSL,No,No
5055-MGMGF,No,0,0.39815475607948325,No,Medium Risk,105.05,0.0,65,Month-to-month,Electronic check,Fiber optic,No,Yes
4641-FROLU,No,0,0.022063916656277653,No,Low Risk,19.3,0.0,30,Two year,Mailed check,No,No internet service,No internet service
2862-JVEOY,No,0,0.057738288224302395,No,Low Risk,19.15,0.0,6,One year,Mailed check,No,No internet service,No internet service
2969-QWUBZ,No,0,0.5250581739444632,Yes,Medium Risk,51.4,0.0,2,Month-to-month,Electronic check,DSL,No,No
9822-BIIGN,No,0,0.1370900487372507,No,Low Risk,71.85,0.0,53,Month-to-month,Electronic check,DSL,Yes,Yes
2077-MPJQO,No,0,0.6934328187141576,Yes,High Risk,75.4,75.4,7,Month-to-month,Electronic check,Fiber optic,No,No
1534-OULXE,No,0,0.05443302546184967,No,Low Risk,49.7,0.0,61,One year,Bank transfer (automatic),DSL,No,Yes
7136-RVDTZ,Yes,1,0.17424761834960256,No,Low Risk,45.25,0.0,70,One year,Electronic check,DSL,No,No
2971-SGAFL,No,0,0.3506692651760012,No,Medium Risk,78.75,0.0,13,Month-to-month,Electronic check,DSL,No,Yes
1480-IVEVR,No,0,0.19818651178702124,No,Low Risk,81.6,0.0,35,One year,Bank transfer (automatic),Fiber optic,No,No
2905-KFQUV,No,0,0.6243405825089126,Yes,High Risk,70.4,70.4,2,Month-to-month,Credit card (automatic),Fiber optic,No,No
4581-SSPWD,Yes,1,0.7119176124462673,Yes,High Risk,75.8,75.8,3,Month-to-month,Electronic check,Fiber optic,No,No
3370-HXOPH,No,0,0.6285838554687767,Yes,High Risk,76.1,76.1,3,Month-to-month,Electronic check,Fiber optic,No,No
9391-YZEJW,No,0,0.17016181084317342,No,Low Risk,94.0,0.0,62,One year,Bank transfer (automatic),Fiber optic,No,No
9958-MEKUC,No,0,0.05550131703581756,No,Low Risk,103.95,0.0,72,Two year,Credit card (automatic),Fiber optic,Yes,Yes
0281-CNTZX,No,0,0.021757854686503122,No,Low Risk,19.95,0.0,63,Two year,Bank transfer (automatic),No,No internet service,No internet service
6927-WTFIV,Yes,1,0.3254462859974172,No,Medium Risk,71.3,0.0,20,Month-to-month,Credit card (automatic),Fiber optic,No,No
4118-CEVPF,No,0,0.21654829178491514,No,Low Risk,110.8,0.0,35,One year,Bank transfer (automatic),Fiber optic,Yes,Yes
3398-ZOUAA,Yes,1,0.4978226147361879,No,Medium Risk,69.1,0.0,21,Month-to-month,Electronic check,Fiber optic,No,No
9114-VEPUF,No,0,0.1552335282057579,No,Low Risk,96.1,0.0,62,One year,Electronic check,Fiber optic,No,Yes
7876-BEUTG,No,0,0.3000541052338974,No,Medium Risk,48.8,0.0,15,Month-to-month,Mailed check,DSL,No,No
2338-BQEZT,No,0,0.11297735797552404,No,Low Risk,50.55,0.0,55,Month-to-month,Credit card (automatic),DSL,No,Yes
9873-MNDKV,No,0,0.26809194212287535,No,Low Risk,44.65,0.0,11,Month-to-month,Mailed check,DSL,No,No
0378-NHQXU,Yes,1,0.5474665932113582,Yes,Medium Risk,88.25,0.0,17,Month-to-month,Electronic check,Fiber optic,No,No
8241-JUIQO,No,0,0.034904334577817976,No,Low Risk,19.45,0.0,61,One year,Bank transfer (automatic),No,No internet service,No internet service
2194-IIQOF,No,0,0.026225817068399517,No,Low Risk,89.3,0.0,71,Two year,Credit card (automatic),DSL,Yes,Yes
4512-ZUIYL,Yes,1,0.5465388237541301,Yes,Medium Risk,70.0,0.0,2,Month-to-month,Bank transfer (automatic),Fiber optic,No,No
9631-RXVJM,No,0,0.022188061443804846,No,Low Risk,19.25,0.0,35,Two year,Mailed check,No,No internet service,No internet service
9584-EXCDZ,No,0,0.32743551027815543,No,Medium Risk,70.5,0.0,17,Month-to-month,Bank transfer (automatic),Fiber optic,No,No
7969-AULMZ,Yes,1,0.6822150509721063,Yes,High Risk,97.35,97.35,21,Month-to-month,Electronic check,Fiber optic,No,No
5093-FEGLU,No,0,0.022188061443804846,No,Low Risk,19.65,0.0,47,Two year,Bank transfer (automatic),No,No internet service,No internet service
2621-UDNLU,No,0,0.16696462984100963,No,Low Risk,20.85,0.0,3,Month-to-month,Mailed check,No,No internet service,No internet service
7526-IVLYU,No,0,0.203258499557407,No,Low Risk,19.65,0.0,3,Month-to-month,Mailed check,No,No internet service,No internet service
2428-HYUNX,No,0,0.03034665055762049,No,Low Risk,19.35,0.0,44,Two year,Credit card (automatic),No,No internet service,No internet service
9214-EKVXR,No,0,0.5919531673413575,Yes,Medium Risk,44.0,0.0,1,Month-to-month,Mailed check,DSL,No,No
3410-MHHUM,No,0,0.1862111904219975,No,Low Risk,94.4,0.0,44,One year,Electronic check,Fiber optic,No,No
0568-ONFPC,Yes,1,0.2019240813437952,No,Low Risk,25.9,0.0,5,Month-to-month,Bank transfer (automatic),No,No internet service,No internet service
0733-VUNUW,Yes,1,0.16570239703859013,No,Low Risk,55.65,0.0,24,Month-to-month,Bank transfer (automatic),DSL,No,Yes
4550-EVXNY,Yes,1,0.8001531129097432,Yes,High Risk,69.65,69.65,1,Month-to-month,Electronic check,Fiber optic,No,No
2122-YWVYA,No,0,0.36816646274591586,No,Medium Risk,75.4,0.0,18,Month-to-month,Electronic check,Fiber optic,No,Yes
2968-SSGAA,Yes,1,0.7855232933935657,Yes,High Risk,100.6,100.6,10,Month-to-month,Electronic check,Fiber optic,No,No
2296-DKZFP,No,0,0.032085873872633605,No,Low Risk,71.0,0.0,65,Two year,Bank transfer (automatic),DSL,No,Yes
4844-JJWUY,Yes,1,0.8391269321958088,Yes,High Risk,86.0,86.0,1,Month-to-month,Electronic check,Fiber optic,No,No
6777-TGHTM,Yes,1,0.2012488679867623,No,Low Risk,106.95,0.0,53,One year,Credit card (automatic),Fiber optic,No,Yes
8909-BOLNL,No,0,0.08824951375892887,No,Low Risk,21.2,0.0,3,One year,Mailed check,No,No internet service,No internet service
6603-YRDCJ,No,0,0.027646213414215595,No,Low Risk,61.05,0.0,33,Two year,Mailed check,DSL,Yes,Yes
3538-WZPHD,Yes,1,0.5556387728583473,Yes,Medium Risk,29.6,0.0,3,Month-to-month,Electronic check,DSL,No,No
3229-USWAR,No,0,0.07332095937073888,No,Low Risk,79.95,0.0,34,One year,Bank transfer (automatic),DSL,Yes,Yes
2138-VFAPZ,No,0,0.03751754865018094,No,Low Risk,19.7,0.0,14,Two year,Mailed check,No,No internet service,No internet service
6131-JLWZM,No,0,0.11649453393091763,No,Low Risk,20.3,0.0,13,Month-to-month,Mailed check,No,No internet service,No internet service
4785-QRJHC,Yes,1,0.10326639762779112,No,Low Risk,59.9,0.0,46,One year,Bank transfer (automatic),DSL,Yes,No
0269-XFESX,No,0,0.04816112401716803,No,Low Risk,24.35,0.0,23,One year,Mailed check,No,No internet service,No internet service
1709-EJDOX,No,0,0.022063916656277653,No,Low Risk,19.75,0.0,47,Two year,Mailed check,No,No internet service,No internet service
4316-XCSLJ,No,0,0.15843116435602214,No,Low Risk,50.3,0.0,17,Month-to-month,Mailed check,DSL,No,Yes
8610-WFCJF,Yes,1,0.49030414113141246,No,Medium Risk,95.6,0.0,49,Month-to-month,Electronic check,Fiber optic,No,No
9693-XMUOB,No,0,0.27531983787585723,No,Low Risk,50.25,0.0,59,Month-to-month,Electronic check,DSL,No,No
0383-CLDDA,No,0,0.034540779928224616,No,Low Risk,85.35,0.0,69,Two year,Credit card (automatic),DSL,Yes,Yes
4905-JEFDW,Yes,1,0.25527145390979755,No,Low Risk,41.6,0.0,11,One year,Electronic check,DSL,No,No
2709-UQGNP,No,0,0.2036827233677393,No,Low Risk,51.65,0.0,10,Month-to-month,Mailed check,DSL,No,Yes
3549-ZTMNH,No,0,0.04576850774757302,No,Low Risk,24.0,0.0,12,Two year,Bank transfer (automatic),No,No internet service,No internet service
7881-INRLC,Yes,1,0.4152239186280219,No,Medium Risk,100.85,0.0,45,Month-to-month,Credit card (automatic),Fiber optic,No,No
8033-ATFAS,No,0,0.19943936512675006,No,Low Risk,59.85,0.0,39,Month-to-month,Mailed check,DSL,No,No
1635-NZATJ,No,0,0.02325211813512593,No,Low Risk,25.45,0.0,71,Two year,Credit card (automatic),No,No internet service,No internet service
0562-HKHML,No,0,0.020274978401497466,No,Low Risk,23.9,0.0,71,Two year,Credit card (automatic),No,No internet service,No internet service
8277-RVRSV,No,0,0.04354771852167524,No,Low Risk,24.15,0.0,33,One year,Credit card (automatic),No,No internet service,No internet service
9943-VSZUV,No,0,0.26515333702006477,No,Low Risk,75.7,0.0,67,Month-to-month,Mailed check,Fiber optic,No,No
0117-LFRMW,Yes,1,0.1087739899391774,No,Low Risk,40.2,0.0,37,Month-to-month,Bank transfer (automatic),DSL,No,Yes
6172-FECYY,Yes,1,0.36854735739667,No,Medium Risk,84.5,0.0,49,Month-to-month,Electronic check,Fiber optic,No,No
7054-ENNGU,No,0,0.21067698178659586,No,Low Risk,50.85,0.0,9,Month-to-month,Mailed check,DSL,No,No
1455-HFBXA,No,0,0.04378107084715666,No,Low Risk,91.6,0.0,52,Two year,Credit card (automatic),Fiber optic,Yes,Yes
9402-CXWPL,No,0,0.20577783661459303,No,Low Risk,98.9,0.0,70,One year,Electronic check,Fiber optic,No,No
1628-BIZYP,No,0,0.817202976457206,Yes,High Risk,85.0,85.0,1,Month-to-month,Electronic check,Fiber optic,No,No
1965-AKTSX,Yes,1,0.6313724324922935,Yes,High Risk,78.95,78.95,14,Month-to-month,Electronic check,Fiber optic,No,No
0082-LDZUE,No,0,0.5919531673413575,Yes,Medium Risk,44.3,0.0,1,Month-to-month,Mailed check,DSL,No,No
4786-UKSNZ,Yes,1,0.29872100466145696,No,Low Risk,20.2,0.0,1,Month-to-month,Mailed check,No,No internet service,No internet service
5343-SGUBI,No,0,0.1084219747529063,No,Low Risk,80.2,0.0,52,One year,Mailed check,Fiber optic,No,No
0856-NAOES,No,0,0.28954142589451115,No,Low Risk,60.9,0.0,6,Month-to-month,Mailed check,DSL,No,No
1976-AZZPJ,No,0,0.17946030388444648,No,Low Risk,34.2,0.0,7,Month-to-month,Mailed check,DSL,No,Yes
7248-VZQLC,Yes,1,0.3234425899856298,No,Medium Risk,85.2,0.0,47,Month-to-month,Bank transfer (automatic),Fiber optic,No,No
6156-UZDLF,No,0,0.08747264956532848,No,Low Risk,87.15,0.0,26,One year,Credit card (automatic),Fiber optic,Yes,Yes
3099-OONVS,No,0,0.10913927954223658,No,Low Risk,54.3,0.0,25,Month-to-month,Electronic check,DSL,Yes,Yes
9500-WBGRP,No,0,0.021757854686503122,No,Low Risk,19.1,0.0,69,Two year,Mailed check,No,No internet service,No internet service
5183-KLYEM,No,0,0.04458445993125252,No,Low Risk,112.75,0.0,72,Two year,Credit card (automatic),Fiber optic,Yes,Yes
5144-PQCDZ,No,0,0.17842673298966455,No,Low Risk,19.95,0.0,4,Month-to-month,Mailed check,No,No internet service,No internet service
8514-VZHEB,No,0,0.021530871166499266,No,Low Risk,19.5,0.0,59,Two year,Mailed check,No,No internet service,No internet service
6625-IUTTT,No,0,0.03552180318668025,No,Low Risk,65.55,0.0,67,Two year,Bank transfer (automatic),DSL,No,Yes
9355-NPPFS,No,0,0.4857139839396535,No,Medium Risk,78.8,0.0,26,Month-to-month,Electronic check,Fiber optic,No,No
0068-FIGTF,No,0,0.06896451236543664,No,Low Risk,78.2,0.0,27,One year,Mailed check,DSL,Yes,No
5965-GGPRW,No,0,0.08049223419930443,No,Low Risk,105.25,0.0,72,Two year,Bank transfer (automatic),Fiber optic,No,Yes
8035-PWSEV,No,0,0.5901571325012347,Yes,Medium Risk,89.25,0.0,6,Month-to-month,Electronic check,Fiber optic,Yes,No
2236-HILPA,No,0,0.020720675767412843,No,Low Risk,20.65,0.0,62,Two year,Credit card (automatic),No,No internet service,No internet service
1840-BIUOG,No,0,0.14356187317643057,No,Low Risk,68.7,0.0,20,One year,Electronic check,DSL,Yes,No
1356-MKYSK,No,0,0.15035253776206617,No,Low Risk,78.65,0.0,6,Month-to-month,Credit card (automatic),DSL,Yes,Yes
6080-LNESI,No,0,0.02528128834911229,No,Low Risk,24.75,0.0,51,Two year,Mailed check,No,No internet service,No internet service
1830-IPXVJ,No,0,0.020720675767412843,No,Low Risk,19.75,0.0,61,Two year,Credit card (automatic),No,No internet service,No internet service
5828-DWPIL,No,0,0.23702087846272793,No,Low Risk,89.1,0.0,62,Month-to-month,Electronic check,Fiber optic,No,Yes
8398-TBIYD,No,0,0.03222023090663959,No,Low Risk,84.7,0.0,72,Two year,Bank transfer (automatic),Fiber optic,Yes,Yes
0011-IGKFF,Yes,1,0.6943799496291663,Yes,High Risk,98.0,98.0,13,Month-to-month,Electronic check,Fiber optic,No,No
4192-GORJT,Yes,1,0.752909105291222,Yes,High Risk,94.45,94.45,5,Month-to-month,Electronic check,Fiber optic,No,No
6496-SLWHQ,Yes,1,0.8207136338190685,Yes,High Risk,105.0,105.0,3,Month-to-month,Electronic check,Fiber optic,No,No
9912-GVSEQ,Yes,1,0.5490635805453945,Yes,Medium Risk,93.85,0.0,26,Month-to-month,Electronic check,Fiber optic,No,No
2931-FSOHN,No,0,0.35585508501649016,No,Medium Risk,59.9,0.0,13,Month-to-month,Electronic check,DSL,No,No
9418-RUKPH,No,0,0.02660635952766149,No,Low Risk,19.95,0.0,38,Two year,Mailed check,No,No internet service,No internet service
5383-MMTWC,Yes,1,0.722847339095284,Yes,High Risk,84.0,84.0,8,Month-to-month,Electronic check,Fiber optic,No,No
9971-ZWPBF,No,0,0.5295786494852316,Yes,Medium Risk,108.9,0.0,34,Month-to-month,Electronic check,Fiber optic,Yes,No
4712-AUQZO,No,0,0.13961901282608882,No,Low Risk,33.6,0.0,18,Month-to-month,Mailed check,DSL,No,Yes
9711-FJTBX,No,0,0.06708131875349187,No,Low Risk,85.85,0.0,56,One year,Mailed check,Fiber optic,Yes,No
2908-ZTPNF,No,0,0.14460321874436902,No,Low Risk,34.85,0.0,36,Month-to-month,Bank transfer (automatic),DSL,Yes,No
7240-ETPTR,Yes,1,0.4895765990927039,No,Medium Risk,48.75,0.0,9,Month-to-month,Electronic check,DSL,No,No
2202-CUYXZ,Yes,1,0.8456961538623445,Yes,High Risk,84.85,84.85,1,Month-to-month,Electronic check,Fiber optic,No,No
5995-OIGLP,Yes,1,0.11572076211353681,No,Low Risk,56.65,0.0,12,Month-to-month,Mailed check,DSL,Yes,Yes
8421-WZOOW,No,0,0.22947936522341844,No,Low Risk,95.3,0.0,57,Month-to-month,Credit card (automatic),Fiber optic,Yes,No
6261-RCVNS,Yes,1,0.04646698097429382,No,Low Risk,73.9,0.0,42,One year,Credit card (automatic),DSL,Yes,Yes
7951-QKZPL,Yes,1,0.03029645459302573,No,Low Risk,24.5,0.0,33,Two year,Mailed check,No,No internet service,No internet service
1414-YADCW,No,0,0.028917310403139402,No,Low Risk,84.6,0.0,70,Two year,Bank transfer (automatic),Fiber optic,Yes,Yes
8756-RDDLT,No,0,0.1545718354245307,No,Low Risk,44.95,0.0,68,Month-to-month,Electronic check,DSL,Yes,No
2862-PFNIK,No,0,0.6698171254935692,Yes,High Risk,24.7,24.7,1,Month-to-month,Electronic check,DSL,No,No
5816-QVHRX,No,0,0.35683688784048284,No,Medium Risk,100.3,0.0,37,Month-to-month,Credit card (automatic),Fiber optic,Yes,No
4430-YHXGG,No,0,0.2019240813437952,No,Low Risk,25.45,0.0,4,Month-to-month,Mailed check,No,No internet service,No internet service
6888-SBYAI,No,0,0.5326897997019531,Yes,Medium Risk,50.7,0.0,1,Month-to-month,Mailed check,DSL,No,Yes
7395-XWZOY,No,0,0.12776812264033105,No,Low Risk,55.0,0.0,20,Month-to-month,Credit card (automatic),DSL,Yes,Yes
7169-YWAMK,No,0,0.021152764764831928,No,Low Risk,68.4,0.0,72,Two year,Bank transfer (automatic),DSL,Yes,Yes
3640-PHQXK,Yes,1,0.509383462300358,Yes,Medium Risk,89.9,0.0,31,Month-to-month,Electronic check,Fiber optic,No,No
6877-LGWXO,Yes,1,0.44999733056327246,No,Medium Risk,78.55,0.0,18,Month-to-month,Electronic check,Fiber optic,No,No
6859-RKMZJ,No,0,0.29331473266985897,No,Low Risk,55.05,0.0,11,Month-to-month,Bank transfer (automatic),DSL,No,No
2729-VNVAP,No,0,0.022063916656277653,No,Low Risk,19.8,0.0,33,Two year,Credit card (automatic),No,No internet service,No internet service
2957-JIRMN,No,0,0.14192685428567686,No,Low Risk,84.45,0.0,62,One year,Electronic check,Fiber optic,No,No
2049-BAFNW,No,0,0.42174557109300076,No,Medium Risk,35.9,0.0,1,Month-to-month,Mailed check,DSL,Yes,No
3842-QTGDL,No,0,0.2621745188584982,No,Low Risk,80.75,0.0,16,Month-to-month,Bank transfer (automatic),Fiber optic,No,Yes
7163-OCEQI,No,0,0.11580962403624527,No,Low Risk,78.65,0.0,22,One year,Mailed check,DSL,Yes,No
9782-LGXMC,No,0,0.07840753080365453,No,Low Risk,61.75,0.0,49,Month-to-month,Bank transfer (automatic),DSL,Yes,Yes
5975-BAICR,No,0,0.07859831265237262,No,Low Risk,63.7,0.0,36,One year,Credit card (automatic),DSL,No,Yes
8019-ENHXU,Yes,1,0.46420821899947967,No,Medium Risk,99.45,0.0,42,Month-to-month,Electronic check,Fiber optic,Yes,No
5167-GBFRE,Yes,1,0.558620519716772,Yes,Medium Risk,25.2,0.0,4,Month-to-month,Bank transfer (automatic),DSL,No,No
9033-EOXWV,Yes,1,0.13353920167376152,No,Low Risk,74.05,0.0,12,One year,Mailed check,DSL,Yes,No
4673-KKSLS,No,0,0.2128553920237712,No,Low Risk,87.6,0.0,31,Month-to-month,Electronic check,Fiber optic,Yes,Yes
4853-OITSN,No,0,0.635837402671685,Yes,High Risk,89.15,89.15,5,Month-to-month,Electronic check,Fiber optic,No,Yes
9800-OUIGR,No,0,0.020720675767412843,No,Low Risk,20.0,0.0,66,Two year,Credit card (automatic),No,No internet service,No internet service
1324-NLTJE,Yes,1,0.2290833567570856,No,Low Risk,55.0,0.0,15,Month-to-month,Credit card (automatic),DSL,Yes,No
2324-EFHVG,No,0,0.11959998995485685,No,Low Risk,104.4,0.0,64,Two year,Bank transfer (automatic),Fiber optic,No,No
7094-MSZAO,No,0,0.11981398980668936,No,Low Risk,20.05,0.0,10,Month-to-month,Credit card (automatic),No,No internet service,No internet service
1522-VVDMG,Yes,1,0.537851703921003,Yes,Medium Risk,89.75,0.0,7,Month-to-month,Electronic check,Fiber optic,Yes,No
6907-CQGPN,No,0,0.15296757184861406,No,Low Risk,34.3,0.0,29,Month-to-month,Electronic check,DSL,Yes,No
0780-XNZFN,No,0,0.021652083126167454,No,Low Risk,20.65,0.0,57,Two year,Bank transfer (automatic),No,No internet service,No internet service
0239-OXEXL,No,0,0.1851995459256004,No,Low Risk,84.25,0.0,46,Month-to-month,Mailed check,Fiber optic,No,Yes
2675-IJRGJ,No,0,0.022188061443804846,No,Low Risk,19.65,0.0,53,Two year,Bank transfer (automatic),No,No internet service,No internet service
7049-GKVZY,No,0,0.06609740493397796,No,Low Risk,79.85,0.0,17,One year,Credit card (automatic),DSL,Yes,Yes
8577-QSOCG,No,0,0.02660635952766149,No,Low Risk,20.2,0.0,38,Two year,Mailed check,No,No internet service,No internet service
3721-CNZHX,No,0,0.05212881019529155,No,Low Risk,19.8,0.0,15,One year,Mailed check,No,No internet service,No internet service
0212-ISBBF,No,0,0.37201569958766145,No,Medium Risk,50.35,0.0,22,Month-to-month,Electronic check,DSL,No,No
9185-TQCVP,Yes,1,0.6696587389564979,Yes,High Risk,85.15,85.15,14,Month-to-month,Electronic check,Fiber optic,No,No
3585-YNADK,No,0,0.06475424602331127,No,Low Risk,74.6,0.0,57,One year,Bank transfer (automatic),DSL,Yes,No
5271-DBYSJ,No,0,0.5734015324040949,Yes,Medium Risk,79.15,0.0,11,Month-to-month,Credit card (automatic),Fiber optic,No,No
1099-GODLO,No,0,0.1074201204581466,No,Low Risk,20.35,0.0,1,Two year,Mailed check,No,No internet service,No internet service
6828-HMKWP,No,0,0.03311005800861855,No,Low Risk,21.05,0.0,12,Two year,Bank transfer (automatic),No,No internet service,No internet service
5567-WSELE,Yes,1,0.7986252457979277,Yes,High Risk,94.6,94.6,3,Month-to-month,Electronic check,Fiber optic,No,No
1472-TNCWL,No,0,0.4346071546292781,No,Medium Risk,94.7,0.0,36,Month-to-month,Electronic check,Fiber optic,No,No
8063-RJYNF,Yes,1,0.5558959803097737,Yes,Medium Risk,94.25,0.0,16,Month-to-month,Electronic check,Fiber optic,No,Yes
0687-ZVTHB,Yes,1,0.06264797821645965,No,Low Risk,72.45,0.0,65,One year,Credit card (automatic),DSL,No,Yes
2080-GKCWQ,No,0,0.541684272184778,Yes,Medium Risk,74.95,0.0,2,Month-to-month,Electronic check,Fiber optic,No,No
9661-ACXBS,Yes,1,0.5068851041295911,Yes,Medium Risk,105.2,0.0,42,Month-to-month,Electronic check,Fiber optic,No,Yes
2193-SFWQW,No,0,0.03900848897988078,No,Low Risk,111.95,0.0,72,Two year,Bank transfer (automatic),Fiber optic,Yes,Yes
5656-JAMLX,No,0,0.020837423718393398,No,Low Risk,19.85,0.0,62,Two year,Bank transfer (automatic),No,No internet service,No internet service
3462-BJQQA,No,0,0.698602113289309,Yes,High Risk,89.75,89.75,6,Month-to-month,Electronic check,Fiber optic,No,No
0442-TDYUO,No,0,0.024218918134780353,No,Low Risk,20.05,0.0,48,Two year,Mailed check,No,No internet service,No internet service
6733-LRIZX,No,0,0.1577829590965084,No,Low Risk,108.95,0.0,35,Two year,Electronic check,Fiber optic,Yes,Yes
9503-XJUME,No,0,0.03692758139743251,No,Low Risk,19.65,0.0,52,One year,Credit card (automatic),No,No internet service,No internet service
4367-NHWMM,No,0,0.6194149583063613,Yes,High Risk,24.9,24.9,1,Month-to-month,Mailed check,DSL,No,No
3727-RJMEO,Yes,1,0.7217408773018325,Yes,High Risk,82.85,82.85,6,Month-to-month,Electronic check,Fiber optic,No,No
3779-OSWCF,No,0,0.026225817068399517,No,Low Risk,93.2,0.0,71,Two year,Credit card (automatic),DSL,Yes,Yes
6736-DHUQI,No,0,0.05744021620015359,No,Low Risk,84.8,0.0,67,One year,Bank transfer (automatic),Fiber optic,No,Yes
3915-ODIYG,No,0,0.10137650079082063,No,Low Risk,71.75,0.0,60,One year,Electronic check,DSL,No,Yes
1360-RCYRT,No,0,0.1710234967132261,No,Low Risk,30.35,0.0,23,Month-to-month,Bank transfer (automatic),DSL,Yes,No
2724-FJDYW,No,0,0.08651356942791481,No,Low Risk,54.85,0.0,39,One year,Bank transfer (automatic),DSL,Yes,No
4451-RWASJ,No,0,0.0621303631035271,No,Low Risk,19.5,0.0,15,One year,Mailed check,No,No internet service,No internet service
6646-VRFOL,Yes,1,0.5412619980762272,Yes,Medium Risk,103.85,0.0,53,Month-to-month,Electronic check,Fiber optic,No,No
3460-TJBWI,No,0,0.027860423372036695,No,Low Risk,24.2,0.0,24,Two year,Mailed check,No,No internet service,No internet service
5917-HBSDW,No,0,0.08843207426104044,No,Low Risk,19.35,0.0,37,Month-to-month,Electronic check,No,No internet service,No internet service
5685-IIXLY,Yes,1,0.6569576802993281,Yes,High Risk,83.6,83.6,5,Month-to-month,Electronic check,Fiber optic,No,No
5671-UUNXD,No,0,0.27205080521003183,No,Low Risk,100.65,0.0,50,One year,Electronic check,Fiber optic,Yes,No
0956-ACVZC,No,0,0.16569682297636248,No,Low Risk,94.1,0.0,54,One year,Credit card (automatic),Fiber optic,No,No
2325-NBPZG,No,0,0.5128132422173222,Yes,Medium Risk,74.55,0.0,3,Month-to-month,Electronic check,Fiber optic,No,Yes
4250-ZBWLV,Yes,1,0.2089662435444434,No,Low Risk,108.45,0.0,68,One year,Electronic check,Fiber optic,Yes,No
4482-FTFFX,No,0,0.2897419375763945,No,Low Risk,56.15,0.0,5,Month-to-month,Electronic check,DSL,Yes,No
8859-DZTGQ,No,0,0.022188061443804846,No,Low Risk,20.35,0.0,33,Two year,Mailed check,No,No internet service,No internet service
0440-MOGPM,No,0,0.1830607801177175,No,Low Risk,80.55,0.0,41,One year,Electronic check,DSL,No,No
0020-JDNXP,No,0,0.06522611884283734,No,Low Risk,61.25,0.0,34,One year,Mailed check,DSL,Yes,Yes
3752-CQSJI,No,0,0.11339575509302462,No,Low Risk,20.45,0.0,13,Month-to-month,Mailed check,No,No internet service,No internet service
5025-GOOKI,No,0,0.09357514076029,No,Low Risk,18.9,0.0,20,Month-to-month,Credit card (automatic),No,No internet service,No internet service
4698-KVLLG,No,0,0.028382843766431264,No,Low Risk,19.6,0.0,51,Two year,Credit card (automatic),No,No internet service,No internet service
5095-AESKG,Yes,1,0.6787794538644868,Yes,High Risk,91.5,91.5,3,Month-to-month,Credit card (automatic),Fiber optic,No,No
2887-JPYLU,No,0,0.1350932546183418,No,Low Risk,45.2,0.0,41,Month-to-month,Bank transfer (automatic),DSL,No,No
4770-QAZXN,No,0,0.0938679944595526,No,Low Risk,19.45,0.0,13,Month-to-month,Credit card (automatic),No,No internet service,No internet service
4896-CPRPF,No,0,0.025140281571952163,No,Low Risk,25.45,0.0,35,Two year,Bank transfer (automatic),No,No internet service,No internet service
1871-MOWRM,Yes,1,0.26779656210396474,No,Low Risk,80.85,0.0,12,Month-to-month,Bank transfer (automatic),Fiber optic,Yes,Yes
9714-EDSUC,No,0,0.4306916053760787,No,Medium Risk,94.9,0.0,4,Month-to-month,Mailed check,Fiber optic,Yes,Yes
2027-OAQQC,Yes,1,0.26714781709834057,No,Low Risk,49.05,0.0,43,Month-to-month,Bank transfer (automatic),DSL,No,No
0282-NVSJS,No,0,0.2788154163777601,No,Low Risk,29.3,0.0,12,Month-to-month,Mailed check,DSL,Yes,No
9090-SGQXL,Yes,1,0.4485141428710381,No,Medium Risk,105.3,0.0,68,Month-to-month,Electronic check,Fiber optic,No,No
6595-YGXIT,Yes,1,0.5339997205843362,Yes,Medium Risk,88.95,0.0,25,Month-to-month,Electronic check,Fiber optic,No,No
7353-YOWFP,No,0,0.057738288224302395,No,Low Risk,20.25,0.0,7,One year,Mailed check,No,No internet service,No internet service
9835-ZIITK,Yes,1,0.21811380338137284,No,Low Risk,110.85,0.0,66,One year,Electronic check,Fiber optic,Yes,No
8008-ESFLK,No,0,0.17075469086442777,No,Low Risk,110.5,0.0,53,One year,Electronic check,Fiber optic,Yes,Yes
7537-CBQUZ,No,0,0.2939551950116866,No,Low Risk,109.4,0.0,63,Month-to-month,Bank transfer (automatic),Fiber optic,No,Yes
1555-DJEQW,Yes,1,0.07205989617698506,No,Low Risk,114.2,0.0,70,Two year,Bank transfer (automatic),Fiber optic,Yes,Yes
5649-TJHOV,Yes,1,0.23116112959095325,No,Low Risk,36.5,0.0,27,Month-to-month,Bank transfer (automatic),DSL,No,No
0519-XUZJU,Yes,1,0.7024547306130401,Yes,High Risk,70.75,70.75,1,Month-to-month,Mailed check,Fiber optic,No,No
3363-EWLGO,No,0,0.14575567919699448,No,Low Risk,19.95,0.0,5,Month-to-month,Mailed check,No,No internet service,No internet service
4750-UKWJK,No,0,0.04729746183367777,No,Low Risk,19.6,0.0,37,One year,Mailed check,No,No internet service,No internet service
6338-AVWCY,Yes,1,0.5388217269327477,Yes,Medium Risk,40.15,0.0,3,Month-to-month,Mailed check,DSL,No,No
1689-YQBYY,No,0,0.6090747551458238,Yes,High Risk,76.6,76.6,12,Month-to-month,Electronic check,Fiber optic,No,No
4487-ZYJZK,No,0,0.03692758139743251,No,Low Risk,19.6,0.0,38,One year,Credit card (automatic),No,No internet service,No internet service
2959-FENLU,No,0,0.5684876834715199,Yes,Medium Risk,85.3,0.0,9,Month-to-month,Credit card (automatic),Fiber optic,No,No
0708-LGSMF,No,0,0.31396454888880204,No,Medium Risk,65.85,0.0,13,Month-to-month,Electronic check,DSL,No,Yes
9253-QXKBE,Yes,1,0.5951524807602243,Yes,Medium Risk,94.45,0.0,29,Month-to-month,Electronic check,Fiber optic,No,No
7634-HLQJR,No,0,0.022063916656277653,No,Low Risk,20.05,0.0,47,Two year,Credit card (automatic),No,No internet service,No internet service
0487-RPVUM,No,0,0.21590346246493325,No,Low Risk,99.4,0.0,61,Month-to-month,Bank transfer (automatic),Fiber optic,Yes,Yes
4079-ULGFR,No,0,0.09011555062601638,No,Low Risk,20.0,0.0,16,Month-to-month,Mailed check,No,No internet service,No internet service
2516-XSJKX,No,0,0.038529683407385794,No,Low Risk,78.45,0.0,41,Two year,Electronic check,DSL,Yes,Yes
0057-QBUQH,No,0,0.04473146061684476,No,Low Risk,25.1,0.0,43,Two year,Electronic check,No,No internet service,No internet service
9445-SZLCH,Yes,1,0.3993047978309956,No,Medium Risk,97.35,0.0,36,Month-to-month,Bank transfer (automatic),Fiber optic,No,No
6599-SFQVE,No,0,0.4257628573334218,No,Medium Risk,55.0,0.0,6,Month-to-month,Electronic check,DSL,No,No
8331-ZXFOE,No,0,0.04656562301910425,No,Low Risk,71.1,0.0,58,One year,Credit card (automatic),DSL,Yes,Yes
4003-FUSHP,No,0,0.16593645924380843,No,Low Risk,61.55,0.0,19,Month-to-month,Credit card (automatic),DSL,Yes,No
0356-ERHVT,No,0,0.26809194212287535,No,Low Risk,45.9,0.0,11,Month-to-month,Bank transfer (automatic),DSL,No,No
7325-ENZFI,No,0,0.05648674749519058,No,Low Risk,40.3,0.0,39,One year,Bank transfer (automatic),DSL,Yes,Yes
4884-ZTHVF,No,0,0.6434439528477283,Yes,High Risk,87.1,87.1,8,Month-to-month,Electronic check,Fiber optic,No,No
3920-HIHMQ,No,0,0.20226184933588043,No,Low Risk,49.5,0.0,26,Month-to-month,Mailed check,DSL,No,No
3055-OYMSE,No,0,0.27451923595212285,No,Low Risk,73.8,0.0,53,Month-to-month,Credit card (automatic),Fiber optic,No,No
0613-WUXUM,No,0,0.02111885409148618,No,Low Risk,19.2,0.0,70,Two year,Mailed check,No,No internet service,No internet service
7568-PODML,Yes,1,0.6562681413850645,Yes,High Risk,45.3,45.3,1,Month-to-month,Mailed check,DSL,No,No
4458-KVRBJ,No,0,0.024163944027121645,No,Low Risk,25.0,0.0,59,Two year,Mailed check,No,No internet service,No internet service
5349-IECLD,Yes,1,0.6827618529666518,Yes,High Risk,94.95,94.95,2,Month-to-month,Electronic check,Fiber optic,No,No
1397-XKKWR,No,0,0.11659083158133708,No,Low Risk,35.3,0.0,7,One year,Mailed check,DSL,No,Yes
3945-GFWQL,Yes,1,0.32991574299803533,No,Medium Risk,44.55,0.0,12,Month-to-month,Electronic check,DSL,No,No
8097-OMULG,No,0,0.06525972235310176,No,Low Risk,76.75,0.0,59,One year,Credit card (automatic),DSL,Yes,No
6013-BHCAW,No,0,0.04523706748753278,No,Low Risk,81.0,0.0,61,Two year,Bank transfer (automatic),DSL,Yes,No
0401-WDBXM,No,0,0.08324433576890254,No,Low Risk,105.55,0.0,72,Two year,Bank transfer (automatic),Fiber optic,No,Yes
3387-PLKUI,No,0,0.09338109311971494,No,Low Risk,18.8,0.0,13,Month-to-month,Mailed check,No,No internet service,No internet service
6096-EGVTU,No,0,0.04012106721898893,No,Low Risk,24.9,0.0,64,One year,Mailed check,No,No internet service,No internet service
3797-VTIDR,Yes,1,0.7391870533718619,Yes,High Risk,23.45,23.45,1,Month-to-month,Electronic check,DSL,No,No
5081-NWSUP,No,0,0.08949028258008143,No,Low Risk,64.9,0.0,10,One year,Mailed check,DSL,Yes,No
2580-ATZSQ,No,0,0.04590915279894372,No,Low Risk,61.35,0.0,65,One year,Bank transfer (automatic),DSL,No,Yes
8085-MSNLK,No,0,0.07267108728141836,No,Low Risk,113.95,0.0,62,Two year,Mailed check,Fiber optic,Yes,Yes
9691-HKOVS,No,0,0.09194277590634296,No,Low Risk,90.15,0.0,55,One year,Electronic check,DSL,Yes,Yes
9881-VCZEP,No,0,0.2132587474931006,No,Low Risk,54.1,0.0,25,Month-to-month,Electronic check,DSL,No,No
9526-BIHHD,Yes,1,0.4427275913056227,No,Medium Risk,29.7,0.0,1,Month-to-month,Mailed check,DSL,No,Yes
8757-TFHHJ,No,0,0.4629676256897485,No,Medium Risk,49.8,0.0,1,Month-to-month,Credit card (automatic),DSL,No,Yes
4523-WXCEF,Yes,1,0.4395829933867642,No,Medium Risk,101.1,0.0,59,Month-to-month,Electronic check,Fiber optic,No,No
1468-DEFNC,No,0,0.026330772107243067,No,Low Risk,24.4,0.0,64,Two year,Bank transfer (automatic),No,No internet service,No internet service
5119-KEPFY,No,0,0.42757077974985125,No,Medium Risk,95.0,0.0,36,Month-to-month,Bank transfer (automatic),Fiber optic,No,No
8364-TRMMK,Yes,1,0.5049399107376431,Yes,Medium Risk,50.65,0.0,3,Month-to-month,Mailed check,DSL,No,No
0916-KNFAJ,No,0,0.04346525424896156,No,Low Risk,69.9,0.0,61,Two year,Mailed check,DSL,No,Yes
8319-QBEHW,No,0,0.10552872553773171,No,Low Risk,39.95,0.0,26,One year,Bank transfer (automatic),DSL,No,No
3063-QFSZL,Yes,1,0.7072468017463848,Yes,High Risk,55.4,55.4,1,Month-to-month,Electronic check,DSL,No,No
8775-LHDJH,Yes,1,0.8496740903683312,Yes,High Risk,90.6,90.6,1,Month-to-month,Electronic check,Fiber optic,No,No
9625-QNLUX,No,0,0.08177964312447919,No,Low Risk,103.25,0.0,68,Two year,Credit card (automatic),Fiber optic,No,Yes
3097-NQYSN,Yes,1,0.7645650105201609,Yes,High Risk,86.85,86.85,2,Month-to-month,Mailed check,Fiber optic,No,No
4024-CSNBY,No,0,0.039602292297669844,No,Low Risk,94.25,0.0,72,Two year,Bank transfer (automatic),Fiber optic,Yes,Yes
7110-BDTWG,No,0,0.05479300969379986,No,Low Risk,47.05,0.0,71,Two year,Electronic check,DSL,Yes,No
7493-GVFIO,No,0,0.021652083126167454,No,Low Risk,20.55,0.0,57,Two year,Credit card (automatic),No,No internet service,No internet service
0690-SRQID,No,0,0.17842673298966455,No,Low Risk,19.65,0.0,4,Month-to-month,Mailed check,No,No internet service,No internet service
9605-WGJVW,No,0,0.8280611934643353,Yes,High Risk,70.2,70.2,1,Month-to-month,Electronic check,Fiber optic,No,No
9114-DPSIA,No,0,0.023388200751179256,No,Low Risk,81.0,0.0,72,Two year,Credit card (automatic),DSL,Yes,Yes
4700-UBQMV,No,0,0.11698187006224896,No,Low Risk,75.9,0.0,21,One year,Bank transfer (automatic),DSL,No,Yes
7711-GQBZC,No,0,0.020274978401497466,No,Low Risk,24.7,0.0,71,Two year,Bank transfer (automatic),No,No internet service,No internet service
3565-UNOCC,Yes,1,0.5549155264339516,Yes,Medium Risk,99.05,0.0,29,Month-to-month,Bank transfer (automatic),Fiber optic,No,No
4627-MIHJH,No,0,0.07784202622492115,No,Low Risk,110.25,0.0,69,Two year,Credit card (automatic),Fiber optic,Yes,Yes
9795-NREXC,No,0,0.034540779928224616,No,Low Risk,85.0,0.0,64,Two year,Credit card (automatic),DSL,Yes,Yes
8573-CGOCC,No,0,0.09011555062601638,No,Low Risk,19.75,0.0,16,Month-to-month,Credit card (automatic),No,No internet service,No internet service
7356-AYNJP,No,0,0.10368063826963655,No,Low Risk,23.9,0.0,4,One year,Electronic check,No,No internet service,No internet service
9249-FXSCK,Yes,1,0.16291813738130453,No,Low Risk,111.25,0.0,52,One year,Credit card (automatic),Fiber optic,Yes,Yes
5493-SDRDQ,Yes,1,0.3648621304921869,No,Medium Risk,55.1,0.0,2,Month-to-month,Mailed check,DSL,No,Yes
6286-SUUWT,No,0,0.29872100466145696,No,Low Risk,19.95,0.0,1,Month-to-month,Mailed check,No,No internet service,No internet service
4819-HJPIW,No,0,0.1835065610060204,No,Low Risk,25.15,0.0,18,Month-to-month,Mailed check,DSL,No,No
8654-DHAOW,No,0,0.43882172251364604,No,Medium Risk,54.15,0.0,2,Month-to-month,Mailed check,DSL,No,No
5438-QMDDL,No,0,0.19470651380749876,No,Low Risk,59.8,0.0,19,Month-to-month,Mailed check,DSL,No,No
9812-GHVRI,No,0,0.3067035046444653,No,Medium Risk,83.85,0.0,40,Month-to-month,Bank transfer (automatic),Fiber optic,No,No
5553-AOINX,No,0,0.24880265049084033,No,Low Risk,104.9,0.0,66,One year,Electronic check,Fiber optic,No,No
1228-ZLNBX,No,0,0.32235071027597195,No,Medium Risk,75.3,0.0,21,Month-to-month,Mailed check,Fiber optic,No,No
4226-KKDON,No,0,0.26941218578373777,No,Low Risk,66.65,0.0,8,Month-to-month,Electronic check,DSL,Yes,No
3831-YCPUO,No,0,0.05529132435931591,No,Low Risk,109.5,0.0,72,Two year,Credit card (automatic),Fiber optic,Yes,Yes
7445-WMRBW,No,0,0.07328541106127864,No,Low Risk,73.85,0.0,48,One year,Bank transfer (automatic),DSL,Yes,No
3308-DGHKL,No,0,0.021757854686503122,No,Low Risk,19.3,0.0,69,Two year,Bank transfer (automatic),No,No internet service,No internet service
9924-JPRMC,No,0,0.06536820220674018,No,Low Risk,118.2,0.0,72,Two year,Electronic check,Fiber optic,Yes,Yes
0080-EMYVY,No,0,0.08972048320611072,No,Low Risk,51.45,0.0,14,One year,Credit card (automatic),DSL,No,No
6218-KNUBD,No,0,0.30758298501230796,No,Medium Risk,59.45,0.0,6,Month-to-month,Electronic check,DSL,No,No
7337-CINUD,No,0,0.03329874233720814,No,Low Risk,19.5,0.0,8,Two year,Bank transfer (automatic),No,No internet service,No internet service
7609-NRNCA,No,0,0.046444958610100985,No,Low Risk,19.55,0.0,17,One year,Mailed check,No,No internet service,No internet service
0623-EJQEG,No,0,0.09715372760480682,No,Low Risk,93.55,0.0,65,One year,Electronic check,Fiber optic,Yes,Yes
7153-CHRBV,No,0,0.04332097159116209,No,Low Risk,59.3,0.0,57,One year,Mailed check,DSL,Yes,Yes
0871-URUWO,Yes,1,0.6704432996910117,Yes,High Risk,102.25,102.25,13,Month-to-month,Credit card (automatic),Fiber optic,No,No
9190-MFJLN,Yes,1,0.48552366078704023,No,Medium Risk,95.9,0.0,19,Month-to-month,Credit card (automatic),Fiber optic,No,No
6198-PNNSZ,No,0,0.16946121287139676,No,Low Risk,109.8,0.0,56,One year,Bank transfer (automatic),Fiber optic,No,Yes
3317-VLGQT,No,0,0.5789708361425239,Yes,Medium Risk,78.1,0.0,14,Month-to-month,Electronic check,Fiber optic,No,No
4132-POCZS,No,0,0.2181615610245899,No,Low Risk,39.9,0.0,52,Month-to-month,Electronic check,DSL,No,Yes
5614-DNZCE,No,0,0.024127319990047857,No,Low Risk,64.9,0.0,58,Two year,Credit card (automatic),DSL,Yes,Yes
1095-JUDTC,Yes,1,0.37292361769934873,No,Medium Risk,95.05,0.0,47,Month-to-month,Electronic check,Fiber optic,Yes,No
3896-RCYYE,No,0,0.15268177328528357,No,Low Risk,53.4,0.0,67,Month-to-month,Credit card (automatic),DSL,Yes,No
9638-JIQYA,No,0,0.5739318402204684,Yes,Medium Risk,24.9,0.0,2,Month-to-month,Credit card (automatic),DSL,No,No
3258-SANFR,No,0,0.30790101308442286,No,Medium Risk,44.7,0.0,6,Month-to-month,Credit card (automatic),DSL,No,No
3726-TBHQT,No,0,0.04330474759663763,No,Low Risk,114.0,0.0,71,Two year,Bank transfer (automatic),Fiber optic,Yes,Yes
3190-ITQXP,No,0,0.022063916656277653,No,Low Risk,20.25,0.0,46,Two year,Bank transfer (automatic),No,No internet service,No internet service
0870-VEMYL,Yes,1,0.1675930951059842,No,Low Risk,53.85,0.0,5,Month-to-month,Credit card (automatic),DSL,Yes,Yes
4833-QTJNO,No,0,0.17119365920975677,No,Low Risk,83.85,0.0,67,Month-to-month,Bank transfer (automatic),Fiber optic,No,Yes
3039-MJSLN,No,0,0.16616810074704944,No,Low Risk,20.2,0.0,3,Month-to-month,Bank transfer (automatic),No,No internet service,No internet service
0178-CIIKR,No,0,0.16696462984100963,No,Low Risk,19.95,0.0,3,Month-to-month,Mailed check,No,No internet service,No internet service
5385-SUIRI,Yes,1,0.4737033877526251,No,Medium Risk,104.2,0.0,52,Month-to-month,Electronic check,Fiber optic,No,Yes
3982-XWFZQ,Yes,1,0.2916130697248345,No,Low Risk,50.25,0.0,42,Month-to-month,Electronic check,DSL,No,No
5774-QPLTF,No,0,0.03930765540212812,No,Low Risk,20.35,0.0,50,One year,Mailed check,No,No internet service,No internet service
2322-VCZHZ,No,0,0.389721224548474,No,Medium Risk,90.0,0.0,23,Month-to-month,Electronic check,Fiber optic,No,Yes
5010-IPEAQ,No,0,0.026916142394466012,No,Low Risk,54.2,0.0,67,Two year,Credit card (automatic),DSL,Yes,Yes
4009-ALQFH,Yes,1,0.5902693263857484,Yes,Medium Risk,99.5,0.0,25,Month-to-month,Electronic check,Fiber optic,No,No
6383-ZTSIW,No,0,0.16956855629622314,No,Low Risk,99.1,0.0,39,One year,Mailed check,Fiber optic,No,Yes
8990-YOZLV,No,0,0.024787058946497388,No,Low Risk,66.9,0.0,69,Two year,Mailed check,DSL,Yes,Yes
3069-SSVSN,No,0,0.3278555402956825,No,Medium Risk,25.85,0.0,1,One year,Mailed check,DSL,No,No
5222-IMUKT,No,0,0.3917030562174119,No,Medium Risk,91.05,0.0,32,Month-to-month,Electronic check,Fiber optic,No,No
3627-FCRDW,Yes,1,0.48750611924316833,No,Medium Risk,71.0,0.0,9,Month-to-month,Electronic check,Fiber optic,No,No
7562-GSUHK,Yes,1,0.4648416519436813,No,Medium Risk,93.2,0.0,16,Month-to-month,Credit card (automatic),Fiber optic,No,No
6685-XSHHU,No,0,0.02111885409148618,No,Low Risk,20.95,0.0,60,Two year,Bank transfer (automatic),No,No internet service,No internet service
8901-UPRHR,No,0,0.07813265881965241,No,Low Risk,109.2,0.0,72,Two year,Bank transfer (automatic),Fiber optic,Yes,No
4903-UYAVB,Yes,1,0.14575567919699448,No,Low Risk,19.35,0.0,5,Month-to-month,Mailed check,No,No internet service,No internet service
0118-JPNOY,No,0,0.3195681478131784,No,Medium Risk,85.8,0.0,26,Month-to-month,Credit card (automatic),Fiber optic,No,Yes
6776-TLWOI,Yes,1,0.16696462984100963,No,Low Risk,19.85,0.0,3,Month-to-month,Mailed check,No,No internet service,No internet service
3845-FXCYS,No,0,0.28562310633801363,No,Low Risk,19.65,0.0,2,Month-to-month,Electronic check,No,No internet service,No internet service
5857-XRECV,No,0,0.0950339697320705,No,Low Risk,20.5,0.0,2,One year,Bank transfer (automatic),No,No internet service,No internet service
0725-CXOTM,No,0,0.0841398095722855,No,Low Risk,89.65,0.0,36,One year,Credit card (automatic),DSL,Yes,Yes
4343-EJVQB,No,0,0.32606135443894413,No,Medium Risk,74.35,0.0,7,Month-to-month,Mailed check,Fiber optic,No,Yes
9000-PLFUZ,No,0,0.06484033501258762,No,Low Risk,49.45,0.0,60,Two year,Credit card (automatic),DSL,No,No
3427-GGZZI,No,0,0.5346876896344591,Yes,Medium Risk,89.1,0.0,19,Month-to-month,Electronic check,Fiber optic,No,No
7779-ORAEL,No,0,0.04175728569118007,No,Low Risk,75.15,0.0,45,Two year,Credit card (automatic),DSL,Yes,Yes
0644-OQMDK,No,0,0.6823052115318063,Yes,High Risk,70.65,70.65,4,Month-to-month,Electronic check,Fiber optic,No,No
4077-CROMM,Yes,1,0.5237759086681542,Yes,Medium Risk,104.2,0.0,31,Month-to-month,Electronic check,Fiber optic,Yes,No
3154-CFSZG,No,0,0.23959860662439653,No,Low Risk,90.05,0.0,47,Month-to-month,Electronic check,Fiber optic,No,Yes
2868-MZAGQ,Yes,1,0.8365008288606641,Yes,High Risk,79.25,79.25,1,Month-to-month,Electronic check,Fiber optic,No,No
4847-QNOKA,Yes,1,0.5919531673413575,Yes,Medium Risk,44.9,0.0,1,Month-to-month,Bank transfer (automatic),DSL,No,No
2220-IAHLS,No,0,0.2826017694481827,No,Low Risk,19.4,0.0,1,Month-to-month,Credit card (automatic),No,No internet service,No internet service
1658-XUHBX,No,0,0.29849334203731226,No,Low Risk,88.75,0.0,59,Month-to-month,Credit card (automatic),Fiber optic,No,No
6379-RXJRQ,Yes,1,0.5814146644230876,Yes,Medium Risk,70.1,0.0,10,Month-to-month,Electronic check,Fiber optic,No,No
2378-HTWFW,No,0,0.2872319722353849,No,Low Risk,91.0,0.0,35,Month-to-month,Credit card (automatic),Fiber optic,No,Yes
8650-RHRKE,Yes,1,0.5250153848453307,Yes,Medium Risk,29.65,0.0,4,Month-to-month,Electronic check,DSL,No,No
4377-VDHYI,No,0,0.15189418557238515,No,Low Risk,90.8,0.0,32,One year,Electronic check,Fiber optic,No,Yes
0475-RIJEP,Yes,1,0.40652978490734537,No,Medium Risk,77.85,0.0,43,Month-to-month,Electronic check,Fiber optic,No,No
1260-TTRXI,Yes,1,0.3899832948160471,No,Medium Risk,54.3,0.0,4,Month-to-month,Electronic check,DSL,No,No
3719-TDVQB,No,0,0.03034665055762049,No,Low Risk,18.95,0.0,54,Two year,Mailed check,No,No internet service,No internet service
6328-ZPBGN,Yes,1,0.6682632921970793,Yes,High Risk,95.15,95.15,11,Month-to-month,Bank transfer (automatic),Fiber optic,No,No
0201-MIBOL,No,0,0.09969976607073205,No,Low Risk,102.4,0.0,66,Two year,Bank transfer (automatic),Fiber optic,No,Yes
4937-QPZPO,No,0,0.25554427699230114,No,Low Risk,99.9,0.0,61,One year,Electronic check,Fiber optic,No,No
2925-VDZHY,No,0,0.02607968312218924,No,Low Risk,88.7,0.0,72,Two year,Credit card (automatic),DSL,Yes,Yes
6981-TDRFT,No,0,0.13381253480859576,No,Low Risk,54.3,0.0,44,One year,Electronic check,DSL,Yes,No
3413-CSSTH,No,0,0.21547950110882888,No,Low Risk,55.7,0.0,41,Month-to-month,Bank transfer (automatic),DSL,No,No
8033-VCZGH,No,0,0.27411122446292985,No,Low Risk,103.95,0.0,50,One year,Electronic check,Fiber optic,No,Yes
4789-KWMXN,Yes,1,0.17070307586618905,No,Low Risk,110.85,0.0,47,One year,Credit card (automatic),Fiber optic,Yes,Yes
0224-NIJLP,No,0,0.03329874233720814,No,Low Risk,20.15,0.0,8,Two year,Mailed check,No,No internet service,No internet service
7542-CYDDM,No,0,0.0750221930391616,No,Low Risk,20.05,0.0,18,Month-to-month,Mailed check,No,No internet service,No internet service
4718-WXBGI,No,0,0.025994298435742698,No,Low Risk,91.95,0.0,72,Two year,Credit card (automatic),DSL,Yes,Yes
2867-UIMSS,Yes,1,0.774090400252101,Yes,High Risk,80.5,80.5,1,Month-to-month,Electronic check,Fiber optic,No,No
8495-PRWFH,No,0,0.25438810995688454,No,Low Risk,55.65,0.0,42,Month-to-month,Electronic check,DSL,No,No
0439-IFYUN,No,0,0.4762296647011476,No,Medium Risk,74.7,0.0,18,Month-to-month,Electronic check,Fiber optic,No,No
5716-LIBJC,No,0,0.4177711556325014,No,Medium Risk,104.15,0.0,13,One year,Credit card (automatic),Fiber optic,No,No
2868-LLSKM,No,0,0.07131641407602408,No,Low Risk,83.65,0.0,68,One year,Bank transfer (automatic),Fiber optic,Yes,No
8111-RKSPX,Yes,1,0.6575151192700748,Yes,High Risk,72.2,72.2,4,Month-to-month,Bank transfer (automatic),Fiber optic,No,No
2988-QRAJY,No,0,0.09499120922776622,No,Low Risk,110.05,0.0,69,Two year,Credit card (automatic),Fiber optic,No,Yes
1585-MQSSU,Yes,1,0.1350649619328977,No,Low Risk,51.5,0.0,17,Month-to-month,Mailed check,DSL,Yes,No
0071-NDAFP,No,0,0.027860423372036695,No,Low Risk,25.5,0.0,25,Two year,Credit card (automatic),No,No internet service,No internet service
2856-NNASM,Yes,1,0.3963700713673617,No,Medium Risk,89.55,0.0,43,Month-to-month,Mailed check,Fiber optic,No,No
7328-ZJAJO,No,0,0.021530871166499266,No,Low Risk,19.5,0.0,59,Two year,Credit card (automatic),No,No internet service,No internet service
6458-CYIDZ,No,0,0.4437685182260729,No,Medium Risk,80.7,0.0,5,Month-to-month,Electronic check,Fiber optic,No,Yes
8559-CIZFV,Yes,1,0.05857157159319422,No,Low Risk,77.5,0.0,21,One year,Mailed check,DSL,Yes,Yes
1090-PYKCI,No,0,0.11645376163701142,No,Low Risk,105.1,0.0,69,One year,Credit card (automatic),Fiber optic,Yes,Yes
3058-WQDRE,No,0,0.30168308085649936,No,Medium Risk,25.15,0.0,13,Month-to-month,Bank transfer (automatic),DSL,No,No
7547-EKNFS,Yes,1,0.36881309809690593,No,Medium Risk,95.25,0.0,42,Month-to-month,Bank transfer (automatic),Fiber optic,No,No
2279-AXJJK,No,0,0.2735763623905955,No,Low Risk,95.65,0.0,52,Month-to-month,Credit card (automatic),Fiber optic,Yes,No
6769-DYBQN,Yes,1,0.2772075257685623,No,Low Risk,85.0,0.0,46,Month-to-month,Electronic check,Fiber optic,No,Yes
0909-SELIE,No,0,0.027588171458213337,No,Low Risk,80.8,0.0,61,Two year,Bank transfer (automatic),DSL,Yes,Yes
3417-TSCIC,No,0,0.10667847516311983,No,Low Risk,24.85,0.0,29,One year,Mailed check,DSL,No,No
1042-HFUCW,No,0,0.06353191886128122,No,Low Risk,54.75,0.0,25,One year,Credit card (automatic),DSL,Yes,No
4439-JMPMT,Yes,1,0.6427397032433994,Yes,High Risk,85.75,85.75,5,Month-to-month,Electronic check,Fiber optic,Yes,No
6537-OTKMY,No,0,0.21035508647580362,No,Low Risk,50.75,0.0,15,One year,Electronic check,DSL,No,No
8999-EXMNO,No,0,0.02457221559022135,No,Low Risk,20.15,0.0,19,Two year,Mailed check,No,No internet service,No internet service
6725-TPKJO,No,0,0.022188061443804846,No,Low Risk,20.05,0.0,44,Two year,Mailed check,No,No internet service,No internet service
2446-BEGGB,Yes,1,0.7858453145789244,Yes,High Risk,98.25,98.25,6,Month-to-month,Electronic check,Fiber optic,No,No
7162-WPHPM,No,0,0.025080962897487544,No,Low Risk,71.6,0.0,58,Two year,Credit card (automatic),DSL,Yes,Yes
1599-MMYRQ,No,0,0.059455111423889324,No,Low Risk,81.45,0.0,62,One year,Credit card (automatic),Fiber optic,No,Yes
8821-KVZKQ,No,0,0.0716940757338851,No,Low Risk,58.4,0.0,70,One year,Bank transfer (automatic),DSL,Yes,No
1496-GGSUK,Yes,1,0.7618095859358149,Yes,High Risk,25.7,25.7,1,Month-to-month,Mailed check,DSL,No,No
6434-TTGJP,No,0,0.04046535023543408,No,Low Risk,53.7,0.0,10,Two year,Credit card (automatic),DSL,Yes,Yes
0042-JVWOJ,No,0,0.045701483445277184,No,Low Risk,19.6,0.0,26,One year,Bank transfer (automatic),No,No internet service,No internet service
0130-SXOUN,No,0,0.23546542618381192,No,Low Risk,89.4,0.0,66,Month-to-month,Credit card (automatic),Fiber optic,No,No
2575-GFSOE,Yes,1,0.5951257620285312,Yes,Medium Risk,69.0,0.0,7,Month-to-month,Electronic check,Fiber optic,No,No
2330-PQGDQ,No,0,0.0792748132057382,No,Low Risk,84.2,0.0,51,One year,Bank transfer (automatic),Fiber optic,Yes,No
1452-UZOSF,No,0,0.0568296998521362,No,Low Risk,106.1,0.0,72,Two year,Credit card (automatic),Fiber optic,Yes,Yes
2097-YVPKN,No,0,0.02325702251472386,No,Low Risk,25.75,0.0,65,Two year,Mailed check,No,No internet service,No internet service
2842-JTCCU,Yes,1,0.4411769025438335,No,Medium Risk,46.05,0.0,2,Month-to-month,Bank transfer (automatic),DSL,No,No
8597-CTXVJ,No,0,0.04184728923701215,No,Low Risk,64.95,0.0,70,One year,Bank transfer (automatic),DSL,Yes,Yes
6631-HMANX,No,0,0.03620436047827767,No,Low Risk,85.45,0.0,72,Two year,Credit card (automatic),DSL,Yes,No
9962-BFPDU,No,0,0.29752040522897016,No,Low Risk,20.05,0.0,1,Month-to-month,Mailed check,No,No internet service,No internet service
3296-SILRA,Yes,1,0.7804344737868528,Yes,High Risk,76.4,76.4,1,Month-to-month,Mailed check,Fiber optic,No,No
9681-OXGVC,Yes,1,0.8351292402415564,Yes,High Risk,100.5,100.5,5,Month-to-month,Electronic check,Fiber optic,No,No
6394-HHHZM,No,0,0.16696462984100963,No,Low Risk,20.7,0.0,3,Month-to-month,Mailed check,No,No internet service,No internet service
5995-LFTLE,No,0,0.026370774372571806,No,Low Risk,25.3,0.0,58,Two year,Credit card (automatic),No,No internet service,No internet service
5180-UCIIQ,Yes,1,0.18800870818425575,No,Low Risk,40.05,0.0,22,Month-to-month,Mailed check,DSL,No,Yes
1932-UEDCX,No,0,0.5077931170535661,Yes,Medium Risk,100.6,0.0,33,Month-to-month,Bank transfer (automatic),Fiber optic,No,No
7153-OANIO,Yes,1,0.7343580511959091,Yes,High Risk,69.95,69.95,1,Month-to-month,Electronic check,Fiber optic,No,No
5188-HGMLP,No,0,0.3164886915753559,No,Medium Risk,74.0,0.0,54,Month-to-month,Bank transfer (automatic),Fiber optic,No,No
0665-XHDJU,No,0,0.13628028838533984,No,Low Risk,99.4,0.0,72,Two year,Electronic check,Fiber optic,No,No
6521-YYTYI,Yes,1,0.8680068398140032,Yes,High Risk,93.3,93.3,1,Month-to-month,Electronic check,Fiber optic,No,No
8878-HMWBV,Yes,1,0.5004477681852421,Yes,Medium Risk,49.15,0.0,3,Month-to-month,Electronic check,DSL,No,No
8265-HKSOW,No,0,0.05550131703581756,No,Low Risk,107.45,0.0,72,Two year,Credit card (automatic),Fiber optic,Yes,Yes
3544-FBCAS,No,0,0.03746860384217404,No,Low Risk,83.6,0.0,72,Two year,Credit card (automatic),DSL,No,Yes
5331-RGMTT,No,0,0.45395431993132473,No,Medium Risk,99.05,0.0,54,Month-to-month,Credit card (automatic),Fiber optic,No,No
4759-PXTAN,No,0,0.11304784291081449,No,Low Risk,80.1,0.0,59,One year,Electronic check,DSL,Yes,No
7054-DMVAS,No,0,0.03889261431790578,No,Low Risk,65.3,0.0,54,Two year,Bank transfer (automatic),DSL,No,Yes
3428-MMGUB,No,0,0.1080644705997155,No,Low Risk,89.55,0.0,60,Two year,Electronic check,Fiber optic,No,No
6549-BTYPG,No,0,0.03952835107853244,No,Low Risk,60.8,0.0,60,Two year,Credit card (automatic),DSL,Yes,No
7823-JSOAG,No,0,0.6285838554687767,Yes,High Risk,74.5,74.5,3,Month-to-month,Electronic check,Fiber optic,No,No
3705-RHRFR,No,0,0.08642120404645141,No,Low Risk,99.15,0.0,69,Two year,Bank transfer (automatic),Fiber optic,No,Yes
9374-YOLBJ,No,0,0.3219946772141098,No,Medium Risk,19.25,0.0,1,Month-to-month,Electronic check,No,No internet service,No internet service
9074-KGVOX,No,0,0.15284882873745861,No,Low Risk,39.45,0.0,50,Month-to-month,Credit card (automatic),DSL,No,Yes
6128-DAFVY,No,0,0.22959761266463136,No,Low Risk,44.85,0.0,56,Month-to-month,Credit card (automatic),DSL,No,No
9933-QRGTX,No,0,0.08733358385873422,No,Low Risk,97.2,0.0,60,Two year,Electronic check,Fiber optic,Yes,Yes
4476-OSWTN,No,0,0.14359700085635227,No,Low Risk,110.55,0.0,69,One year,Mailed check,Fiber optic,Yes,Yes
3751-KTZEL,Yes,1,0.5675779038380058,Yes,Medium Risk,35.05,0.0,1,Month-to-month,Mailed check,DSL,No,No
1977-STDKI,Yes,1,0.7977209730140203,Yes,High Risk,73.0,73.0,1,Month-to-month,Electronic check,Fiber optic,No,No
5066-GFJMM,No,0,0.203258499557407,No,Low Risk,19.9,0.0,3,Month-to-month,Mailed check,No,No internet service,No internet service
2661-GKBTK,No,0,0.035623343758103734,No,Low Risk,76.95,0.0,60,Two year,Bank transfer (automatic),DSL,Yes,No
0458-HEUZG,No,0,0.06332671059012038,No,Low Risk,35.4,0.0,13,Two year,Mailed check,DSL,Yes,No
7268-WNTCP,No,0,0.020720675767412843,No,Low Risk,20.45,0.0,62,Two year,Bank transfer (automatic),No,No internet service,No internet service
0824-VWDPO,No,0,0.13278086765026983,No,Low Risk,96.75,0.0,45,One year,Bank transfer (automatic),Fiber optic,No,Yes
8409-WQJUX,No,0,0.12713531146954538,No,Low Risk,54.2,0.0,25,One year,Electronic check,DSL,Yes,No
2578-JQPHZ,No,0,0.0888217875832713,No,Low Risk,100.1,0.0,44,Two year,Bank transfer (automatic),Fiber optic,Yes,No
3278-FSIXX,No,0,0.5212198416755857,Yes,Medium Risk,45.25,0.0,2,Month-to-month,Mailed check,DSL,No,No
5813-UECBU,Yes,1,0.4059346658453062,No,Medium Risk,83.85,0.0,33,Month-to-month,Credit card (automatic),Fiber optic,No,No
0328-GRPMV,Yes,1,0.804979670889202,Yes,High Risk,70.1,70.1,1,Month-to-month,Electronic check,Fiber optic,No,No
9746-UGFAC,No,0,0.041281181191654276,No,Low Risk,20.85,0.0,22,One year,Bank transfer (automatic),No,No internet service,No internet service
2946-KIQSP,No,0,0.16290515761374574,No,Low Risk,33.45,0.0,35,Month-to-month,Mailed check,DSL,Yes,No
0625-AFOHS,No,0,0.022063916656277653,No,Low Risk,20.2,0.0,29,Two year,Mailed check,No,No internet service,No internet service
6726-WEXXK,No,0,0.20908056004503853,No,Low Risk,85.9,0.0,27,One year,Electronic check,Fiber optic,No,Yes
4636-OLWOE,No,0,0.07399977517846325,No,Low Risk,61.0,0.0,54,One year,Electronic check,DSL,Yes,No
4342-HENTK,Yes,1,0.7034718517378408,Yes,High Risk,70.65,70.65,2,Month-to-month,Electronic check,Fiber optic,No,No
4685-ERGHK,No,0,0.17761750216600306,No,Low Risk,86.9,0.0,57,One year,Electronic check,Fiber optic,No,No
0885-HMGPY,No,0,0.024276013957702843,No,Low Risk,69.4,0.0,62,Two year,Bank transfer (automatic),DSL,Yes,Yes
5003-OKNNK,No,0,0.051846025864619436,No,Low Risk,20.35,0.0,15,One year,Credit card (automatic),No,No internet service,No internet service
4195-SMMNX,Yes,1,0.20101189316519963,No,Low Risk,20.35,0.0,2,Month-to-month,Mailed check,No,No internet service,No internet service
7208-PSIHR,No,0,0.09876259367800168,No,Low Risk,104.3,0.0,70,Two year,Bank transfer (automatic),Fiber optic,Yes,No
4012-ZTHBR,No,0,0.2793064865420051,No,Low Risk,44.95,0.0,21,Month-to-month,Electronic check,DSL,No,No
0489-WMEMG,No,0,0.10274627600182712,No,Low Risk,49.45,0.0,23,One year,Electronic check,DSL,Yes,No
7435-ZNUYY,No,0,0.057738288224302395,No,Low Risk,20.6,0.0,6,One year,Mailed check,No,No internet service,No internet service
1354-YZFNB,No,0,0.04598964792189165,No,Low Risk,19.55,0.0,4,Two year,Credit card (automatic),No,No internet service,No internet service
6956-SMUCM,Yes,1,0.6388887466875958,Yes,High Risk,99.0,99.0,3,Month-to-month,Credit card (automatic),Fiber optic,No,Yes
2985-FMWYF,No,0,0.5645375045026675,Yes,Medium Risk,93.5,0.0,23,Month-to-month,Electronic check,Fiber optic,No,No
2812-ENYMO,No,0,0.06660698400993481,No,Low Risk,54.55,0.0,26,One year,Credit card (automatic),DSL,Yes,Yes
2717-HVIZY,No,0,0.0993172638344018,No,Low Risk,20.05,0.0,8,Month-to-month,Mailed check,No,No internet service,No internet service
3223-WZWJM,Yes,1,0.5156299616076695,Yes,Medium Risk,83.95,0.0,26,Month-to-month,Electronic check,Fiber optic,No,No
3422-GALYP,No,0,0.7170012140899629,Yes,High Risk,79.45,79.45,2,Month-to-month,Electronic check,Fiber optic,No,No
9053-JZFKV,Yes,1,0.11406319434098657,No,Low Risk,116.2,0.0,67,Two year,Credit card (automatic),Fiber optic,Yes,Yes
2530-ENDWQ,Yes,1,0.09164849353176736,No,Low Risk,93.7,0.0,71,Two year,Bank transfer (automatic),Fiber optic,No,No
2890-WFBHU,No,0,0.052019617346637424,No,Low Risk,79.85,0.0,59,One year,Credit card (automatic),DSL,Yes,Yes
0327-WFZSY,No,0,0.27168024377379824,No,Low Risk,100.0,0.0,39,One year,Electronic check,Fiber optic,No,No
7977-HXJKU,No,0,0.02457221559022135,No,Low Risk,19.6,0.0,21,Two year,Mailed check,No,No internet service,No internet service
6615-ZGEDR,Yes,1,0.29872100466145696,No,Low Risk,19.7,0.0,1,Month-to-month,Mailed check,No,No internet service,No internet service
7033-CLAMM,No,0,0.022063916656277653,No,Low Risk,20.2,0.0,48,Two year,Bank transfer (automatic),No,No internet service,No internet service
4023-RTIQM,No,0,0.10488145010003158,No,Low Risk,50.4,0.0,31,One year,Credit card (automatic),DSL,No,Yes
0864-FVJNJ,No,0,0.17662360308708153,No,Low Risk,113.35,0.0,64,One year,Electronic check,Fiber optic,Yes,Yes
7356-IWLFW,No,0,0.26888067119903675,No,Low Risk,80.0,0.0,46,Month-to-month,Bank transfer (automatic),Fiber optic,No,No
9541-PWTWO,No,0,0.05344491677786507,No,Low Risk,80.95,0.0,52,Two year,Bank transfer (automatic),DSL,Yes,No
3967-VQOGC,No,0,0.02357034535425262,No,Low Risk,24.9,0.0,67,Two year,Mailed check,No,No internet service,No internet service
7872-RDDLZ,No,0,0.18768272087062268,No,Low Risk,54.9,0.0,67,Month-to-month,Electronic check,DSL,No,No
9250-WYPLL,Yes,1,0.6285838554687767,Yes,High Risk,75.55,75.55,5,Month-to-month,Electronic check,Fiber optic,No,No
6308-CQRBU,No,0,0.10418300226209283,No,Low Risk,109.25,0.0,71,Two year,Electronic check,Fiber optic,Yes,No
2754-XBHTB,Yes,1,0.541880046769258,Yes,Medium Risk,77.65,0.0,9,Month-to-month,Bank transfer (automatic),Fiber optic,No,No
1597-LHYNC,Yes,1,0.4675851996007813,No,Medium Risk,95.0,0.0,26,Month-to-month,Electronic check,Fiber optic,No,Yes
0186-CAERR,No,0,0.1443852578994826,No,Low Risk,116.3,0.0,71,One year,Bank transfer (automatic),Fiber optic,Yes,Yes
3043-SUDUA,No,0,0.06772157046635292,No,Low Risk,19.9,0.0,32,Month-to-month,Bank transfer (automatic),No,No internet service,No internet service
5442-BHQNG,No,0,0.577060148384206,Yes,Medium Risk,70.35,0.0,2,Month-to-month,Electronic check,Fiber optic,No,No
2169-RRLFW,No,0,0.02038926741407629,No,Low Risk,25.6,0.0,71,Two year,Credit card (automatic),No,No internet service,No internet service
5872-OEQNH,No,0,0.11309663234137847,No,Low Risk,44.45,0.0,60,One year,Electronic check,DSL,No,Yes
3162-KKZXO,No,0,0.2944905189274005,No,Low Risk,100.15,0.0,55,One year,Electronic check,Fiber optic,No,No
7055-VKGDA,Yes,1,0.1408231041619583,No,Low Risk,105.4,0.0,54,One year,Credit card (automatic),Fiber optic,Yes,Yes
0754-UKWQP,Yes,1,0.7623174953751641,Yes,High Risk,95.85,95.85,2,Month-to-month,Electronic check,Fiber optic,No,No
8873-GLDMH,No,0,0.5930599832223685,Yes,Medium Risk,73.85,0.0,6,Month-to-month,Mailed check,Fiber optic,No,No
5696-JVVQY,No,0,0.03756613748261221,No,Low Risk,70.1,0.0,48,Two year,Credit card (automatic),DSL,No,Yes
8946-BFWSG,No,0,0.023127038226193948,No,Low Risk,25.25,0.0,63,Two year,Mailed check,No,No internet service,No internet service
7493-TPUWZ,Yes,1,0.8150992696710547,Yes,High Risk,79.15,79.15,1,Month-to-month,Electronic check,Fiber optic,No,No
0547-HURJB,No,0,0.09879272168175501,No,Low Risk,21.05,0.0,12,Month-to-month,Credit card (automatic),No,No internet service,No internet service
8904-OPDCK,No,0,0.22634122671658308,No,Low Risk,24.95,0.0,54,Month-to-month,Bank transfer (automatic),DSL,No,No
8845-LWKGE,No,0,0.10287384258933704,No,Low Risk,64.5,0.0,30,One year,Electronic check,DSL,Yes,No
1577-HKTFG,Yes,1,0.06772157046635292,No,Low Risk,19.65,0.0,30,Month-to-month,Bank transfer (automatic),No,No internet service,No internet service
8752-STIVR,Yes,1,0.6984100213978972,Yes,High Risk,79.0,79.0,4,Month-to-month,Electronic check,Fiber optic,No,No
0691-NIKRI,No,0,0.23657202968700616,No,Low Risk,105.95,0.0,40,One year,Credit card (automatic),Fiber optic,Yes,No
5022-JNQEQ,No,0,0.48596861892502163,No,Medium Risk,75.85,0.0,9,Month-to-month,Electronic check,Fiber optic,Yes,No
4558-FANTW,Yes,1,0.3401948312913534,No,Medium Risk,91.85,0.0,17,Month-to-month,Electronic check,Fiber optic,Yes,Yes
3249-VHRIP,No,0,0.05488045243456552,No,Low Risk,43.6,0.0,62,Two year,Credit card (automatic),DSL,No,No
3736-BLEPA,No,0,0.11573568865574374,No,Low Risk,91.25,0.0,28,One year,Bank transfer (automatic),Fiber optic,Yes,No
4701-LKOZD,No,0,0.03011761970046305,No,Low Risk,89.75,0.0,70,Two year,Credit card (automatic),DSL,Yes,Yes
6603-QWSPR,No,0,0.09992140279477539,No,Low Risk,104.4,0.0,46,Two year,Bank transfer (automatic),Fiber optic,Yes,No
9921-QFQUL,No,0,0.35158541899481444,No,Medium Risk,90.15,0.0,23,Month-to-month,Mailed check,Fiber optic,No,No
1929-ZCBHE,No,0,0.06866711732063972,No,Low Risk,40.3,0.0,47,One year,Electronic check,DSL,Yes,Yes
4378-MYPGO,No,0,0.08177964312447919,No,Low Risk,105.25,0.0,68,Two year,Bank transfer (automatic),Fiber optic,No,Yes
8651-ENBZX,Yes,1,0.2278184177837481,No,Low Risk,106.0,0.0,60,One year,Electronic check,Fiber optic,Yes,No
4129-LYCOI,No,0,0.1309154707233625,No,Low Risk,104.0,0.0,67,Two year,Electronic check,Fiber optic,Yes,No
7798-JVXYM,No,0,0.31142435350941067,No,Medium Risk,69.65,0.0,14,Month-to-month,Electronic check,DSL,Yes,No
8647-SDTWQ,No,0,0.3536567422189135,No,Medium Risk,74.3,0.0,57,Month-to-month,Electronic check,Fiber optic,No,No
2696-ECXKC,No,0,0.15880438092661642,No,Low Risk,100.9,0.0,55,One year,Mailed check,Fiber optic,No,Yes
2081-KJSQF,No,0,0.35666769182703767,No,Medium Risk,20.25,0.0,1,Month-to-month,Mailed check,No,No internet service,No internet service
7623-TRNQN,Yes,1,0.4523631933445123,No,Medium Risk,49.9,0.0,1,Month-to-month,Mailed check,DSL,Yes,No
3323-CPBWR,No,0,0.4207239391982927,No,Medium Risk,96.9,0.0,23,Month-to-month,Credit card (automatic),Fiber optic,Yes,No
9330-IJWIO,Yes,1,0.6754103646011678,Yes,High Risk,100.35,100.35,13,Month-to-month,Electronic check,Fiber optic,No,Yes
3384-CTMSF,No,0,0.5278154234838514,Yes,Medium Risk,104.1,0.0,47,Month-to-month,Electronic check,Fiber optic,No,No
0902-RFHOF,No,0,0.03713218255245417,No,Low Risk,20.1,0.0,38,One year,Mailed check,No,No internet service,No internet service
9286-DOJGF,Yes,1,0.42989635967789236,No,Medium Risk,74.95,0.0,38,Month-to-month,Bank transfer (automatic),Fiber optic,No,No
6048-QBXKL,No,0,0.5378446725938985,Yes,Medium Risk,56.55,0.0,2,Month-to-month,Credit card (automatic),DSL,No,No
9661-MHUMO,Yes,1,0.49704536911652364,No,Medium Risk,49.25,0.0,1,Month-to-month,Credit card (automatic),DSL,Yes,No
7718-RXDGG,No,0,0.44847801674255977,No,Medium Risk,68.6,0.0,15,Month-to-month,Bank transfer (automatic),Fiber optic,No,No
1025-FALIX,No,0,0.31201235417820306,No,Medium Risk,69.05,0.0,26,Month-to-month,Credit card (automatic),Fiber optic,No,No
3451-VAWLI,No,0,0.022063916656277653,No,Low Risk,19.7,0.0,35,Two year,Credit card (automatic),No,No internet service,No internet service
3407-QGWLG,No,0,0.19836997368222498,No,Low Risk,20.05,0.0,3,Month-to-month,Mailed check,No,No internet service,No internet service
1842-EZJMK,Yes,1,0.4171088258195963,No,Medium Risk,103.7,0.0,50,Month-to-month,Electronic check,Fiber optic,Yes,No
2347-WKKAE,No,0,0.4121872115436172,No,Medium Risk,94.4,0.0,42,Month-to-month,Electronic check,Fiber optic,No,Yes
8735-DCXNF,No,0,0.1427847947725627,No,Low Risk,54.95,0.0,10,Month-to-month,Credit card (automatic),DSL,Yes,Yes
3214-IYUUQ,No,0,0.07636557678427432,No,Low Risk,93.7,0.0,61,One year,Bank transfer (automatic),Fiber optic,Yes,Yes
1936-UAFEH,No,0,0.07267108728141836,No,Low Risk,110.25,0.0,68,Two year,Credit card (automatic),Fiber optic,Yes,Yes
3587-PMCOY,No,0,0.4363802337218194,No,Medium Risk,98.9,0.0,10,One year,Electronic check,Fiber optic,No,Yes
8079-XRJRS,Yes,1,0.0916890051846891,No,Low Risk,89.75,0.0,65,One year,Electronic check,Fiber optic,No,Yes
1027-LKKQQ,No,0,0.025816555231541326,No,Low Risk,80.45,0.0,72,Two year,Bank transfer (automatic),DSL,Yes,Yes
7148-XZPHA,No,0,0.2035524588298,No,Low Risk,79.4,0.0,55,Month-to-month,Electronic check,Fiber optic,Yes,No
8073-IJDCM,Yes,1,0.35666769182703767,No,Medium Risk,20.3,0.0,1,Month-to-month,Mailed check,No,No internet service,No internet service
5309-TAIKL,No,0,0.20358974088652818,No,Low Risk,62.8,0.0,7,Month-to-month,Bank transfer (automatic),DSL,Yes,No
6856-RAURS,No,0,0.6752644548657342,Yes,High Risk,74.9,74.9,2,Month-to-month,Mailed check,Fiber optic,No,No
8778-LMWTJ,No,0,0.46044644372096843,No,Medium Risk,74.85,0.0,9,Month-to-month,Electronic check,Fiber optic,No,Yes
9717-IOAAF,No,0,0.03029645459302573,No,Low Risk,25.85,0.0,27,Two year,Credit card (automatic),No,No internet service,No internet service
8884-ADFVN,Yes,1,0.8095966637247521,Yes,High Risk,101.95,101.95,7,Month-to-month,Electronic check,Fiber optic,No,No
2845-KDHVX,No,0,0.03260856085249348,No,Low Risk,68.3,0.0,64,Two year,Mailed check,DSL,Yes,No
0848-SOMKO,No,0,0.03007575276673995,No,Low Risk,48.4,0.0,70,Two year,Bank transfer (automatic),DSL,Yes,Yes
2720-WGKHP,Yes,1,0.8159201662704678,Yes,High Risk,94.0,94.0,2,Month-to-month,Electronic check,Fiber optic,No,No
6734-FQAJX,No,0,0.08875653637162498,No,Low Risk,105.05,0.0,67,Two year,Electronic check,Fiber optic,Yes,Yes
2869-ADAWR,Yes,1,0.3039050649063415,No,Medium Risk,89.3,0.0,45,Month-to-month,Credit card (automatic),Fiber optic,No,No
1535-VTJOQ,No,0,0.028016248417572553,No,Low Risk,25.15,0.0,24,Two year,Credit card (automatic),No,No internet service,No internet service
6368-TZZDT,No,0,0.04598964792189165,No,Low Risk,19.5,0.0,4,Two year,Credit card (automatic),No,No internet service,No internet service
0943-ZQPXH,No,0,0.3053605502806008,No,Medium Risk,92.95,0.0,44,Month-to-month,Bank transfer (automatic),Fiber optic,No,No
1293-BSEUN,No,0,0.018509753936098307,No,Low Risk,20.7,0.0,72,Two year,Mailed check,No,No internet service,No internet service
9894-EZEWG,Yes,1,0.7118179178666647,Yes,High Risk,74.3,74.3,1,Month-to-month,Credit card (automatic),Fiber optic,No,No
1302-TPUBN,No,0,0.020837423718393398,No,Low Risk,19.35,0.0,66,Two year,Bank transfer (automatic),No,No internet service,No internet service
7851-FLGGQ,Yes,1,0.4502782115209757,No,Medium Risk,44.65,0.0,1,Month-to-month,Mailed check,DSL,Yes,No
0637-UBJRP,Yes,1,0.3951106449062706,No,Medium Risk,84.05,0.0,13,Month-to-month,Electronic check,Fiber optic,No,Yes
0940-OUQEC,Yes,1,0.5390959618954653,Yes,Medium Risk,80.7,0.0,10,Month-to-month,Bank transfer (automatic),Fiber optic,No,No
2378-VTKDH,No,0,0.4485141428710381,No,Medium Risk,104.35,0.0,65,Month-to-month,Electronic check,Fiber optic,No,No
0927-CNGRH,No,0,0.29752040522897016,No,Low Risk,19.55,0.0,1,Month-to-month,Mailed check,No,No internet service,No internet service
8608-OZTLB,No,0,0.060215427816937526,No,Low Risk,74.05,0.0,38,One year,Electronic check,DSL,Yes,Yes
2335-GSODA,No,0,0.03303053703006152,No,Low Risk,40.1,0.0,23,Two year,Mailed check,DSL,Yes,Yes
1952-DVVSW,No,0,0.055295591634267206,No,Low Risk,20.1,0.0,10,One year,Mailed check,No,No internet service,No internet service
0702-PGIBZ,Yes,1,0.8066768740982174,Yes,High Risk,101.7,101.7,4,Month-to-month,Electronic check,Fiber optic,No,No
6656-GULJQ,No,0,0.029218608392106334,No,Low Risk,83.55,0.0,72,Two year,Credit card (automatic),DSL,Yes,Yes
9853-JFZDU,No,0,0.12370498226348287,No,Low Risk,56.85,0.0,35,Month-to-month,Electronic check,DSL,Yes,No
1963-VAUKV,Yes,1,0.29872100466145696,No,Low Risk,20.4,0.0,1,Month-to-month,Mailed check,No,No internet service,No internet service
3777-XROBG,No,0,0.021530871166499266,No,Low Risk,19.55,0.0,58,Two year,Credit card (automatic),No,No internet service,No internet service
6994-FGRHH,No,0,0.19382071126695713,No,Low Risk,106.15,0.0,70,One year,Electronic check,Fiber optic,Yes,No
4000-VGMQP,No,0,0.10267437415724572,No,Low Risk,78.95,0.0,38,One year,Credit card (automatic),DSL,No,No
3999-WRNGR,No,0,0.2533122586258336,No,Low Risk,49.75,0.0,60,Month-to-month,Electronic check,DSL,No,No
3466-RITXD,No,0,0.29906731252628854,No,Low Risk,92.4,0.0,26,Month-to-month,Credit card (automatic),Fiber optic,No,Yes
2680-XKKNJ,No,0,0.05576476166207137,No,Low Risk,58.2,0.0,8,One year,Bank transfer (automatic),DSL,Yes,Yes
3058-HJCUY,Yes,1,0.3105855139092487,No,Medium Risk,102.6,0.0,41,One year,Electronic check,Fiber optic,Yes,No
2974-GGUXS,No,0,0.3874732975570326,No,Medium Risk,91.95,0.0,36,Month-to-month,Credit card (automatic),Fiber optic,No,No
7994-XIRTR,No,0,0.08009603739387006,No,Low Risk,65.25,0.0,54,One year,Bank transfer (automatic),DSL,Yes,No
3259-FDWOY,Yes,1,0.10000710784098124,No,Low Risk,106.0,0.0,71,Two year,Bank transfer (automatic),Fiber optic,No,No
2101-RANCD,No,0,0.35631695245479394,No,Medium Risk,73.1,0.0,55,Month-to-month,Electronic check,Fiber optic,No,No
7921-BEPCI,No,0,0.029577187734020943,No,Low Risk,59.75,0.0,72,Two year,Bank transfer (automatic),DSL,No,Yes
0807-ZABDG,Yes,1,0.24506535608529925,No,Low Risk,55.1,0.0,3,Month-to-month,Mailed check,DSL,Yes,Yes
8510-TMWYB,No,0,0.05416124035995022,No,Low Risk,59.8,0.0,54,Two year,Bank transfer (automatic),DSL,No,No
3258-ZKPAI,No,0,0.04330474759663763,No,Low Risk,116.6,0.0,72,Two year,Bank transfer (automatic),Fiber optic,Yes,Yes
1428-IEDPR,No,0,0.13450611984599128,No,Low Risk,109.3,0.0,52,Two year,Electronic check,Fiber optic,Yes,Yes
5298-GSTLM,No,0,0.16116381524937515,No,Low Risk,101.4,0.0,60,One year,Bank transfer (automatic),Fiber optic,No,Yes
4450-YOOHP,No,0,0.2575597588812744,No,Low Risk,50.65,0.0,39,Month-to-month,Credit card (automatic),DSL,No,No
6728-CZFEI,No,0,0.11612670061742379,No,Low Risk,56.15,0.0,15,One year,Mailed check,DSL,No,No
5748-RNCJT,Yes,1,0.09876259367800168,No,Low Risk,106.5,0.0,69,Two year,Bank transfer (automatic),Fiber optic,Yes,No
3653-NCRDJ,No,0,0.04439119875938083,No,Low Risk,19.2,0.0,43,One year,Mailed check,No,No internet service,No internet service
6121-TNHBO,No,0,0.05121612652120093,No,Low Risk,83.0,0.0,63,One year,Bank transfer (automatic),DSL,Yes,Yes
5119-NZPTV,No,0,0.6190896456159265,Yes,High Risk,70.1,70.1,2,Month-to-month,Electronic check,Fiber optic,No,No
6519-ZHPXP,No,0,0.05529132435931591,No,Low Risk,108.3,0.0,72,Two year,Bank transfer (automatic),Fiber optic,Yes,Yes
7739-LAXOG,Yes,1,0.40189687736388857,No,Medium Risk,91.05,0.0,32,Month-to-month,Bank transfer (automatic),Fiber optic,No,No
3472-QPRCH,No,0,0.025140281571952163,No,Low Risk,25.25,0.0,40,Two year,Credit card (automatic),No,No internet service,No internet service
8224-UAXBZ,No,0,0.10806641322697698,No,Low Risk,45.35,0.0,58,One year,Electronic check,DSL,No,Yes
9610-WCESF,No,0,0.04296413406529907,No,Low Risk,43.9,0.0,67,Two year,Electronic check,DSL,Yes,Yes
9776-CLUJA,Yes,1,0.3418465404022159,No,Medium Risk,77.5,0.0,51,Month-to-month,Electronic check,Fiber optic,No,Yes
2486-WYVVE,No,0,0.11161479391203723,No,Low Risk,79.3,0.0,31,One year,Mailed check,DSL,Yes,No
3865-ZYKAD,No,0,0.18065315134788698,No,Low Risk,84.9,0.0,69,Month-to-month,Credit card (automatic),Fiber optic,No,Yes
1422-DGUBX,No,0,0.18575409588553848,No,Low Risk,79.25,0.0,32,One year,Electronic check,Fiber optic,Yes,No
2999-AANRQ,No,0,0.027790108045104126,No,Low Risk,71.05,0.0,21,Two year,Credit card (automatic),DSL,Yes,Yes
8668-KNZTI,No,0,0.07247464434895047,No,Low Risk,53.75,0.0,52,One year,Electronic check,DSL,No,Yes
0480-KYJVA,No,0,0.020274978401497466,No,Low Risk,24.25,0.0,72,Two year,Credit card (automatic),No,No internet service,No internet service
6034-ZRYCV,Yes,1,0.075736826211073,No,Low Risk,54.2,0.0,72,Two year,Electronic check,DSL,No,No
9746-YKGXB,No,0,0.07690352278074424,No,Low Risk,44.25,0.0,52,One year,Bank transfer (automatic),DSL,No,Yes
3926-YZVVX,No,0,0.052886506389746284,No,Low Risk,50.05,0.0,41,One year,Bank transfer (automatic),DSL,Yes,No
6000-UKLWI,No,0,0.022188061443804846,No,Low Risk,20.15,0.0,41,Two year,Mailed check,No,No internet service,No internet service
2079-FBMZK,Yes,1,0.5344900477389722,Yes,Medium Risk,69.25,0.0,6,Month-to-month,Mailed check,Fiber optic,No,No
6332-FBZRI,No,0,0.041712492513536065,No,Low Risk,69.35,0.0,67,One year,Credit card (automatic),DSL,Yes,Yes
2096-XOTMO,No,0,0.08964618788144443,No,Low Risk,19.35,0.0,16,Month-to-month,Mailed check,No,No internet service,No internet service
3266-FTKHB,No,0,0.027861293021585364,No,Low Risk,19.15,0.0,17,Two year,Mailed check,No,No internet service,No internet service
8221-EQDGL,No,0,0.0938845027905196,No,Low Risk,61.0,0.0,35,Month-to-month,Mailed check,DSL,No,Yes
2346-LOCWC,No,0,0.021530871166499266,No,Low Risk,20.5,0.0,58,Two year,Credit card (automatic),No,No internet service,No internet service
6608-QQLVK,Yes,1,0.6918208088899586,Yes,High Risk,50.5,50.5,1,Month-to-month,Electronic check,DSL,No,No
0298-XACET,No,0,0.03931686982761033,No,Low Risk,50.2,0.0,52,Two year,Mailed check,DSL,Yes,No
7560-QJAVJ,No,0,0.029912548019403577,No,Low Risk,79.6,0.0,70,Two year,Bank transfer (automatic),DSL,Yes,Yes
2995-YWTCD,No,0,0.03408158237072016,No,Low Risk,24.9,0.0,19,Two year,Bank transfer (automatic),No,No internet service,No internet service
3551-HUAZH,Yes,1,0.8469943135896922,Yes,High Risk,74.4,74.4,1,Month-to-month,Electronic check,Fiber optic,No,No
9137-UIYPG,No,0,0.38388042500955744,No,Medium Risk,106.9,0.0,35,Month-to-month,Electronic check,Fiber optic,Yes,Yes
2809-ZMYOQ,No,0,0.5756955905904309,Yes,Medium Risk,101.35,0.0,32,Month-to-month,Electronic check,Fiber optic,No,No
5084-OOVCJ,No,0,0.11851563294600788,No,Low Risk,55.35,0.0,17,Month-to-month,Credit card (automatic),DSL,Yes,Yes
0254-WWRKD,No,0,0.05851552887710198,No,Low Risk,50.55,0.0,67,One year,Credit card (automatic),DSL,No,No
7727-SHVZV,No,0,0.09930474927834759,No,Low Risk,19.5,0.0,9,Month-to-month,Bank transfer (automatic),No,No internet service,No internet service
6302-JGYRJ,Yes,1,0.09752274347640295,No,Low Risk,79.45,0.0,31,One year,Mailed check,DSL,Yes,No
5339-PXDVH,No,0,0.548738509312967,Yes,Medium Risk,90.65,0.0,4,Month-to-month,Electronic check,Fiber optic,No,Yes
2205-LPVGL,No,0,0.0708419968600255,No,Low Risk,89.85,0.0,58,One year,Bank transfer (automatic),Fiber optic,Yes,Yes
8782-NUUOL,No,0,0.05488943331033893,No,Low Risk,79.0,0.0,60,One year,Mailed check,DSL,Yes,Yes
3685-YLCMQ,Yes,1,0.268571511890443,No,Low Risk,104.65,0.0,58,One year,Electronic check,Fiber optic,Yes,No
7601-WFVZV,No,0,0.29872100466145696,No,Low Risk,19.55,0.0,1,Month-to-month,Mailed check,No,No internet service,No internet service
4609-KNNWG,No,0,0.022063916656277653,No,Low Risk,19.9,0.0,27,Two year,Mailed check,No,No internet service,No internet service
4868-AADLV,No,0,0.17808629643720308,No,Low Risk,116.25,0.0,66,One year,Electronic check,Fiber optic,Yes,Yes
9529-OFXHY,No,0,0.460794887995273,No,Medium Risk,87.75,0.0,15,Month-to-month,Bank transfer (automatic),Fiber optic,No,Yes
8634-MPHTR,Yes,1,0.5548685001624751,Yes,Medium Risk,100.05,0.0,47,Month-to-month,Electronic check,Fiber optic,No,No
2669-QVCRG,No,0,0.26500930262180716,No,Low Risk,81.3,0.0,41,Month-to-month,Credit card (automatic),Fiber optic,No,Yes
2478-EEWWM,No,0,0.2991320236898962,No,Low Risk,44.3,0.0,59,Month-to-month,Electronic check,DSL,No,No
9174-IHETN,No,0,0.05766571794334808,No,Low Risk,70.35,0.0,50,Two year,Credit card (automatic),Fiber optic,No,No
2233-TXSIU,No,0,0.09411799791562278,No,Low Risk,44.45,0.0,17,One year,Credit card (automatic),DSL,No,Yes
9644-UMGQA,No,0,0.26352311387760025,No,Low Risk,49.15,0.0,6,Month-to-month,Electronic check,DSL,No,Yes
3256-EZDBI,No,0,0.2059796667943554,No,Low Risk,29.45,0.0,51,Month-to-month,Credit card (automatic),DSL,No,No
8761-NSOBC,Yes,1,0.3585070525035833,No,Medium Risk,100.55,0.0,44,Month-to-month,Electronic check,Fiber optic,Yes,No
0419-YAAPX,No,0,0.2646334532217539,No,Low Risk,85.3,0.0,49,Month-to-month,Credit card (automatic),Fiber optic,No,No
8413-VONUO,Yes,1,0.6465842452862082,Yes,High Risk,95.65,95.65,2,Month-to-month,Electronic check,Fiber optic,No,No
0872-CASZJ,No,0,0.05798725042672587,No,Low Risk,69.1,0.0,59,One year,Mailed check,DSL,Yes,Yes
4726-DLWQN,No,0,0.16357047692792034,No,Low Risk,70.35,0.0,50,Month-to-month,Bank transfer (automatic),DSL,No,Yes
8164-OCKUJ,No,0,0.021530871166499266,No,Low Risk,20.6,0.0,59,Two year,Mailed check,No,No internet service,No internet service
3094-JOJAI,No,0,0.32235071027597195,No,Medium Risk,74.15,0.0,18,Month-to-month,Mailed check,Fiber optic,No,No
9494-MRNYX,No,0,0.5548925365187777,Yes,Medium Risk,75.05,0.0,10,Month-to-month,Electronic check,Fiber optic,No,No
2599-CZABP,No,0,0.13661524814625528,No,Low Risk,44.6,0.0,14,One year,Electronic check,DSL,No,No
7945-PRBVF,No,0,0.022188061443804846,No,Low Risk,21.45,0.0,35,Two year,Bank transfer (automatic),No,No internet service,No internet service
4544-RXFMG,No,0,0.15451785092692774,No,Low Risk,43.45,0.0,8,One year,Mailed check,DSL,No,No
0859-YGKFW,No,0,0.04105469349653117,No,Low Risk,20.05,0.0,18,One year,Bank transfer (automatic),No,No internet service,No internet service
1150-FTQGN,No,0,0.10426777091596909,No,Low Risk,94.15,0.0,60,One year,Bank transfer (automatic),Fiber optic,No,Yes
9223-UCPVT,Yes,1,0.801201655915576,Yes,High Risk,94.4,94.4,1,Month-to-month,Electronic check,Fiber optic,No,No
7196-LIWRH,No,0,0.034800823540453676,No,Low Risk,19.55,0.0,6,Two year,Mailed check,No,No internet service,No internet service
5448-VWNAM,No,0,0.1246464702194199,No,Low Risk,75.9,0.0,19,Month-to-month,Mailed check,DSL,Yes,Yes
1177-XZBJL,No,0,0.04541439789764684,No,Low Risk,64.15,0.0,53,One year,Bank transfer (automatic),DSL,Yes,Yes
3518-FSTWG,No,0,0.05752230426419842,No,Low Risk,109.55,0.0,72,Two year,Bank transfer (automatic),Fiber optic,No,Yes
9330-VOFSZ,No,0,0.09388707619571746,No,Low Risk,110.8,0.0,60,Two year,Credit card (automatic),Fiber optic,Yes,No
4351-QLCSU,Yes,1,0.6392917590118585,Yes,High Risk,55.0,55.0,1,Month-to-month,Credit card (automatic),DSL,No,No
0939-EREMR,No,0,0.15842840549451567,No,Low Risk,53.45,0.0,13,Month-to-month,Mailed check,DSL,Yes,No
9389-ACWBI,No,0,0.5314442102174124,Yes,Medium Risk,69.95,0.0,5,Month-to-month,Credit card (automatic),Fiber optic,No,No
5419-JPRRN,Yes,1,0.8971940954621866,Yes,High Risk,101.45,101.45,1,Month-to-month,Electronic check,Fiber optic,No,No
3644-QXEHN,No,0,0.5895669321694069,Yes,Medium Risk,97.0,0.0,13,Month-to-month,Electronic check,Fiber optic,No,No
2911-IJORQ,No,0,0.07532513394425012,No,Low Risk,90.6,0.0,37,One year,Bank transfer (automatic),DSL,Yes,Yes
5921-NGYRH,No,0,0.15832405794845417,No,Low Risk,73.55,0.0,64,Month-to-month,Mailed check,Fiber optic,No,Yes
2100-BDNSN,Yes,1,0.3253773411534854,No,Medium Risk,67.95,0.0,5,Month-to-month,Bank transfer (automatic),DSL,Yes,No
5998-DZLYR,No,0,0.06268511895741924,No,Low Risk,94.35,0.0,61,Two year,Bank transfer (automatic),Fiber optic,Yes,No
0488-GSLFR,Yes,1,0.804979670889202,Yes,High Risk,69.5,69.5,1,Month-to-month,Electronic check,Fiber optic,No,No
9318-NKNFC,Yes,1,0.3643492574644425,No,Medium Risk,18.85,0.0,1,Month-to-month,Mailed check,No,No internet service,No internet service
3985-HOYPM,No,0,0.03713218255245417,No,Low Risk,19.4,0.0,26,One year,Mailed check,No,No internet service,No internet service
9728-FTTVZ,Yes,1,0.804979670889202,Yes,High Risk,69.2,69.2,1,Month-to-month,Electronic check,Fiber optic,No,No
9548-LERKT,No,0,0.024324891126048586,No,Low Risk,19.75,0.0,24,Two year,Mailed check,No,No internet service,No internet service
6576-FBXOJ,No,0,0.15286945451222284,No,Low Risk,54.6,0.0,17,One year,Electronic check,DSL,Yes,No
4310-KEDTB,No,0,0.194790714546692,No,Low Risk,29.8,0.0,26,Month-to-month,Mailed check,DSL,No,No
7254-IQWOZ,Yes,1,0.804979670889202,Yes,High Risk,69.65,69.65,1,Month-to-month,Electronic check,Fiber optic,No,No
2474-BRUCM,Yes,1,0.45371991168891135,No,Medium Risk,101.85,0.0,40,Month-to-month,Electronic check,Fiber optic,No,Yes
4062-HBMOS,No,0,0.5278154234838514,Yes,Medium Risk,103.05,0.0,52,Month-to-month,Electronic check,Fiber optic,No,No
0742-NXBGR,Yes,1,0.7956260353889953,Yes,High Risk,82.3,82.3,1,Month-to-month,Electronic check,Fiber optic,No,No
2676-ISHSF,No,0,0.29872100466145696,No,Low Risk,20.3,0.0,1,Month-to-month,Mailed check,No,No internet service,No internet service
9236-NDUCW,No,0,0.03428373104712697,No,Low Risk,35.1,0.0,21,Two year,Mailed check,DSL,Yes,Yes
4753-PADAS,No,0,0.1954518362135442,No,Low Risk,105.7,0.0,67,One year,Bank transfer (automatic),Fiber optic,No,No
6103-QCKFX,No,0,0.07840753080365453,No,Low Risk,56.25,0.0,44,Month-to-month,Bank transfer (automatic),DSL,Yes,Yes
7781-EWARA,No,0,0.09532488728949813,No,Low Risk,60.35,0.0,70,One year,Electronic check,DSL,Yes,No
6110-OHIHY,Yes,1,0.6132913601042805,Yes,High Risk,79.25,79.25,3,Month-to-month,Electronic check,Fiber optic,No,No
7018-FPXHH,No,0,0.03310425752386781,No,Low Risk,59.8,0.0,56,Two year,Bank transfer (automatic),DSL,No,Yes
5889-LFOLL,Yes,1,0.6696587389564979,Yes,High Risk,84.6,84.6,13,Month-to-month,Electronic check,Fiber optic,No,No
5708-EVONK,Yes,1,0.2018253207415087,No,Low Risk,93.4,0.0,58,Month-to-month,Bank transfer (automatic),Fiber optic,No,Yes
8708-XPXHZ,Yes,1,0.5205916970580158,Yes,Medium Risk,94.2,0.0,42,Month-to-month,Electronic check,Fiber optic,No,No
0616-ATFGB,Yes,1,0.7287204716982514,Yes,High Risk,25.05,25.05,1,Month-to-month,Electronic check,DSL,No,No
0572-ZJKLT,No,0,0.07343366478047444,No,Low Risk,99.65,0.0,46,Two year,Mailed check,Fiber optic,Yes,Yes
5135-RDDQL,No,0,0.037928701023179925,No,Low Risk,50.65,0.0,63,Two year,Bank transfer (automatic),DSL,No,Yes
1353-LJWEM,No,0,0.23556423954221853,No,Low Risk,60.9,0.0,11,Month-to-month,Electronic check,DSL,Yes,No
1794-SWWKL,No,0,0.22520749681724417,No,Low Risk,59.65,0.0,15,Month-to-month,Bank transfer (automatic),DSL,Yes,No
6166-YIPFO,No,0,0.03952147121702186,No,Low Risk,64.7,0.0,72,Two year,Electronic check,DSL,Yes,Yes
7016-BPGEU,Yes,1,0.21190958394090312,No,Low Risk,25.1,0.0,29,Month-to-month,Credit card (automatic),DSL,No,No
6876-ADESB,Yes,1,0.5500546019967756,Yes,Medium Risk,48.95,0.0,1,Month-to-month,Electronic check,DSL,No,No
9332-GYWLO,No,0,0.3419207811408468,No,Medium Risk,54.85,0.0,6,Month-to-month,Electronic check,DSL,No,No
1963-SVUCV,Yes,1,0.5514742599496962,Yes,Medium Risk,45.3,0.0,1,Month-to-month,Electronic check,DSL,No,No
4184-VODJZ,No,0,0.14774834352098876,No,Low Risk,91.35,0.0,63,One year,Electronic check,Fiber optic,No,No
0220-EBGCE,Yes,1,0.7359672596824466,Yes,High Risk,85.85,85.85,2,Month-to-month,Electronic check,Fiber optic,No,No
1092-WPIVQ,No,0,0.02830001629047621,No,Low Risk,25.1,0.0,18,Two year,Mailed check,No,No internet service,No internet service
7233-IOQNP,No,0,0.09289899814263208,No,Low Risk,34.0,0.0,43,Month-to-month,Bank transfer (automatic),DSL,Yes,Yes
2834-JKOOW,No,0,0.06346654172371706,No,Low Risk,45.9,0.0,15,One year,Mailed check,DSL,Yes,Yes
2754-VDLTR,Yes,1,0.6586326208687799,Yes,High Risk,95.2,95.2,10,Month-to-month,Electronic check,Fiber optic,No,No
2400-FEQME,No,0,0.021530871166499266,No,Low Risk,20.5,0.0,55,Two year,Mailed check,No,No internet service,No internet service
3190-XFANI,Yes,1,0.18642700983770152,No,Low Risk,100.6,0.0,49,One year,Bank transfer (automatic),Fiber optic,Yes,No
7551-DACSP,Yes,1,0.28607133704504994,No,Low Risk,55.3,0.0,6,Month-to-month,Mailed check,DSL,No,No
4957-SREEC,No,0,0.020720675767412843,No,Low Risk,20.35,0.0,70,Two year,Credit card (automatic),No,No internet service,No internet service
7235-NXZCP,Yes,1,0.7207382619539963,Yes,High Risk,74.85,74.85,2,Month-to-month,Mailed check,Fiber optic,No,No
0230-UBYPQ,No,0,0.05659285150977084,No,Low Risk,36.1,0.0,63,One year,Bank transfer (automatic),DSL,Yes,Yes
4923-ADWXJ,No,0,0.14523968522744563,No,Low Risk,65.8,0.0,25,Month-to-month,Bank transfer (automatic),DSL,Yes,No
1763-KUAAW,No,0,0.05252033281156111,No,Low Risk,20.35,0.0,18,One year,Bank transfer (automatic),No,No internet service,No internet service
1104-TNLZA,No,0,0.5746268898825171,Yes,Medium Risk,105.8,0.0,28,Month-to-month,Electronic check,Fiber optic,Yes,No
5195-KPUNQ,No,0,0.11875150905761715,No,Low Risk,96.75,0.0,53,One year,Mailed check,Fiber optic,Yes,Yes
0520-FDVVT,Yes,1,0.2281662414665066,No,Low Risk,102.35,0.0,35,One year,Bank transfer (automatic),Fiber optic,No,No
3439-GVUSX,No,0,0.5408627825360997,Yes,Medium Risk,24.4,0.0,1,Month-to-month,Mailed check,DSL,No,No
1444-VVSGW,Yes,1,0.2434679107063495,No,Low Risk,115.65,0.0,70,One year,Credit card (automatic),Fiber optic,Yes,Yes
5712-PTIWW,Yes,1,0.6300969067185609,Yes,High Risk,79.85,79.85,2,Month-to-month,Electronic check,Fiber optic,Yes,No
5949-HGVJL,No,0,0.2095167467876552,No,Low Risk,73.05,0.0,26,Month-to-month,Electronic check,DSL,Yes,No
5203-XEHAX,No,0,0.07600494999088202,No,Low Risk,64.35,0.0,34,One year,Electronic check,DSL,No,Yes
1635-HDGFT,No,0,0.02457221559022135,No,Low Risk,20.5,0.0,19,Two year,Mailed check,No,No internet service,No internet service
3315-TOTBP,Yes,1,0.5079063615598814,Yes,Medium Risk,76.0,0.0,15,Month-to-month,Mailed check,Fiber optic,No,No
8050-XGRVL,No,0,0.050747743106694186,No,Low Risk,54.75,0.0,62,One year,Credit card (automatic),DSL,No,Yes
6661-HBGWL,Yes,1,0.5143736829501742,Yes,Medium Risk,104.75,0.0,42,Month-to-month,Bank transfer (automatic),Fiber optic,No,No
1518-VOWAV,Yes,1,0.2769673515330693,No,Low Risk,74.65,0.0,9,Month-to-month,Electronic check,DSL,No,Yes
9828-QHFBK,No,0,0.19180072656282757,No,Low Risk,51.15,0.0,24,Month-to-month,Electronic check,DSL,No,Yes
3908-MKIMJ,No,0,0.05960530424145817,No,Low Risk,41.95,0.0,68,Two year,Electronic check,DSL,No,Yes
5012-YSPJJ,No,0,0.10402444135641398,No,Low Risk,54.35,0.0,31,Month-to-month,Mailed check,DSL,Yes,No
5909-ECHUI,Yes,1,0.7072468017463848,Yes,High Risk,56.25,56.25,1,Month-to-month,Electronic check,DSL,No,No
1309-BXVOQ,Yes,1,0.6287107465471518,Yes,High Risk,106.1,106.1,21,Month-to-month,Electronic check,Fiber optic,Yes,No
6728-VOIFY,No,0,0.19848635009378762,No,Low Risk,96.0,0.0,63,One year,Electronic check,Fiber optic,No,No
9317-WZPGV,Yes,1,0.7271988802363898,Yes,High Risk,79.75,79.75,2,Month-to-month,Bank transfer (automatic),Fiber optic,No,No
4891-NLUBA,No,0,0.03929860505910448,No,Low Risk,61.45,0.0,61,Two year,Bank transfer (automatic),DSL,Yes,No
2856-HYAPG,Yes,1,0.7343580511959091,Yes,High Risk,68.65,68.65,1,Month-to-month,Electronic check,Fiber optic,No,No
8969-PRHFK,No,0,0.041281181191654276,No,Low Risk,19.65,0.0,18,One year,Mailed check,No,No internet service,No internet service
0661-KQHNK,No,0,0.05742691762955648,No,Low Risk,19.0,0.0,6,One year,Credit card (automatic),No,No internet service,No internet service
8709-KRDVL,No,0,0.5619565632661919,Yes,Medium Risk,100.0,0.0,33,Month-to-month,Electronic check,Fiber optic,No,No
4488-PSYCG,Yes,1,0.09011555062601638,No,Low Risk,20.25,0.0,16,Month-to-month,Bank transfer (automatic),No,No internet service,No internet service
1427-VERSM,No,0,0.3859204694879044,No,Medium Risk,98.7,0.0,56,Month-to-month,Electronic check,Fiber optic,Yes,No
9801-NOSHQ,No,0,0.040425220626350046,No,Low Risk,19.8,0.0,23,One year,Mailed check,No,No internet service,No internet service
6339-YPSAH,No,0,0.5814146644230876,Yes,Medium Risk,73.8,0.0,9,Month-to-month,Electronic check,Fiber optic,No,No
3621-CEOVK,Yes,1,0.7577206074620099,Yes,High Risk,100.2,100.2,14,Month-to-month,Electronic check,Fiber optic,No,No
6906-ANDWJ,Yes,1,0.5002916138807277,Yes,Medium Risk,74.9,0.0,15,Month-to-month,Bank transfer (automatic),Fiber optic,No,No
2159-TURXX,No,0,0.14575567919699448,No,Low Risk,20.05,0.0,5,Month-to-month,Credit card (automatic),No,No internet service,No internet service
1548-FEHVL,No,0,0.3848101117595133,No,Medium Risk,106.2,0.0,61,Month-to-month,Electronic check,Fiber optic,No,Yes
3795-CAWEX,No,0,0.05094296353931647,No,Low Risk,116.55,0.0,70,Two year,Credit card (automatic),Fiber optic,Yes,Yes
6215-NQCPY,No,0,0.6754103646011678,Yes,High Risk,99.7,99.7,15,Month-to-month,Electronic check,Fiber optic,No,Yes
5647-URDKA,No,0,0.03329874233720814,No,Low Risk,19.7,0.0,8,Two year,Mailed check,No,No internet service,No internet service
2229-DPMBI,No,0,0.03329874233720814,No,Low Risk,19.5,0.0,8,Two year,Mailed check,No,No internet service,No internet service
9626-WEQRM,No,0,0.32402462608245863,No,Medium Risk,29.15,0.0,4,Month-to-month,Mailed check,DSL,No,Yes
2188-SXWVT,No,0,0.04746418782475623,No,Low Risk,55.0,0.0,34,One year,Mailed check,DSL,No,Yes
6258-PVZWJ,No,0,0.030747763629654062,No,Low Risk,90.8,0.0,68,Two year,Credit card (automatic),DSL,Yes,Yes
1094-BKOSX,No,0,0.0679706474822445,No,Low Risk,51.0,0.0,45,One year,Bank transfer (automatic),DSL,Yes,No
6969-MVBAI,No,0,0.7319188012631822,Yes,High Risk,90.1,90.1,9,Month-to-month,Electronic check,Fiber optic,No,No
2978-XXSOG,No,0,0.12364458959735834,No,Low Risk,59.05,0.0,22,Month-to-month,Mailed check,DSL,Yes,Yes
2342-CKIAO,No,0,0.1794584042671467,No,Low Risk,20.3,0.0,2,Month-to-month,Mailed check,No,No internet service,No internet service
6953-PBDIN,No,0,0.03590358432618328,No,Low Risk,72.95,0.0,70,Two year,Bank transfer (automatic),DSL,Yes,No
3898-BSJYF,No,0,0.08732387916631777,No,Low Risk,73.55,0.0,10,One year,Credit card (automatic),DSL,Yes,Yes
3938-YFPXD,No,0,0.0294779752706164,No,Low Risk,84.3,0.0,72,Two year,Credit card (automatic),DSL,Yes,Yes
7696-AMHOD,No,0,0.08504627543373827,No,Low Risk,78.0,0.0,49,One year,Credit card (automatic),DSL,No,No
2453-SAFNS,No,0,0.08031913512813506,No,Low Risk,72.1,0.0,54,One year,Mailed check,DSL,Yes,No
9558-IHEZX,No,0,0.081314411388095,No,Low Risk,106.75,0.0,71,Two year,Credit card (automatic),Fiber optic,No,Yes
9617-UDPEU,No,0,0.05075750634191885,No,Low Risk,19.25,0.0,22,One year,Mailed check,No,No internet service,No internet service
6340-DACFT,No,0,0.022063916656277653,No,Low Risk,20.55,0.0,50,Two year,Credit card (automatic),No,No internet service,No internet service
4955-VCWBI,No,0,0.03692758139743251,No,Low Risk,20.0,0.0,43,One year,Mailed check,No,No internet service,No internet service
6813-GZQCG,No,0,0.026781761752824085,No,Low Risk,24.65,0.0,45,Two year,Credit card (automatic),No,No internet service,No internet service
7426-GSWPO,No,0,0.2939551950116866,No,Low Risk,103.5,0.0,64,Month-to-month,Bank transfer (automatic),Fiber optic,No,Yes
3389-KTRXV,No,0,0.027860423372036695,No,Low Risk,23.85,0.0,23,Two year,Mailed check,No,No internet service,No internet service
3118-UHVVQ,No,0,0.02325702251472386,No,Low Risk,25.8,0.0,68,Two year,Credit card (automatic),No,No internet service,No internet service
1031-IIDEO,Yes,1,0.804979670889202,Yes,High Risk,70.85,70.85,1,Month-to-month,Electronic check,Fiber optic,No,No
5832-XKAES,Yes,1,0.6243405825089126,Yes,High Risk,69.8,69.8,2,Month-to-month,Credit card (automatic),Fiber optic,No,No
3205-MXZRA,No,0,0.06041538950053433,No,Low Risk,59.45,0.0,26,One year,Credit card (automatic),DSL,Yes,No
4701-AHWMW,Yes,1,0.17240808731362256,No,Low Risk,54.55,0.0,55,Month-to-month,Bank transfer (automatic),DSL,Yes,No
8317-BVKSO,No,0,0.16280405278141288,No,Low Risk,20.05,0.0,14,Month-to-month,Electronic check,No,No internet service,No internet service
5702-KVQRD,No,0,0.03814488012519995,No,Low Risk,82.55,0.0,71,Two year,Electronic check,DSL,Yes,Yes
0083-PIVIK,No,0,0.06720398445287432,No,Low Risk,81.25,0.0,64,One year,Electronic check,DSL,Yes,Yes
9210-IAHGH,Yes,1,0.27327828789162834,No,Low Risk,70.75,0.0,7,Month-to-month,Credit card (automatic),DSL,Yes,No
6169-PGNCD,No,0,0.027399219917280976,No,Low Risk,74.3,0.0,57,Two year,Credit card (automatic),DSL,Yes,Yes
0023-XUOPT,Yes,1,0.5603109028442348,Yes,Medium Risk,94.1,0.0,13,Month-to-month,Electronic check,Fiber optic,No,No
4592-IWTJI,Yes,1,0.3316214268831818,No,Medium Risk,29.7,0.0,3,Month-to-month,Credit card (automatic),DSL,No,Yes
4909-JOUPP,No,0,0.05574548246842233,No,Low Risk,109.7,0.0,72,Two year,Credit card (automatic),Fiber optic,Yes,No
4657-FWVFY,No,0,0.3962884049310951,No,Medium Risk,96.35,0.0,40,Month-to-month,Credit card (automatic),Fiber optic,No,No
2257-BOVXD,No,0,0.2534822249945577,No,Low Risk,66.6,0.0,14,Month-to-month,Credit card (automatic),DSL,Yes,No
7729-JTEEC,No,0,0.5636788629539128,Yes,Medium Risk,44.5,0.0,2,Month-to-month,Electronic check,DSL,No,No
7632-MNYOY,Yes,1,0.162480384767316,No,Low Risk,110.9,0.0,66,One year,Credit card (automatic),Fiber optic,Yes,No
6518-LGAOV,Yes,1,0.5256846605321309,Yes,Medium Risk,105.0,0.0,38,Month-to-month,Electronic check,Fiber optic,Yes,No
7242-QZLXF,Yes,1,0.6698171254935692,Yes,High Risk,25.3,25.3,1,Month-to-month,Electronic check,DSL,No,No
4576-CSAJH,Yes,1,0.06635954129222368,No,Low Risk,55.15,0.0,22,One year,Credit card (automatic),DSL,Yes,No
1000-AJSLD,Yes,1,0.3643492574644425,No,Medium Risk,20.1,0.0,1,Month-to-month,Mailed check,No,No internet service,No internet service
9696-RMYBA,No,0,0.6543239561306845,Yes,High Risk,80.1,80.1,5,Month-to-month,Mailed check,Fiber optic,No,No
8690-UPCZI,No,0,0.05630037339365892,No,Low Risk,69.05,0.0,29,One year,Bank transfer (automatic),DSL,Yes,Yes
1062-LHZOD,Yes,1,0.7598399460578013,Yes,High Risk,69.9,69.9,1,Month-to-month,Mailed check,Fiber optic,No,No
9770-LXDBK,No,0,0.16696462984100963,No,Low Risk,20.4,0.0,3,Month-to-month,Mailed check,No,No internet service,No internet service
4086-WITJG,No,0,0.018159855412516312,No,Low Risk,19.7,0.0,71,Two year,Credit card (automatic),No,No internet service,No internet service
8344-WFMFH,No,0,0.32648241069299455,No,Medium Risk,50.1,0.0,9,Month-to-month,Electronic check,DSL,No,No
9600-NAXZN,Yes,1,0.5665016711355378,Yes,Medium Risk,101.4,0.0,43,Month-to-month,Electronic check,Fiber optic,No,No
8822-KNBHV,No,0,0.08901015010497891,No,Low Risk,83.45,0.0,48,One year,Credit card (automatic),DSL,No,Yes
8404-FYDIB,No,0,0.2703554585453984,No,Low Risk,86.65,0.0,26,Month-to-month,Credit card (automatic),Fiber optic,No,Yes
2791-SFVEW,No,0,0.09930474927834759,No,Low Risk,20.15,0.0,9,Month-to-month,Bank transfer (automatic),No,No internet service,No internet service
6457-USBER,Yes,1,0.8365008288606641,Yes,High Risk,80.8,80.8,1,Month-to-month,Electronic check,Fiber optic,No,No
6762-NSODU,No,0,0.022063916656277653,No,Low Risk,19.4,0.0,46,Two year,Credit card (automatic),No,No internet service,No internet service
4662-EKDPQ,Yes,1,0.4720230974792293,No,Medium Risk,62.05,0.0,2,Month-to-month,Bank transfer (automatic),DSL,No,No
9248-OJYKK,Yes,1,0.8558152917444493,Yes,High Risk,76.45,76.45,1,Month-to-month,Electronic check,Fiber optic,No,No
9888-ZCUMM,No,0,0.03268497267393664,No,Low Risk,60.05,0.0,64,Two year,Bank transfer (automatic),DSL,Yes,Yes
3398-FSHON,Yes,1,0.6637663850615441,Yes,High Risk,91.3,91.3,12,Month-to-month,Electronic check,Fiber optic,No,No
3319-DWOEP,Yes,1,0.7334233143915795,Yes,High Risk,95.75,95.75,6,Month-to-month,Electronic check,Fiber optic,No,No
1074-WVEVG,No,0,0.03624859408634325,No,Low Risk,20.35,0.0,59,One year,Mailed check,No,No internet service,No internet service
9979-RGMZT,No,0,0.3678962105996141,No,Medium Risk,94.05,0.0,7,One year,Mailed check,Fiber optic,No,No
6437-UDQJM,No,0,0.039241776974375975,No,Low Risk,84.1,0.0,72,Two year,Credit card (automatic),DSL,No,Yes
1226-IENZN,No,0,0.6149210081303836,Yes,High Risk,78.75,78.75,16,Month-to-month,Electronic check,Fiber optic,No,No
2108-GLPQB,No,0,0.17694581581062435,No,Low Risk,55.55,0.0,25,Month-to-month,Credit card (automatic),DSL,No,No
9259-PACGQ,Yes,1,0.11255462397079848,No,Low Risk,62.65,0.0,34,Month-to-month,Electronic check,DSL,Yes,Yes
4415-IJZTP,Yes,1,0.8259201064965564,Yes,High Risk,74.5,74.5,1,Month-to-month,Electronic check,Fiber optic,No,No
1465-VINDH,Yes,1,0.6891830958445039,Yes,High Risk,102.1,102.1,10,Month-to-month,Credit card (automatic),Fiber optic,No,No
5474-LAMUQ,No,0,0.04064838288920519,No,Low Risk,20.1,0.0,24,One year,Mailed check,No,No internet service,No internet service
3468-DRVQJ,No,0,0.1318039335484221,No,Low Risk,70.3,0.0,10,One year,Electronic check,DSL,No,Yes
1122-YJBCS,No,0,0.04893842739252692,No,Low Risk,53.65,0.0,69,One year,Credit card (automatic),DSL,No,Yes
4990-ALDGW,No,0,0.021652083126167454,No,Low Risk,20.75,0.0,57,Two year,Mailed check,No,No internet service,No internet service
4816-OKWNX,No,0,0.16565790662869156,No,Low Risk,103.4,0.0,50,One year,Bank transfer (automatic),Fiber optic,Yes,No
3315-IKYZQ,No,0,0.05630037339365892,No,Low Risk,50.8,0.0,28,One year,Mailed check,DSL,Yes,Yes
2810-FTLEM,Yes,1,0.2442505661795511,No,Low Risk,50.15,0.0,16,Month-to-month,Electronic check,DSL,No,Yes
4747-LCAQL,No,0,0.12228524317502883,No,Low Risk,79.0,0.0,25,Month-to-month,Mailed check,DSL,Yes,Yes
3411-WLRSQ,No,0,0.6179733869223505,Yes,High Risk,74.6,74.6,3,Month-to-month,Bank transfer (automatic),Fiber optic,No,No
0898-XCGTF,No,0,0.18883430878446988,No,Low Risk,96.5,0.0,61,One year,Bank transfer (automatic),Fiber optic,No,No
8006-PYCSW,No,0,0.1794584042671467,No,Low Risk,20.1,0.0,2,Month-to-month,Mailed check,No,No internet service,No internet service
8249-THVEC,No,0,0.03692758139743251,No,Low Risk,19.4,0.0,51,One year,Mailed check,No,No internet service,No internet service
8722-PRFDV,No,0,0.03518962191430265,No,Low Risk,77.55,0.0,71,Two year,Credit card (automatic),DSL,No,Yes
2164-SOQXL,No,0,0.07462499583902941,No,Low Risk,20.05,0.0,20,Month-to-month,Mailed check,No,No internet service,No internet service
4020-KIUDI,No,0,0.10294752311383841,No,Low Risk,19.85,0.0,6,Month-to-month,Credit card (automatic),No,No internet service,No internet service
5850-BDWCY,No,0,0.10347861186483555,No,Low Risk,20.2,0.0,6,Month-to-month,Mailed check,No,No internet service,No internet service
2038-YSEZE,No,0,0.0800634871136845,No,Low Risk,67.45,0.0,29,Month-to-month,Mailed check,DSL,Yes,Yes
0827-ITJPH,No,0,0.02740674878396731,No,Low Risk,18.55,0.0,36,Two year,Credit card (automatic),No,No internet service,No internet service
8799-OXZMD,No,0,0.20229289140472592,No,Low Risk,29.75,0.0,28,Month-to-month,Mailed check,DSL,No,No
1925-TIBLE,Yes,1,0.7249800342005632,Yes,High Risk,86.5,86.5,7,Month-to-month,Electronic check,Fiber optic,No,No
1705-GUHPV,No,0,0.02325702251472386,No,Low Risk,24.2,0.0,63,Two year,Mailed check,No,No internet service,No internet service
4779-ZGICK,No,0,0.025140281571952163,No,Low Risk,23.55,0.0,48,Two year,Mailed check,No,No internet service,No internet service
0048-PIHNL,No,0,0.03713218255245417,No,Low Risk,20.45,0.0,49,One year,Bank transfer (automatic),No,No internet service,No internet service
0818-OCPZO,Yes,1,0.49051340889886347,No,Medium Risk,81.45,0.0,27,Month-to-month,Electronic check,Fiber optic,No,No
3967-KXAPS,No,0,0.026225817068399517,No,Low Risk,92.3,0.0,72,Two year,Credit card (automatic),DSL,Yes,Yes
1447-GIQMR,Yes,1,0.804979670889202,Yes,High Risk,69.15,69.15,1,Month-to-month,Electronic check,Fiber optic,No,No
3704-IEAXF,No,0,0.03398158042377708,No,Low Risk,53.65,0.0,72,Two year,Credit card (automatic),DSL,Yes,No
6810-VCAEX,No,0,0.04599261045121564,No,Low Risk,39.65,0.0,47,One year,Credit card (automatic),DSL,Yes,Yes
0674-EYYZV,No,0,0.7080510998572571,Yes,High Risk,54.65,54.65,1,Month-to-month,Electronic check,DSL,No,No
4480-MBMLB,No,0,0.2639687258136228,No,Low Risk,104.8,0.0,36,One year,Bank transfer (automatic),Fiber optic,No,No
1395-OFUWC,No,0,0.14459524327114862,No,Low Risk,29.3,0.0,43,Month-to-month,Credit card (automatic),DSL,No,No
0822-QGCXA,No,0,0.2218986840806831,No,Low Risk,83.85,0.0,27,Month-to-month,Electronic check,DSL,Yes,No
0872-NXJYS,Yes,1,0.6311084047841645,Yes,High Risk,79.55,79.55,9,Month-to-month,Electronic check,Fiber optic,No,No
2832-KJCRD,No,0,0.5256846605321309,Yes,Medium Risk,103.65,0.0,38,Month-to-month,Electronic check,Fiber optic,Yes,No
3588-WSTTJ,No,0,0.516579777856525,Yes,Medium Risk,99.05,0.0,35,Month-to-month,Electronic check,Fiber optic,No,Yes
4075-WKNIU,No,0,0.10592709833120523,No,Low Risk,73.35,0.0,0,Two year,Mailed check,DSL,Yes,No
5090-EMGTC,No,0,0.0833012195969715,No,Low Risk,100.05,0.0,59,Two year,Mailed check,Fiber optic,Yes,No
2346-CZYIL,No,0,0.022188061443804846,No,Low Risk,20.35,0.0,27,Two year,Credit card (automatic),No,No internet service,No internet service
3798-EPWRR,No,0,0.5156457187999601,Yes,Medium Risk,43.95,0.0,2,Month-to-month,Electronic check,DSL,No,No
6258-NGCNG,No,0,0.13285612918606843,No,Low Risk,23.5,0.0,7,Month-to-month,Mailed check,No,No internet service,No internet service
4186-ZBUEW,No,0,0.08500272522633169,No,Low Risk,70.7,0.0,36,One year,Mailed check,DSL,Yes,No
5274-XHAKY,No,0,0.2901814740041555,No,Low Risk,94.3,0.0,41,Month-to-month,Bank transfer (automatic),Fiber optic,No,Yes
1442-BQPVU,No,0,0.2739405191764696,No,Low Risk,29.15,0.0,13,Month-to-month,Electronic check,DSL,No,No
3978-YNKDD,No,0,0.02457221559022135,No,Low Risk,20.85,0.0,19,Two year,Credit card (automatic),No,No internet service,No internet service
4940-KHCWD,No,0,0.025665110719141675,No,Low Risk,37.7,0.0,60,Two year,Bank transfer (automatic),DSL,Yes,Yes
9412-ARGBX,Yes,1,0.06922322301102805,No,Low Risk,95.5,0.0,48,Two year,Mailed check,Fiber optic,Yes,No
1389-CXMLU,Yes,1,0.7069565293351496,Yes,High Risk,91.05,91.05,3,Month-to-month,Electronic check,Fiber optic,No,No
9589-ABEPT,No,0,0.04939635999303241,No,Low Risk,92.45,0.0,69,Two year,Mailed check,Fiber optic,Yes,No
9388-ZEYVT,No,0,0.09991789423920638,No,Low Risk,44.15,0.0,43,One year,Electronic check,DSL,Yes,No
0305-SQECB,No,0,0.09477191407389216,No,Low Risk,36.05,0.0,11,One year,Mailed check,DSL,Yes,Yes
7605-SNLQG,No,0,0.16419444802762959,No,Low Risk,50.25,0.0,45,Month-to-month,Credit card (automatic),DSL,No,No
4670-TABXH,No,0,0.08035513592899396,No,Low Risk,109.75,0.0,72,Two year,Credit card (automatic),Fiber optic,Yes,No
5561-NWEVX,Yes,1,0.7074565281591462,Yes,High Risk,79.2,79.2,2,Month-to-month,Electronic check,Fiber optic,No,No
0064-SUDOG,No,0,0.03311005800861855,No,Low Risk,20.3,0.0,12,Two year,Bank transfer (automatic),No,No internet service,No internet service
8561-NMTBD,No,0,0.16143710617378126,No,Low Risk,112.35,0.0,67,One year,Credit card (automatic),Fiber optic,Yes,No
5161-XEUVX,No,0,0.08267066946958603,No,Low Risk,94.3,0.0,37,Two year,Mailed check,Fiber optic,Yes,No
8292-FRFZQ,No,0,0.04599261045121564,No,Low Risk,41.15,0.0,39,One year,Bank transfer (automatic),DSL,Yes,Yes
8591-NXRCV,No,0,0.13166607165463626,No,Low Risk,74.65,0.0,41,Month-to-month,Bank transfer (automatic),DSL,Yes,Yes
7895-VONWT,No,0,0.3720308134807128,No,Medium Risk,48.25,0.0,25,Month-to-month,Electronic check,DSL,No,No
4526-RMTLL,No,0,0.04948678454273175,No,Low Risk,76.15,0.0,8,Two year,Credit card (automatic),DSL,Yes,Yes
6253-GNHWH,No,0,0.021166144844320257,No,Low Risk,71.1,0.0,71,Two year,Mailed check,DSL,Yes,Yes
4566-NECEV,No,0,0.6946180170519954,Yes,High Risk,96.55,96.55,5,Month-to-month,Electronic check,Fiber optic,No,No
8080-POTJR,No,0,0.11494128723037027,No,Low Risk,79.3,0.0,30,One year,Credit card (automatic),DSL,No,Yes
6906-MPARY,No,0,0.10081633548263572,No,Low Risk,89.6,0.0,40,One year,Credit card (automatic),Fiber optic,Yes,No
3662-FXJFO,No,0,0.024218918134780353,No,Low Risk,20.5,0.0,54,Two year,Mailed check,No,No internet service,No internet service
8107-RZLNV,No,0,0.10278242858388585,No,Low Risk,106.3,0.0,72,Two year,Bank transfer (automatic),Fiber optic,No,No
0516-OOHAR,No,0,0.1954625418216554,No,Low Risk,100.35,0.0,28,One year,Bank transfer (automatic),Fiber optic,No,No
2027-CWDNU,No,0,0.4246658263424892,No,Medium Risk,85.6,0.0,18,Month-to-month,Electronic check,Fiber optic,Yes,No
2737-WFVYW,Yes,1,0.6712945119857573,Yes,High Risk,45.25,45.25,2,Month-to-month,Electronic check,DSL,No,No
9912-OMZDS,No,0,0.2825771335581696,No,Low Risk,106.15,0.0,59,One year,Electronic check,Fiber optic,No,No
3733-ZEECP,No,0,0.21331175505211722,No,Low Risk,51.1,0.0,22,Month-to-month,Electronic check,DSL,Yes,No
7878-RTCZG,No,0,0.29872100466145696,No,Low Risk,19.9,0.0,1,Month-to-month,Mailed check,No,No internet service,No internet service
2452-MRMZF,No,0,0.0237902431843334,No,Low Risk,25.7,0.0,72,Two year,Credit card (automatic),No,No internet service,No internet service
2272-QAGFO,Yes,1,0.6507229489525074,Yes,High Risk,74.3,74.3,14,Month-to-month,Electronic check,Fiber optic,No,No
7103-IPXPJ,No,0,0.23103363719533304,No,Low Risk,99.4,0.0,50,One year,Electronic check,Fiber optic,Yes,No
4342-HFXWS,No,0,0.04875885543288767,No,Low Risk,69.7,0.0,48,One year,Bank transfer (automatic),DSL,Yes,Yes
3545-CNWRG,No,0,0.4836824814875818,No,Medium Risk,98.35,0.0,49,Month-to-month,Electronic check,Fiber optic,No,No
1785-BPHTP,No,0,0.3609610741241135,No,Medium Risk,85.45,0.0,28,Month-to-month,Electronic check,Fiber optic,No,No
4989-LIXVT,No,0,0.3743961395986606,No,Medium Risk,95.9,0.0,68,Month-to-month,Electronic check,Fiber optic,No,No
7315-WYOAW,No,0,0.6319752222787666,Yes,High Risk,100.75,100.75,13,Month-to-month,Electronic check,Fiber optic,Yes,No
1173-XZPYF,No,0,0.6759810032719002,Yes,High Risk,89.2,89.2,11,Month-to-month,Electronic check,Fiber optic,No,No
9850-OWRHQ,Yes,1,0.6617457823283381,Yes,High Risk,74.1,74.1,3,Month-to-month,Credit card (automatic),Fiber optic,No,No
3768-NLUBH,Yes,1,0.4611930407897496,No,Medium Risk,100.6,0.0,57,Month-to-month,Electronic check,Fiber optic,No,No
8676-TRMJS,Yes,1,0.5914906194327166,Yes,Medium Risk,75.0,0.0,3,Month-to-month,Mailed check,Fiber optic,No,No
2509-TFPJU,No,0,0.02038926741407629,No,Low Risk,25.75,0.0,72,Two year,Credit card (automatic),No,No internet service,No internet service
9530-GRMJG,No,0,0.05923691819561706,No,Low Risk,84.1,0.0,70,Two year,Electronic check,DSL,Yes,No
6898-RBTLU,No,0,0.04365765888658738,No,Low Risk,79.3,0.0,49,Two year,Bank transfer (automatic),DSL,Yes,No
5481-NTDOH,No,0,0.17028838511631328,No,Low Risk,107.05,0.0,67,One year,Credit card (automatic),Fiber optic,No,Yes
2068-WWXQZ,No,0,0.022188061443804846,No,Low Risk,20.05,0.0,46,Two year,Bank transfer (automatic),No,No internet service,No internet service
7359-SSBJK,Yes,1,0.026408649790401,No,Low Risk,70.2,0.0,64,Two year,Credit card (automatic),DSL,Yes,Yes
2061-VVFST,No,0,0.06772157046635292,No,Low Risk,19.5,0.0,37,Month-to-month,Bank transfer (automatic),No,No internet service,No internet service
0685-MLYYM,Yes,1,0.6190896456159265,Yes,High Risk,70.75,70.75,2,Month-to-month,Electronic check,Fiber optic,No,No
0749-IRGQE,No,0,0.3955016078869296,No,Medium Risk,45.3,0.0,13,Month-to-month,Electronic check,DSL,No,No
2380-DAMQP,No,0,0.059575323242244405,No,Low Risk,115.15,0.0,72,Two year,Electronic check,Fiber optic,Yes,Yes
2256-YLYLP,No,0,0.03903353570104518,No,Low Risk,72.95,0.0,68,Two year,Bank transfer (automatic),DSL,Yes,No
1272-ILHFG,No,0,0.051846025864619436,No,Low Risk,19.65,0.0,15,One year,Mailed check,No,No internet service,No internet service
0164-XAIRP,No,0,0.030030730572128125,No,Low Risk,19.55,0.0,24,Two year,Bank transfer (automatic),No,No internet service,No internet service
5666-CYCYZ,No,0,0.45419402719228485,No,Medium Risk,89.55,0.0,24,Month-to-month,Electronic check,Fiber optic,Yes,No
4011-ARPHK,No,0,0.09873470002874783,No,Low Risk,50.35,0.0,27,Month-to-month,Mailed check,DSL,No,Yes
8182-PNAGI,Yes,1,0.16771503492748183,No,Low Risk,50.25,0.0,12,Month-to-month,Bank transfer (automatic),DSL,Yes,No
6365-HITVU,No,0,0.023373449551191788,No,Low Risk,87.25,0.0,71,Two year,Credit card (automatic),DSL,Yes,Yes
7558-IMLMT,No,0,0.02111885409148618,No,Low Risk,20.8,0.0,67,Two year,Mailed check,No,No internet service,No internet service
9488-FYQAU,No,0,0.09388707619571746,No,Low Risk,109.25,0.0,63,Two year,Bank transfer (automatic),Fiber optic,Yes,No
3590-TCXTB,No,0,0.29872100466145696,No,Low Risk,20.35,0.0,1,Month-to-month,Mailed check,No,No internet service,No internet service
6994-KERXL,No,0,0.48280351611473415,No,Medium Risk,55.9,0.0,4,Month-to-month,Electronic check,DSL,No,No
7957-RYHQD,Yes,1,0.2681346357919786,No,Low Risk,79.2,0.0,40,Month-to-month,Credit card (automatic),Fiber optic,No,Yes
2180-DXNEG,Yes,1,0.6828804091208415,Yes,High Risk,96.0,96.0,12,Month-to-month,Electronic check,Fiber optic,No,No
1960-UOTYM,No,0,0.05210422614817431,No,Low Risk,79.2,0.0,52,Two year,Electronic check,DSL,No,Yes
2740-JFBOK,No,0,0.19429758824872648,No,Low Risk,24.0,0.0,10,Month-to-month,Electronic check,No,No internet service,No internet service
6500-JVEGC,No,0,0.12568325224077853,No,Low Risk,101.35,0.0,68,One year,Bank transfer (automatic),Fiber optic,No,Yes
5515-AKOAJ,Yes,1,0.46675223770657437,No,Medium Risk,100.1,0.0,54,Month-to-month,Electronic check,Fiber optic,Yes,No
8976-OQHGT,Yes,1,0.23346801219758853,No,Low Risk,56.5,0.0,4,Month-to-month,Mailed check,DSL,Yes,No
5245-VDBUR,No,0,0.06641211009281148,No,Low Risk,35.45,0.0,52,One year,Mailed check,DSL,No,Yes
6230-BSUXY,Yes,1,0.8643129680244743,Yes,High Risk,85.0,85.0,1,Month-to-month,Electronic check,Fiber optic,No,No
8469-SNFFH,No,0,0.04938409381442813,No,Low Risk,79.4,0.0,70,One year,Bank transfer (automatic),DSL,Yes,Yes
2144-ESWKO,No,0,0.08420135878769369,No,Low Risk,35.2,0.0,43,One year,Credit card (automatic),DSL,No,Yes
1241-FPMOF,No,0,0.022188061443804846,No,Low Risk,19.65,0.0,52,Two year,Mailed check,No,No internet service,No internet service
9928-BZVLZ,No,0,0.04897724719049418,No,Low Risk,49.85,0.0,12,Two year,Mailed check,DSL,Yes,Yes
4114-QMKVN,No,0,0.06498876909762362,No,Low Risk,68.75,0.0,56,One year,Bank transfer (automatic),DSL,No,Yes
2775-SEFEE,No,0,0.12899561115911123,No,Low Risk,61.9,0.0,0,Two year,Bank transfer (automatic),DSL,Yes,Yes
9003-CPATH,No,0,0.35118216915139516,No,Medium Risk,79.9,0.0,42,Month-to-month,Electronic check,Fiber optic,No,No
1754-GKYPY,No,0,0.4578308707641796,No,Medium Risk,89.75,0.0,22,Month-to-month,Bank transfer (automatic),Fiber optic,No,No
5294-CDGWY,Yes,1,0.10552188375240633,No,Low Risk,59.3,0.0,51,One year,Electronic check,DSL,No,Yes
7956-XQWGU,No,0,0.08463427360479091,No,Low Risk,19.4,0.0,27,Month-to-month,Credit card (automatic),No,No internet service,No internet service
1591-MQJTP,No,0,0.13309581659777314,No,Low Risk,93.65,0.0,51,One year,Bank transfer (automatic),Fiber optic,No,Yes
5295-PCJOO,Yes,1,0.31058411855447154,No,Medium Risk,49.4,0.0,4,Month-to-month,Electronic check,DSL,No,Yes
2369-FEVNO,No,0,0.3643492574644425,No,Medium Risk,19.9,0.0,1,Month-to-month,Mailed check,No,No internet service,No internet service
9863-JZAIC,Yes,1,0.15318422300064496,No,Low Risk,55.0,0.0,35,Month-to-month,Mailed check,DSL,No,No
7471-MQPOS,No,0,0.05890936363842087,No,Low Risk,72.9,0.0,71,One year,Bank transfer (automatic),DSL,Yes,No
7660-HDPJV,Yes,1,0.804979670889202,Yes,High Risk,69.2,69.2,1,Month-to-month,Electronic check,Fiber optic,No,No
5115-SQAAU,No,0,0.02357034535425262,No,Low Risk,25.6,0.0,69,Two year,Bank transfer (automatic),No,No internet service,No internet service
9845-QOMAD,No,0,0.051846025864619436,No,Low Risk,19.75,0.0,14,One year,Mailed check,No,No internet service,No internet service
7672-VFMXZ,No,0,0.09827148719832787,No,Low Risk,55.7,0.0,57,Month-to-month,Electronic check,DSL,Yes,Yes
9739-JLPQJ,No,0,0.0694360976894323,No,Low Risk,117.5,0.0,72,Two year,Credit card (automatic),Fiber optic,Yes,Yes
9916-AYHTC,No,0,0.022188061443804846,No,Low Risk,19.85,0.0,48,Two year,Credit card (automatic),No,No internet service,No internet service
3855-ONCAR,No,0,0.6308994085229324,Yes,High Risk,78.9,78.9,4,Month-to-month,Mailed check,Fiber optic,No,No
1488-SYSFC,No,0,0.11518936176533409,No,Low Risk,20.65,0.0,31,Month-to-month,Electronic check,No,No internet service,No internet service
7931-PXHFC,Yes,1,0.07997056017729066,No,Low Risk,62.3,0.0,38,One year,Mailed check,DSL,Yes,No
3990-QYKBE,Yes,1,0.5325646671788176,Yes,Medium Risk,92.5,0.0,37,Month-to-month,Electronic check,Fiber optic,No,No
0970-QXPXW,No,0,0.29872100466145696,No,Low Risk,19.65,0.0,1,Month-to-month,Mailed check,No,No internet service,No internet service
3259-KNMRR,No,0,0.07633463447911966,No,Low Risk,79.75,0.0,57,Two year,Bank transfer (automatic),DSL,No,No
6120-RJKLU,No,0,0.03106455549450806,No,Low Risk,79.95,0.0,62,Two year,Credit card (automatic),DSL,Yes,Yes
9572-WUKSB,No,0,0.45649444098048314,No,Medium Risk,29.9,0.0,3,Month-to-month,Electronic check,DSL,Yes,No
5893-KCLGT,No,0,0.018509753936098307,No,Low Risk,19.75,0.0,72,Two year,Mailed check,No,No internet service,No internet service
0076-LVEPS,No,0,0.09702694520402905,No,Low Risk,45.0,0.0,29,Month-to-month,Mailed check,DSL,Yes,Yes
3640-JQGJG,No,0,0.2020811701171375,No,Low Risk,44.8,0.0,13,Month-to-month,Bank transfer (automatic),DSL,No,No
4919-MOAVT,Yes,1,0.562167613068156,Yes,Medium Risk,69.65,0.0,3,Month-to-month,Electronic check,Fiber optic,No,No
1596-OQSPS,No,0,0.22809330310460524,No,Low Risk,51.1,0.0,11,Month-to-month,Electronic check,DSL,No,No
9867-XOBQA,No,0,0.03181287442709364,No,Low Risk,53.15,0.0,21,Two year,Mailed check,DSL,Yes,Yes
9546-KDTRB,No,0,0.08876624393367638,No,Low Risk,24.7,0.0,19,Month-to-month,Bank transfer (automatic),No,No internet service,No internet service
3090-HAWSU,Yes,1,0.07806114388810252,No,Low Risk,111.6,0.0,61,Two year,Credit card (automatic),Fiber optic,Yes,Yes
9820-RMCQV,Yes,1,0.14969923403525479,No,Low Risk,48.55,0.0,11,Month-to-month,Credit card (automatic),DSL,No,Yes
3174-RKMOW,No,0,0.504086439242648,Yes,Medium Risk,109.95,0.0,35,Month-to-month,Electronic check,Fiber optic,Yes,No
1760-CAZHT,No,0,0.0735202671782299,No,Low Risk,20.8,0.0,25,Month-to-month,Mailed check,No,No internet service,No internet service
7839-QRKXN,Yes,1,0.3643492574644425,No,Medium Risk,20.2,0.0,1,Month-to-month,Mailed check,No,No internet service,No internet service
8441-SHIPE,No,0,0.02428168161540493,No,Low Risk,25.6,0.0,67,Two year,Bank transfer (automatic),No,No internet service,No internet service
5204-QZXPU,Yes,1,0.38171733264616414,No,Medium Risk,39.65,0.0,19,Month-to-month,Electronic check,DSL,No,No
4597-ELFTS,Yes,1,0.057164610880648926,No,Low Risk,24.9,0.0,56,One year,Electronic check,No,No internet service,No internet service
1320-GVNHT,No,0,0.07906768356995003,No,Low Risk,108.4,0.0,72,Two year,Credit card (automatic),Fiber optic,No,Yes
1047-RNXZV,No,0,0.022188061443804846,No,Low Risk,19.55,0.0,43,Two year,Mailed check,No,No internet service,No internet service
3541-ZNUHK,No,0,0.2505691800086949,No,Low Risk,85.1,0.0,55,Month-to-month,Electronic check,Fiber optic,No,Yes
8450-JOVAH,Yes,1,0.3108494316289461,No,Medium Risk,56.7,0.0,2,Month-to-month,Mailed check,DSL,No,Yes
8725-JEDFD,No,0,0.31201235417820306,No,Medium Risk,69.05,0.0,27,Month-to-month,Mailed check,Fiber optic,No,No
7562-UXTPG,No,0,0.44847801674255977,No,Medium Risk,70.15,0.0,13,Month-to-month,Mailed check,Fiber optic,No,No
8071-SBTRN,No,0,0.09499120922776622,No,Low Risk,111.15,0.0,70,Two year,Mailed check,Fiber optic,No,Yes
1113-IUJYX,Yes,1,0.2320368367645447,No,Low Risk,105.95,0.0,14,One year,Mailed check,Fiber optic,Yes,Yes
6668-CNMFP,No,0,0.15926908400146253,No,Low Risk,89.35,0.0,19,One year,Bank transfer (automatic),Fiber optic,Yes,No
5626-MGTUK,No,0,0.3454968679055786,No,Medium Risk,89.1,0.0,20,Month-to-month,Bank transfer (automatic),Fiber optic,No,Yes
5681-LLOEI,No,0,0.08635896714425835,No,Low Risk,91.25,0.0,43,One year,Credit card (automatic),Fiber optic,Yes,Yes
8212-DJRCH,No,0,0.5184022342004405,Yes,Medium Risk,90.35,0.0,5,Month-to-month,Mailed check,Fiber optic,No,Yes
4323-OHFOW,No,0,0.16526854023278287,No,Low Risk,105.55,0.0,70,One year,Bank transfer (automatic),Fiber optic,Yes,No
4933-BSAIP,No,0,0.022188061443804846,No,Low Risk,19.1,0.0,40,Two year,Mailed check,No,No internet service,No internet service
2030-BTZRO,No,0,0.041623781541127794,No,Low Risk,20.4,0.0,6,Two year,Credit card (automatic),No,No internet service,No internet service
1116-DXXDF,No,0,0.1557033058557399,No,Low Risk,100.45,0.0,39,Two year,Electronic check,Fiber optic,No,Yes
9274-CNFMO,Yes,1,0.6630678018038393,Yes,High Risk,74.95,74.95,4,Month-to-month,Electronic check,Fiber optic,No,No
7758-XKCBS,Yes,1,0.3150034246108554,No,Medium Risk,29.7,0.0,15,Month-to-month,Electronic check,DSL,Yes,No
8992-JQYUN,Yes,1,0.7531162692369882,Yes,High Risk,50.35,50.35,1,Month-to-month,Electronic check,DSL,No,No
6563-VNPMN,No,0,0.16907128432555227,No,Low Risk,85.7,0.0,45,Month-to-month,Bank transfer (automatic),Fiber optic,Yes,Yes
0617-AQNWT,Yes,1,0.041810343115358826,No,Low Risk,47.85,0.0,64,Two year,Electronic check,DSL,Yes,Yes
2267-WTPYD,No,0,0.3043974248237846,No,Medium Risk,94.0,0.0,57,Month-to-month,Credit card (automatic),Fiber optic,No,No
0270-THENM,No,0,0.021166144844320257,No,Low Risk,69.85,0.0,72,Two year,Bank transfer (automatic),DSL,Yes,Yes
2446-PLQVO,Yes,1,0.804979670889202,Yes,High Risk,70.3,70.3,1,Month-to-month,Electronic check,Fiber optic,No,No
4707-MAXGU,No,0,0.02038926741407629,No,Low Risk,25.85,0.0,72,Two year,Credit card (automatic),No,No internet service,No internet service
2710-WYVXG,No,0,0.05688070437531669,No,Low Risk,71.1,0.0,3,Two year,Mailed check,DSL,Yes,Yes
3005-NFMTA,Yes,1,0.42841221042129823,No,Medium Risk,98.8,0.0,55,Month-to-month,Electronic check,Fiber optic,No,Yes
6300-BWMJX,No,0,0.2860317447728881,No,Low Risk,93.35,0.0,59,Month-to-month,Electronic check,Fiber optic,Yes,No
8784-CGILN,Yes,1,0.4982428611619827,No,Medium Risk,99.85,0.0,18,Month-to-month,Bank transfer (automatic),Fiber optic,Yes,No
5389-FFVKB,Yes,1,0.4149681575777837,No,Medium Risk,80.3,0.0,32,Month-to-month,Credit card (automatic),Fiber optic,No,No
7009-LGECI,No,0,0.2751664802134926,No,Low Risk,50.55,0.0,4,Month-to-month,Bank transfer (automatic),DSL,No,Yes
8444-WRIDW,Yes,1,0.24383690645107792,No,Low Risk,80.45,0.0,66,Month-to-month,Credit card (automatic),Fiber optic,No,No
5022-KVDQT,No,0,0.47807404753253296,No,Medium Risk,81.3,0.0,27,Month-to-month,Electronic check,Fiber optic,No,No
7976-CICYS,No,0,0.17842673298966455,No,Low Risk,20.7,0.0,4,Month-to-month,Credit card (automatic),No,No internet service,No internet service
1036-GUDCL,No,0,0.08431967881897826,No,Low Risk,79.05,0.0,60,Month-to-month,Credit card (automatic),DSL,Yes,Yes
2005-DWQZJ,No,0,0.03329874233720814,No,Low Risk,19.05,0.0,8,Two year,Mailed check,No,No internet service,No internet service
8148-WOCMK,No,0,0.03329874233720814,No,Low Risk,19.6,0.0,8,Two year,Credit card (automatic),No,No internet service,No internet service
7815-PDTHL,No,0,0.02740674878396731,No,Low Risk,20.2,0.0,35,Two year,Mailed check,No,No internet service,No internet service
9451-LPGOO,Yes,1,0.719216715565453,Yes,High Risk,86.8,86.8,7,Month-to-month,Electronic check,Fiber optic,No,No
9173-IVZVP,No,0,0.022063916656277653,No,Low Risk,20.9,0.0,53,Two year,Mailed check,No,No internet service,No internet service
9129-UXERG,No,0,0.5251923787427195,Yes,Medium Risk,103.6,0.0,18,Month-to-month,Credit card (automatic),Fiber optic,Yes,No
3635-JBPSG,No,0,0.0994450480034958,No,Low Risk,38.8,0.0,15,Two year,Mailed check,DSL,No,No
7964-ZRKKG,No,0,0.10506804964536164,No,Low Risk,88.4,0.0,67,One year,Bank transfer (automatic),Fiber optic,No,No
5868-YWPDW,Yes,1,0.6548599903178072,Yes,High Risk,84.2,84.2,6,Month-to-month,Electronic check,Fiber optic,No,No
6229-LSCKB,No,0,0.6864828674116088,Yes,High Risk,79.7,79.7,6,Month-to-month,Electronic check,Fiber optic,No,No
2025-JKFWI,Yes,1,0.6127172462625404,Yes,High Risk,99.0,99.0,13,Month-to-month,Mailed check,Fiber optic,Yes,No
4078-SAYYN,Yes,1,0.7597457006459517,Yes,High Risk,100.75,100.75,11,Month-to-month,Electronic check,Fiber optic,No,No
1724-IQWNM,No,0,0.34743858065439176,No,Medium Risk,19.3,0.0,1,Month-to-month,Mailed check,No,No internet service,No internet service
8217-QYOHV,No,0,0.20399012415389642,No,Low Risk,55.75,0.0,5,Month-to-month,Mailed check,DSL,Yes,Yes
5546-QUERU,No,0,0.0639292221014039,No,Low Risk,19.95,0.0,13,One year,Mailed check,No,No internet service,No internet service
9940-HPQPG,Yes,1,0.36226061086596295,No,Medium Risk,91.75,0.0,9,Month-to-month,Bank transfer (automatic),Fiber optic,No,Yes
6897-UUBNU,No,0,0.23030358896502398,No,Low Risk,89.65,0.0,29,Month-to-month,Mailed check,Fiber optic,Yes,No
6127-IYJOZ,No,0,0.6523875181789011,Yes,High Risk,45.85,45.85,1,Month-to-month,Mailed check,DSL,No,No
6618-RYATB,Yes,1,0.8070324707329765,Yes,High Risk,79.55,79.55,1,Month-to-month,Mailed check,Fiber optic,No,No
8930-XOTDP,No,0,0.17011952176136802,No,Low Risk,55.95,0.0,18,Month-to-month,Mailed check,DSL,No,No
5916-QEWPT,No,0,0.44029389536031627,No,Medium Risk,69.0,0.0,2,Month-to-month,Credit card (automatic),DSL,No,No
5060-TQUQN,No,0,0.2798167166665628,No,Low Risk,83.55,0.0,30,Month-to-month,Bank transfer (automatic),Fiber optic,Yes,No
0531-XBKMM,No,0,0.02414047524930608,No,Low Risk,65.7,0.0,66,Two year,Bank transfer (automatic),DSL,Yes,Yes
8465-SBRXP,No,0,0.09765479630118998,No,Low Risk,94.9,0.0,38,Two year,Bank transfer (automatic),Fiber optic,Yes,No
2408-PSJVE,No,0,0.10912520724420555,No,Low Risk,61.9,0.0,44,Month-to-month,Mailed check,DSL,Yes,No
9079-YEXQJ,Yes,1,0.4291239502360905,No,Medium Risk,111.1,0.0,54,Month-to-month,Electronic check,Fiber optic,Yes,No
9700-ZCLOT,No,0,0.20101189316519963,No,Low Risk,20.0,0.0,2,Month-to-month,Mailed check,No,No internet service,No internet service
8738-JOKAR,No,0,0.05605739715608095,No,Low Risk,67.7,0.0,42,One year,Mailed check,DSL,Yes,Yes
4534-WGCIR,No,0,0.02402901562222405,No,Low Risk,25.15,0.0,58,Two year,Credit card (automatic),No,No internet service,No internet service
1930-WNXSB,No,0,0.34232908248878546,No,Medium Risk,92.85,0.0,58,Month-to-month,Electronic check,Fiber optic,No,No
2685-SREOM,Yes,1,0.5220007407557988,Yes,Medium Risk,89.1,0.0,25,Month-to-month,Electronic check,Fiber optic,No,No
3508-CFVZL,No,0,0.04368352733544589,No,Low Risk,111.3,0.0,71,Two year,Mailed check,Fiber optic,Yes,Yes
0402-CQAJN,Yes,1,0.47342647981021024,No,Medium Risk,101.9,0.0,37,Month-to-month,Bank transfer (automatic),Fiber optic,No,No
6692-UDPJC,Yes,1,0.5943752597170494,Yes,Medium Risk,91.65,0.0,14,Month-to-month,Electronic check,Fiber optic,Yes,No
1273-MTETI,Yes,1,0.7840299783725095,Yes,High Risk,88.85,88.85,4,Month-to-month,Electronic check,Fiber optic,No,No
0657-DOGUM,No,0,0.056506268182429445,No,Low Risk,60.6,0.0,48,One year,Bank transfer (automatic),DSL,Yes,Yes
5480-HPRRX,Yes,1,0.5524452585305724,Yes,Medium Risk,25.3,0.0,3,Month-to-month,Electronic check,DSL,No,No
8792-AOROI,No,0,0.041371767899694455,No,Low Risk,65.5,0.0,8,Two year,Mailed check,DSL,Yes,Yes
0295-PPHDO,Yes,1,0.8736868667133911,Yes,High Risk,95.45,95.45,1,Month-to-month,Electronic check,Fiber optic,No,No
5146-YYFRZ,No,0,0.020837423718393398,No,Low Risk,19.95,0.0,67,Two year,Bank transfer (automatic),No,No internet service,No internet service
1195-OIYEJ,Yes,1,0.6410735143719378,Yes,High Risk,91.1,91.1,13,Month-to-month,Electronic check,Fiber optic,No,No
5906-CVLHP,Yes,1,0.05405996496561865,No,Low Risk,54.15,0.0,45,One year,Credit card (automatic),DSL,Yes,No
3452-SRFEG,No,0,0.2949788141768891,No,Low Risk,74.6,0.0,49,Month-to-month,Bank transfer (automatic),Fiber optic,No,No
4070-OKWVH,No,0,0.29413136640516196,No,Low Risk,94.6,0.0,52,Month-to-month,Bank transfer (automatic),Fiber optic,No,No
5297-MDOIR,No,0,0.06751588634179018,No,Low Risk,81.15,0.0,63,One year,Credit card (automatic),Fiber optic,No,Yes
6369-MCAKO,No,0,0.029852797919000078,No,Low Risk,89.05,0.0,68,Two year,Bank transfer (automatic),DSL,Yes,Yes
4926-UMJZD,No,0,0.131634839505392,No,Low Risk,49.2,0.0,31,Month-to-month,Mailed check,DSL,Yes,No
6848-HJTXY,No,0,0.020837423718393398,No,Low Risk,19.45,0.0,64,Two year,Credit card (automatic),No,No internet service,No internet service
6341-AEVKX,No,0,0.17135416249565982,No,Low Risk,104.3,0.0,62,One year,Electronic check,Fiber optic,Yes,Yes
4501-EQDRN,Yes,1,0.7024547306130401,Yes,High Risk,69.7,69.7,1,Month-to-month,Bank transfer (automatic),Fiber optic,No,No
2990-HWIML,Yes,1,0.7032257605136801,Yes,High Risk,89.5,89.5,6,Month-to-month,Electronic check,Fiber optic,No,No
0682-USIXD,No,0,0.43600086198550764,No,Medium Risk,86.05,0.0,21,Month-to-month,Electronic check,Fiber optic,Yes,No
6976-BWGLQ,No,0,0.020274978401497466,No,Low Risk,25.2,0.0,72,Two year,Bank transfer (automatic),No,No internet service,No internet service
7078-NVFAM,No,0,0.1912081337248355,No,Low Risk,35.15,0.0,32,Month-to-month,Electronic check,DSL,No,Yes
8065-QBYTO,No,0,0.09505925330324946,No,Low Risk,99.65,0.0,71,One year,Credit card (automatic),Fiber optic,Yes,Yes
2133-TSRRM,No,0,0.3414502956576358,No,Medium Risk,105.35,0.0,34,Month-to-month,Bank transfer (automatic),Fiber optic,No,Yes
7384-GHBPI,Yes,1,0.6386006393321203,Yes,High Risk,35.15,35.15,3,Month-to-month,Electronic check,DSL,No,No
7603-USHJS,Yes,1,0.5111593759199469,Yes,Medium Risk,73.75,0.0,12,Month-to-month,Credit card (automatic),Fiber optic,No,No
7234-FECYN,Yes,1,0.7393168104866037,Yes,High Risk,101.35,101.35,8,Month-to-month,Electronic check,Fiber optic,No,No
2511-ALLCS,No,0,0.025140281571952163,No,Low Risk,24.3,0.0,35,Two year,Bank transfer (automatic),No,No internet service,No internet service
3191-CSNMG,No,0,0.6919552707227697,Yes,High Risk,80.7,80.7,3,Month-to-month,Electronic check,Fiber optic,No,No
7952-OBOYL,No,0,0.5904596954399565,Yes,Medium Risk,89.85,0.0,3,Month-to-month,Mailed check,Fiber optic,Yes,No
7470-DYNOE,No,0,0.1248716999153425,No,Low Risk,61.1,0.0,53,One year,Electronic check,DSL,No,No
7853-OETYL,No,0,0.3771400304051645,No,Medium Risk,29.05,0.0,4,Month-to-month,Electronic check,DSL,No,Yes
1545-ACTAS,No,0,0.1542467794043433,No,Low Risk,99.7,0.0,48,One year,Bank transfer (automatic),Fiber optic,No,Yes
5876-HZVZM,Yes,1,0.1451827240253494,No,Low Risk,55.9,0.0,6,Month-to-month,Credit card (automatic),DSL,No,Yes
1400-MMYXY,Yes,1,0.8207136338190685,Yes,High Risk,105.9,105.9,3,Month-to-month,Electronic check,Fiber optic,No,No
5126-RCXYW,No,0,0.042935437520968116,No,Low Risk,46.0,0.0,54,Two year,Credit card (automatic),DSL,Yes,No
3085-QUOZK,Yes,1,0.512196654971884,Yes,Medium Risk,43.95,0.0,1,Month-to-month,Mailed check,DSL,No,No
2363-BJLSL,No,0,0.12191500084044983,No,Low Risk,80.4,0.0,62,Month-to-month,Bank transfer (automatic),DSL,Yes,No
1956-YIFGE,No,0,0.26872172990736337,No,Low Risk,100.05,0.0,22,One year,Mailed check,Fiber optic,No,No
3926-CUQZX,Yes,1,0.5919531673413575,Yes,Medium Risk,45.1,0.0,1,Month-to-month,Bank transfer (automatic),DSL,No,No
7921-LMDFQ,No,0,0.18233732512787687,No,Low Risk,94.0,0.0,51,One year,Bank transfer (automatic),Fiber optic,No,No
2925-MXLSX,No,0,0.10596866513497713,No,Low Risk,68.95,0.0,30,One year,Credit card (automatic),DSL,No,No
5820-PTRYM,No,0,0.058011252547839266,No,Low Risk,68.45,0.0,56,One year,Credit card (automatic),DSL,Yes,Yes
9609-BENEA,No,0,0.12055564413979486,No,Low Risk,69.0,0.0,35,One year,Electronic check,DSL,Yes,No
6211-WHMYA,No,0,0.18044135999136054,No,Low Risk,43.85,0.0,64,Month-to-month,Electronic check,DSL,Yes,No
4459-BBGHE,No,0,0.33154668193829134,No,Medium Risk,44.5,0.0,30,Month-to-month,Electronic check,DSL,No,No
9945-PSVIP,No,0,0.029156007519566488,No,Low Risk,18.7,0.0,25,Two year,Mailed check,No,No internet service,No internet service
1041-RXHRA,Yes,1,0.2607388021079494,No,Low Risk,70.25,0.0,41,Month-to-month,Bank transfer (automatic),Fiber optic,No,No
1750-CSKKM,Yes,1,0.3120478341155575,No,Medium Risk,55.35,0.0,9,Month-to-month,Electronic check,DSL,No,No
9108-EJFJP,No,0,0.48278390376363745,No,Medium Risk,53.55,0.0,1,Month-to-month,Mailed check,DSL,No,Yes
0530-IJVDB,No,0,0.07445981474812408,No,Low Risk,114.6,0.0,70,Two year,Electronic check,Fiber optic,Yes,Yes
0508-SQWPL,No,0,0.022942228916719116,No,Low Risk,20.1,0.0,57,Two year,Bank transfer (automatic),No,No internet service,No internet service
2215-ZAFGX,No,0,0.7072832845396814,Yes,High Risk,85.5,85.5,9,Month-to-month,Electronic check,Fiber optic,No,No
8213-TAZPM,No,0,0.16143710617378126,No,Low Risk,108.75,0.0,69,One year,Bank transfer (automatic),Fiber optic,Yes,No
7142-HVGBG,Yes,1,0.598773367092027,Yes,Medium Risk,103.0,0.0,43,Month-to-month,Electronic check,Fiber optic,No,No
1304-SEGFY,No,0,0.14128290473482544,No,Low Risk,97.85,0.0,72,Two year,Electronic check,Fiber optic,No,No
7242-EDTYC,No,0,0.022063916656277653,No,Low Risk,19.55,0.0,44,Two year,Bank transfer (automatic),No,No internet service,No internet service
2904-GGUAZ,No,0,0.03912854056083132,No,Low Risk,84.05,0.0,72,Two year,Bank transfer (automatic),Fiber optic,No,Yes
8267-ZNYVZ,Yes,1,0.23007578417254368,No,Low Risk,103.75,0.0,33,One year,Electronic check,Fiber optic,Yes,Yes
5136-GFPMB,No,0,0.29410658927022804,No,Low Risk,89.4,0.0,54,Month-to-month,Credit card (automatic),Fiber optic,No,No
2595-KIWPV,No,0,0.022063916656277653,No,Low Risk,19.7,0.0,27,Two year,Credit card (automatic),No,No internet service,No internet service
5243-SAOTC,No,0,0.274910923588587,No,Low Risk,79.85,0.0,54,Month-to-month,Bank transfer (automatic),Fiber optic,No,No
9398-MMQTO,No,0,0.4970223602067882,No,Medium Risk,74.45,0.0,3,Month-to-month,Credit card (automatic),Fiber optic,No,No
7619-PLRLP,No,0,0.06943413786450434,No,Low Risk,74.1,0.0,53,One year,Bank transfer (automatic),DSL,No,Yes
6457-GIRWB,Yes,1,0.804979670889202,Yes,High Risk,69.35,69.35,1,Month-to-month,Electronic check,Fiber optic,No,No
6508-NJYRO,No,0,0.05212881019529155,No,Low Risk,18.8,0.0,15,One year,Mailed check,No,No internet service,No internet service
1450-SKCVI,Yes,1,0.28973198683851675,No,Low Risk,73.85,0.0,56,Month-to-month,Electronic check,Fiber optic,No,No
4710-NKCAW,No,0,0.16969893796699545,No,Low Risk,64.4,0.0,5,Month-to-month,Credit card (automatic),DSL,Yes,Yes
5306-BVTKJ,No,0,0.07078012008036617,No,Low Risk,55.8,0.0,48,One year,Credit card (automatic),DSL,No,No
0357-NVCRI,No,0,0.0735202671782299,No,Low Risk,20.05,0.0,25,Month-to-month,Credit card (automatic),No,No internet service,No internet service
5570-PTWEH,Yes,1,0.6617457823283381,Yes,High Risk,75.15,75.15,3,Month-to-month,Credit card (automatic),Fiber optic,No,No
2371-KFUOG,No,0,0.12971267761542393,No,Low Risk,99.15,0.0,58,One year,Bank transfer (automatic),Fiber optic,No,Yes
0463-ZSDNT,No,0,0.31838646560416906,No,Medium Risk,56.75,0.0,10,Month-to-month,Bank transfer (automatic),DSL,No,No
6502-MJQAE,Yes,1,0.804979670889202,Yes,High Risk,69.6,69.6,1,Month-to-month,Electronic check,Fiber optic,No,No
6257-DTAYD,No,0,0.08035513592899396,No,Low Risk,104.15,0.0,71,Two year,Credit card (automatic),Fiber optic,Yes,No
4616-ULAOA,No,0,0.09132749784990922,No,Low Risk,110.8,0.0,65,Two year,Credit card (automatic),Fiber optic,Yes,No
7693-LCKZL,Yes,1,0.6878623815434106,Yes,High Risk,80.15,80.15,5,Month-to-month,Electronic check,Fiber optic,No,No
7746-AWNQW,No,0,0.16290515761374574,No,Low Risk,35.75,0.0,28,Month-to-month,Mailed check,DSL,Yes,No
5996-EBTKM,No,0,0.03962304857513751,No,Low Risk,69.9,0.0,67,Two year,Bank transfer (automatic),DSL,Yes,No
2758-RNWXS,No,0,0.13406715682541734,No,Low Risk,89.2,0.0,35,One year,Electronic check,Fiber optic,Yes,Yes
2314-TNDJQ,No,0,0.02296163667102897,No,Low Risk,55.65,0.0,72,Two year,Credit card (automatic),DSL,Yes,Yes
2405-LBMUW,No,0,0.05019657627036449,No,Low Risk,50.7,0.0,61,One year,Bank transfer (automatic),DSL,Yes,Yes
3454-JFUBC,No,0,0.02431129779061629,No,Low Risk,20.0,0.0,68,Two year,Credit card (automatic),No,No internet service,No internet service
0032-PGELS,Yes,1,0.44577111170381734,No,Medium Risk,30.5,0.0,1,Month-to-month,Bank transfer (automatic),DSL,No,Yes
9039-ZVJDC,No,0,0.203258499557407,No,Low Risk,19.1,0.0,3,Month-to-month,Mailed check,No,No internet service,No internet service
6797-LNAQX,Yes,1,0.09409851089780029,No,Low Risk,98.3,0.0,70,Two year,Bank transfer (automatic),Fiber optic,No,No
9013-AQORL,No,0,0.16884382406276718,No,Low Risk,45.55,0.0,48,Month-to-month,Credit card (automatic),DSL,No,No
2898-MRKPI,No,0,0.17800489679295609,No,Low Risk,101.05,0.0,68,One year,Credit card (automatic),Fiber optic,No,No
2750-BJLSB,No,0,0.19864947746468192,No,Low Risk,103.7,0.0,47,One year,Electronic check,Fiber optic,Yes,Yes
3648-GZPHF,No,0,0.07970968268463259,No,Low Risk,36.25,0.0,32,One year,Mailed check,DSL,Yes,No
2075-RMJIK,No,0,0.26913270279599266,No,Low Risk,49.4,0.0,5,Month-to-month,Mailed check,DSL,No,Yes
9588-YRFHY,No,0,0.024218918134780353,No,Low Risk,19.9,0.0,49,Two year,Credit card (automatic),No,No internet service,No internet service
6394-MFYNG,Yes,1,0.42720409380217256,No,Medium Risk,107.4,0.0,48,Month-to-month,Bank transfer (automatic),Fiber optic,No,No
1564-NTYXF,Yes,1,0.6924857922018562,Yes,High Risk,82.0,82.0,13,Month-to-month,Electronic check,Fiber optic,No,No
9364-YKUVW,No,0,0.11649453393091763,No,Low Risk,19.8,0.0,15,Month-to-month,Mailed check,No,No internet service,No internet service
5392-AKEMH,No,0,0.3366844815749939,No,Medium Risk,45.05,0.0,12,Month-to-month,Electronic check,DSL,No,No
2451-YMUXS,No,0,0.027685940045517044,No,Low Risk,64.55,0.0,67,Two year,Bank transfer (automatic),DSL,Yes,Yes
3914-FDRHP,No,0,0.4797445416204338,No,Medium Risk,86.25,0.0,9,Month-to-month,Electronic check,Fiber optic,Yes,No
3078-ZKNTS,No,0,0.03751754865018094,No,Low Risk,19.75,0.0,13,Two year,Bank transfer (automatic),No,No internet service,No internet service
1024-KPRBB,No,0,0.1531227484209665,No,Low Risk,89.1,0.0,38,One year,Mailed check,Fiber optic,No,No
4690-PKDQG,No,0,0.5087767542805162,Yes,Medium Risk,95.55,0.0,42,Month-to-month,Electronic check,Fiber optic,No,No
8155-IBNHG,Yes,1,0.38742609423861746,No,Medium Risk,75.4,0.0,24,Month-to-month,Credit card (automatic),Fiber optic,No,No
0886-QGENL,Yes,1,0.502656498921879,Yes,Medium Risk,101.25,0.0,27,Month-to-month,Electronic check,Fiber optic,No,Yes
9547-ITEFG,No,0,0.6891830958445039,Yes,High Risk,102.6,102.6,9,Month-to-month,Credit card (automatic),Fiber optic,No,No
1264-FUHCX,No,0,0.08743221068019837,No,Low Risk,56.3,0.0,49,One year,Credit card (automatic),DSL,Yes,No
7789-CRUVC,No,0,0.15759814874639375,No,Low Risk,94.2,0.0,61,Month-to-month,Credit card (automatic),Fiber optic,Yes,Yes
6598-KELSS,No,0,0.07654215068318311,No,Low Risk,43.05,0.0,50,One year,Bank transfer (automatic),DSL,No,Yes
8739-WWKDU,Yes,1,0.5339997205843362,Yes,Medium Risk,89.5,0.0,25,Month-to-month,Electronic check,Fiber optic,No,No
8685-WHQPW,Yes,1,0.44764627868009893,No,Medium Risk,74.4,0.0,22,Month-to-month,Bank transfer (automatic),Fiber optic,No,No
4745-LSPLO,Yes,1,0.29872100466145696,No,Low Risk,20.5,0.0,1,Month-to-month,Mailed check,No,No internet service,No internet service
8083-YTZES,Yes,1,0.7119176124462673,Yes,High Risk,74.35,74.35,4,Month-to-month,Electronic check,Fiber optic,No,No
7240-FQLHE,Yes,1,0.4791724961210514,No,Medium Risk,99.75,0.0,18,Month-to-month,Bank transfer (automatic),Fiber optic,Yes,No
6664-FPDAC,Yes,1,0.26818393635663607,No,Low Risk,111.95,0.0,56,One year,Electronic check,Fiber optic,Yes,No
9972-VAFJJ,No,0,0.15667269603124384,No,Low Risk,94.0,0.0,53,One year,Electronic check,Fiber optic,Yes,No
0422-UXFAP,No,0,0.29936856685626384,No,Low Risk,98.85,0.0,51,One year,Electronic check,Fiber optic,No,No
1904-WAJAA,No,0,0.054483978806122185,No,Low Risk,64.35,0.0,24,Two year,Electronic check,DSL,No,Yes
5130-YPIRV,No,0,0.034993922676277475,No,Low Risk,72.0,0.0,62,Two year,Credit card (automatic),DSL,No,Yes
2843-CQMEG,No,0,0.17348609615142901,No,Low Risk,49.7,0.0,24,Month-to-month,Mailed check,DSL,No,No
6439-PKTRR,No,0,0.0379049186455608,No,Low Risk,80.7,0.0,70,Two year,Electronic check,DSL,Yes,Yes
5351-QESIO,No,0,0.5352884158577657,Yes,Medium Risk,24.2,0.0,1,Month-to-month,Mailed check,DSL,No,No
0786-VSSUD,Yes,1,0.3278500509138955,No,Medium Risk,39.0,0.0,16,Month-to-month,Mailed check,DSL,No,No
5568-DMXZS,No,0,0.26941218578373777,No,Low Risk,65.45,0.0,8,Month-to-month,Electronic check,DSL,Yes,No
8468-FZTOE,No,0,0.030034739726867776,No,Low Risk,74.35,0.0,72,Two year,Electronic check,DSL,Yes,Yes
6633-SYEUS,No,0,0.21364548413453505,No,Low Risk,83.2,0.0,23,Month-to-month,Bank transfer (automatic),Fiber optic,Yes,No
6447-GORXK,No,0,0.16289636494114515,No,Low Risk,25.0,0.0,31,Month-to-month,Credit card (automatic),DSL,No,No
6967-PEJLL,No,0,0.08803498995317487,No,Low Risk,40.2,0.0,37,One year,Electronic check,DSL,Yes,Yes
3976-BWUCK,Yes,1,0.3386654243399771,No,Medium Risk,94.1,0.0,30,Month-to-month,Credit card (automatic),Fiber optic,Yes,No
5981-ZVXOT,No,0,0.3228064511549841,No,Medium Risk,108.35,0.0,35,One year,Electronic check,Fiber optic,No,Yes
1684-FLBGS,No,0,0.16743358295736782,No,Low Risk,69.5,0.0,23,Month-to-month,Credit card (automatic),DSL,Yes,No
1389-WNUIB,No,0,0.09507610654520203,No,Low Risk,76.0,0.0,20,One year,Bank transfer (automatic),DSL,No,Yes
0376-OIWME,No,0,0.3515834599024359,No,Medium Risk,93.6,0.0,36,Month-to-month,Electronic check,Fiber optic,No,Yes
3585-ISXZP,Yes,1,0.6002507167270221,Yes,High Risk,95.65,95.65,8,Month-to-month,Bank transfer (automatic),Fiber optic,No,No
0218-QNVAS,No,0,0.1472007195943757,No,Low Risk,100.55,0.0,71,One year,Bank transfer (automatic),Fiber optic,No,No
6583-QGCSI,Yes,1,0.4250753091700309,No,Medium Risk,88.05,0.0,50,Month-to-month,Electronic check,Fiber optic,No,No
0804-YGEQV,No,0,0.052276734938770546,No,Low Risk,24.45,0.0,43,One year,Bank transfer (automatic),No,No internet service,No internet service
7164-BPTUT,No,0,0.031110089914542824,No,Low Risk,89.55,0.0,57,Two year,Mailed check,DSL,Yes,Yes
4174-LPGTI,Yes,1,0.07053529008540704,No,Low Risk,66.5,0.0,41,One year,Bank transfer (automatic),DSL,Yes,No
2523-EWWZL,No,0,0.3764786133306358,No,Medium Risk,76.1,0.0,27,Month-to-month,Electronic check,Fiber optic,No,No
0928-XUTSN,No,0,0.5963095842070705,Yes,Medium Risk,80.5,0.0,13,Month-to-month,Electronic check,Fiber optic,No,No
2108-XWMPY,Yes,1,0.35956640915706,No,Medium Risk,35.45,0.0,3,Month-to-month,Mailed check,DSL,No,Yes
0052-YNYOT,No,0,0.046327568238368436,No,Low Risk,20.55,0.0,67,One year,Electronic check,No,No internet service,No internet service
6304-IJFSQ,Yes,1,0.41040742518801443,No,Medium Risk,49.9,0.0,3,Month-to-month,Mailed check,DSL,No,No
9586-JGQKH,No,0,0.09388707619571746,No,Low Risk,105.4,0.0,64,Two year,Bank transfer (automatic),Fiber optic,Yes,No
4501-VCPFK,No,0,0.17570697315302927,No,Low Risk,35.75,0.0,26,Month-to-month,Electronic check,DSL,Yes,No
6075-SLNIL,No,0,0.365147720215255,No,Medium Risk,95.1,0.0,38,Month-to-month,Credit card (automatic),Fiber optic,No,No
9347-AERRL,No,0,0.04064838288920519,No,Low Risk,19.3,0.0,23,One year,Credit card (automatic),No,No internet service,No internet service
0093-XWZFY,Yes,1,0.47342647981021024,No,Medium Risk,104.5,0.0,40,Month-to-month,Credit card (automatic),Fiber optic,No,No
2274-XUATA,No,0,0.0284829901265832,No,Low Risk,63.1,0.0,72,Two year,Bank transfer (automatic),DSL,Yes,Yes
1980-KXVPM,Yes,1,0.7032863842021835,Yes,High Risk,75.05,75.05,3,Month-to-month,Credit card (automatic),Fiber optic,No,No
7703-ZEKEF,Yes,1,0.4983057819355783,No,Medium Risk,81.0,0.0,23,Month-to-month,Electronic check,Fiber optic,No,No
0723-DRCLG,Yes,1,0.8469943135896922,Yes,High Risk,74.45,74.45,1,Month-to-month,Electronic check,Fiber optic,No,No
5482-NUPNA,Yes,1,0.17887692207645708,No,Low Risk,60.4,0.0,4,Month-to-month,Mailed check,DSL,Yes,Yes
6691-CCIHA,No,0,0.04538773506956146,No,Low Risk,84.95,0.0,62,Two year,Electronic check,DSL,Yes,Yes
1685-BQULA,No,0,0.34481775146243526,No,Medium Risk,93.4,0.0,40,Month-to-month,Bank transfer (automatic),Fiber optic,No,No
9053-EJUNL,No,0,0.44096338299907695,No,Medium Risk,89.2,0.0,41,Month-to-month,Electronic check,Fiber optic,No,No
0666-UXTJO,No,0,0.40719193212341614,No,Medium Risk,85.2,0.0,34,Month-to-month,Credit card (automatic),Fiber optic,No,No
1471-GIQKQ,No,0,0.5016978651602549,Yes,Medium Risk,49.95,0.0,1,Month-to-month,Electronic check,DSL,No,No
4807-IZYOZ,No,0,0.022188061443804846,No,Low Risk,20.65,0.0,51,Two year,Bank transfer (automatic),No,No internet service,No internet service
1122-JWTJW,Yes,1,0.7598399460578013,Yes,High Risk,70.65,70.65,1,Month-to-month,Mailed check,Fiber optic,No,No
9710-NJERN,No,0,0.022188061443804846,No,Low Risk,20.15,0.0,39,Two year,Mailed check,No,No internet service,No internet service
9837-FWLCH,No,0,0.15869469394024052,No,Low Risk,19.2,0.0,12,Month-to-month,Electronic check,No,No internet service,No internet service
1699-HPSBG,Yes,1,0.16082385807064614,No,Low Risk,59.8,0.0,12,One year,Electronic check,DSL,Yes,No
7203-OYKCT,No,0,0.2349114514430529,No,Low Risk,104.95,0.0,72,One year,Electronic check,Fiber optic,No,No
1035-IPQPU,No,0,0.4485141428710381,No,Medium Risk,103.5,0.0,63,Month-to-month,Electronic check,Fiber optic,No,No
7398-LXGYX,No,0,0.2262209717428564,No,Low Risk,84.8,0.0,44,Month-to-month,Credit card (automatic),Fiber optic,No,Yes
2823-LKABH,No,0,0.3796769266156628,No,Medium Risk,95.05,0.0,18,Month-to-month,Bank transfer (automatic),Fiber optic,Yes,No
8775-CEBBJ,Yes,1,0.2978699273522017,No,Low Risk,44.2,0.0,9,Month-to-month,Bank transfer (automatic),DSL,No,No
0550-DCXLH,No,0,0.16722616340685026,No,Low Risk,73.35,0.0,13,Month-to-month,Mailed check,DSL,Yes,No
9281-CEDRU,No,0,0.03221166134741492,No,Low Risk,64.1,0.0,68,Two year,Bank transfer (automatic),DSL,Yes,No
2235-DWLJU,No,0,0.543969120361094,Yes,Medium Risk,44.4,0.0,6,Month-to-month,Electronic check,DSL,No,No
0871-OPBXW,No,0,0.22124700963647537,No,Low Risk,20.05,0.0,2,Month-to-month,Mailed check,No,No internet service,No internet service
3605-JISKB,No,0,0.07144628228305129,No,Low Risk,60.0,0.0,55,One year,Credit card (automatic),DSL,No,Yes
6894-LFHLY,Yes,1,0.8531142061786092,Yes,High Risk,75.75,75.75,1,Month-to-month,Electronic check,Fiber optic,No,No
9767-FFLEM,No,0,0.32274630108174857,No,Medium Risk,69.5,0.0,38,Month-to-month,Credit card (automatic),Fiber optic,No,No
0639-TSIQW,Yes,1,0.2691137635618351,No,Low Risk,102.95,0.0,67,Month-to-month,Credit card (automatic),Fiber optic,No,Yes
8456-QDAVC,No,0,0.37781200143335836,No,Medium Risk,78.7,0.0,19,Month-to-month,Bank transfer (automatic),Fiber optic,No,No
7750-EYXWZ,No,0,0.14567053828477294,No,Low Risk,60.65,0.0,12,One year,Electronic check,DSL,Yes,No
2569-WGERO,No,0,0.019071348129531648,No,Low Risk,21.15,0.0,72,Two year,Bank transfer (automatic),No,No internet service,No internet service
6840-RESVB,No,0,0.08911512673314577,No,Low Risk,84.8,0.0,24,One year,Mailed check,DSL,Yes,Yes
2234-XADUH,No,0,0.1657726292433842,No,Low Risk,103.2,0.0,72,One year,Credit card (automatic),Fiber optic,No,No
4801-JZAZL,No,0,0.28550397913173325,No,Low Risk,29.6,0.0,11,Month-to-month,Electronic check,DSL,No,Yes
8361-LTMKD,Yes,1,0.7032863842021835,Yes,High Risk,74.4,74.4,4,Month-to-month,Mailed check,Fiber optic,No,No
3186-AJIEK,No,0,0.06937856404149398,No,Low Risk,105.65,0.0,66,Two year,Bank transfer (automatic),Fiber optic,Yes,Yes
